release_id,case_id,observed
baseline,00a2e95e11f3baf8b0521bd61a0520d03507084546c8a97f5d0cdadbf9ca74a4,Refund_not_showing_up
baseline,00dbf995008e7fa3c4d241a3ac80829b4bda2e45e8e502a4f02f845a399f0f97,Refund_not_showing_up
baseline,012a1def7eab2536b129b19ece84972f5551a29aac725ca8c73bab0512afdc2a,Refund_not_showing_up
baseline,0253f8cda071a0b166586de3478c0762a6dacd7e917172af4f8a258ab920cd57,Refund_not_showing_up
baseline,04232eb16c22c381014d970ac0ea873ece1d89d0eaf6fa67bafa6fe715df9f6f,Refund_not_showing_up
baseline,042bcff59bde14e249f30ac475ccf9093b6c33e5258d087433b97e508ae7478e,Refund_not_showing_up
baseline,04c384d38ec23cfcef041d0511215d6f49fed84a0ccce62f24dfdff36c6db87d,transfer_timing
baseline,07001da72bb3851899f6d32d430e035a127c8519f2127b67852a40aeeb9995fa,Refund_not_showing_up
baseline,07bd1ee2a2cca02356ddc28dfc856a16feaba9f7bae89edd9579a713e5aecca9,Refund_not_showing_up
baseline,0959165500f4d760f102a4cbfc997135d567d34e6f2189ed26e04d529ba37684,Refund_not_showing_up
baseline,098532b789d1ad313ba0efa2b9d6e24405fa46010b352bfe720b02116ed903d0,Refund_not_showing_up
baseline,0ac5f12c57f32e65e37141d78d48f6348a482e8d2361ae678326015c0b146619,Refund_not_showing_up
baseline,0b1cbc8311cc20f3b12860ed232eea8ae3f926a2edb4ee27c3a3f32e0617d941,extra_charge_on_statement
baseline,0ccd8719a50932bea3b4b50dc3b8e8be1208d34e640c1335d72e69ecce3e3842,Refund_not_showing_up
baseline,0e218b9c9fcfed75ca9400f4785382858d186957ddb5fdbefbc647e59875a116,Refund_not_showing_up
baseline,10217aa3700b333848fcc687dae8dda4796656b19f162b9ffd88fa539c3d28ab,Refund_not_showing_up
baseline,10e049aa0c03b6393fba48cdc18145a9b83fc96ca9cfcb3fc12671a31e3860c6,Refund_not_showing_up
baseline,10fd313536d4e8dd77f5bde9707beff3f8f9731bc7dceca3ba6545d00623f548,Refund_not_showing_up
baseline,114e3ff633e401891622c9e6b75358238f70a75aec027b6691d03a9a0018b7e0,Refund_not_showing_up
baseline,13686dd3625f9bb7d8a84fffc1d21deb8db8ce7c3bb3a852181b4fb0c5aedb28,Refund_not_showing_up
baseline,1599cb9bb7248f97017751513ad5d0982ac24baf47454f3c875d641b1cd234a5,Refund_not_showing_up
baseline,1713fad90e23f1f9e7547ebaeae09a3b5adec9830544a72be42aa25939147761,Refund_not_showing_up
baseline,171f9735f42e7167dfe0288a6d4e94bb4e8ab877ca31204119d7b5603cdbb0b8,Refund_not_showing_up
baseline,1bcfebf1e8bede498a43a52f454d55ef30c0a8e91826da04280d4ef06f5f8c7b,Refund_not_showing_up
baseline,1c5fb1a614ae2894cb2bb081c8d0e344cb8d8a612618ed5a514c81ac968628a9,Refund_not_showing_up
baseline,1ec0bdb40a63d70f1c4091f1f9501f5b36d8c170682c68127db232e963567c30,Refund_not_showing_up
baseline,222d6dc3a166a011666dc43c0ee00b6c285500ecab7cbd7a0f06338c970bde3a,Refund_not_showing_up
baseline,2306927110f4a60e3198dcc7fda5506e7d1576ec1aa145292c91206eb28d5c1d,Refund_not_showing_up
baseline,230db189397b800b779156980d9199d61b1d37ce092a3779f944b8d2b4dc48eb,Refund_not_showing_up
baseline,23f7890e8523ad1f976155cae93809a7de8187be3b718b573611aa1a96655cee,Refund_not_showing_up
baseline,23fccf3a26f0022c6d47674b9a8b4bdb6021330b05a1f5ff7570ce00915e56b3,Refund_not_showing_up
baseline,246c516c3c3099092e6f8341240cef45177e0c7d5aa4500ba37e8a4f656404bd,Refund_not_showing_up
baseline,0734bbec2de638a126f4e4d61480b2424193c5740a3c1bb28e113bda66cee353,activate_my_card
baseline,07b034c93f7179df8ac93296065b373c2eed044183fa4a7b952b729bc958139b,card_arrival
baseline,0973ef336de875d07233b9a435db2c5c01e108172214f4a68103be8c136dba67,activate_my_card
baseline,0a3a9bfc930b5b8c2d88d805e12246ceb42718f8071cd4d2ea71a2676f9638b3,activate_my_card
baseline,0b6324054c9eb5809fa0640d52e5f6818831fe9d3f8a9db5035363e1c0797d96,activate_my_card
baseline,0badb866d4ad52b53e1feb05b615634d4d415b7315dd4a70c44d80d1efce5140,activate_my_card
baseline,0deda3cfaec320d9c13ec4ce65a01f43e31ca2c1f0da4d0a057965e651ca104d,activate_my_card
baseline,0eb58130e7fa00222db033c8f5efc9588cd87af0e17720a76935b86abebf15aa,activate_my_card
baseline,0ecc6e4e5248e40b473c1ee395aaeac54306203ee0bf19f37b0ba3ccfea142c6,activate_my_card
baseline,10de621dd39d1f68a85cf244b3e02b3457c6f8bbaf67621d10f7bffbc3ff5012,activate_my_card
baseline,11c3cbd1071b9b525f6112d39c87d7070880a08ae36190581bd0463f9d372cd7,activate_my_card
baseline,13a10419f6ee3e77023c8510b2bebe044b6f19acb2ed8b7755503f93ee8884c8,activate_my_card
baseline,16735ea94665e25a9b2f5a800f7b22f6b3979cd7032f09884e6967d1516de372,activate_my_card
baseline,16a6aed88ff2e35f08b645a35f991fe931c57550323d5a7a94d84f6c0cee5430,activate_my_card
baseline,1cce6381f3781e27a4d4798a395cd5b1b48d5a259c3a31d766b9399cd38ef702,activate_my_card
baseline,1d4be43b21e6a3b2e1b26986a00c1ec0f642cfc3b48dd52422d190ab7fb39b0c,activate_my_card
baseline,1d650c8090cd8b32a3a15d12261c8c4838a2d013835a869ce92e30527903f3be,activate_my_card
baseline,1ecd03e191c5b8bc093b80d4bac62c10625802f6a2a97505953b58e23b262fe6,activate_my_card
baseline,2139d4c62500be0b108921498831bf5b12a14a43108fbc44a50a6d3a38259517,activate_my_card
baseline,2208c71b9a742f71db71b687292b304381817fb8fe5faa9fd06f22cbecd623b4,activate_my_card
baseline,238c8e8d299c251618e93b408960f219e08cd8eac11972999d8869c4829a1a49,activate_my_card
baseline,28b7cbd0275e3bff55f6e27a495be16d73543c5d88e549f01e9500677ae3ebbd,activate_my_card
baseline,292c15ef6e925777cd5821077bb839f9f7c10208aa8f188c531c4a14d3305a67,activate_my_card
baseline,2d0631bd9d515f9d9f01d2325a5525f97ffe7c7a88b6180a35a4f9ec3a0d281b,card_arrival
baseline,2d179fbfff05044d033b0bc157ef59f59a5e2bf053465313a769acf4d0259392,activate_my_card
baseline,2d96619e96a602f23f96648b478d79571634b277db8d1d4f1fec320140354255,activate_my_card
baseline,2f5309df0521e110cebf9b1af2d66c07cd9c047f3662a44d7d3e9339c4140c04,activate_my_card
baseline,3100d51c485c2974c69cce3a882409798fbbee7c373f0224b58a3b0945779bbe,activate_my_card
baseline,31f556528566e092f53992f93abac113cac55c9e5ba04dca26eabd134f4bc1a6,activate_my_card
baseline,339f542238c8f3c0fd1b0bada0444314f179fd465349ee842082aec20422fd0f,activate_my_card
baseline,353a89ecfd40689f2600b0b17a03a25830201ca1a005055c10becf24792dee04,activate_my_card
baseline,0320f334a31f41520de6eabc46ad957f489cae40c9ed68d8daa17c695953ac1b,getting_spare_card
baseline,0849f3523cb56b1e3767cea61e734f225cff4d0d6fcad74084ebddaa2fe215e8,age_limit
baseline,085f7199895e1125cbec4c9766a974fc0e53c9488363edf8e3ffc1271b7b7133,age_limit
baseline,08db44e11ac9e0277874eaac2453c017b067b725e9b1350ac5e59ef16e0256aa,age_limit
baseline,0a437b4b016113b00f9b3c8a0c7ea20c18fcf5d45bff39616bd6f9ab18b77887,age_limit
baseline,0b3130cffae639c1ba6dd5e69540431cb1ce79eb64a3abd4cf6c60413c6d67ad,age_limit
baseline,0bc49769981d344ef76397fbcf2af4f80098c579df60c4873a49eec9423cb3cf,age_limit
baseline,0d433970485f82ab56084b89a13d0e8903ec712d87ba73d6e8f953494d42a262,age_limit
baseline,0ede1c7fba5ca07a3ae36cf1b7dc68c603cf1dde8a0336a2b2d205680013ec0a,age_limit
baseline,18d3893d7f06b78c34e69138257afa8f5410253497db18a1985380bf0e25d047,age_limit
baseline,19684adab578c8cb3e0ccdd42e2c76436f3e90590a77e6c654914a57a65ed59e,age_limit
baseline,1b3c870cf74a90b751b32cf0b030e524a65c8d021e5fa835e5365b5f4e9f620a,age_limit
baseline,1b89fcd84fbf6faacd982bc0c3de9c019ebc68d23905ea1aec36dcccbf9d505d,age_limit
baseline,1ce35fa17ffe41ebeda71b2513996e4dc26abdaaa7733ff2e3cbe2410373b0d9,age_limit
baseline,1d270f7efb8fc1b0d0f59d50a25857144877f7646280c404668776f3008f3478,age_limit
baseline,1f1a8da706b0d11d97abfcb59ff6b3cb775bd8872c69f9029e4d559be7f18d88,age_limit
baseline,21894a36590638323401e61bc7a81b505268a3077325efd94d0973e231c232ac,age_limit
baseline,219ca051770cd85ce8fb73ac26d4f061db511b79f09bd30d9029febd0b21a28b,age_limit
baseline,24452fcca1dd307e3e371155936f3662946ab062c755a35952d2ab582691d75b,age_limit
baseline,24608396e4652cfd998741046d3bcb5216fa088fa1d058f3006ec9925b938fd5,age_limit
baseline,31f8d913bc279084a6496649fbefe1aa52e2bee245b1551fba7aa047d6bc4332,age_limit
baseline,372207c06a19ea0abc5346554a79e5da231419b92f4e5e7466999a80189cae19,age_limit
baseline,0196269bdb63a08ba539681bc89a25a402c5679d4333f0001ddfe232d866c89e,apple_pay_or_google_pay
baseline,06d2d8b41e4725293b31737a5581d45b833c42b329ad63bebb2aeb848a44f688,apple_pay_or_google_pay
baseline,0851dd45aa86e37d4c02bcb47e1d5a894e0cf00690986803b51353756cdb80dd,apple_pay_or_google_pay
baseline,09c997afe674d100963abc2484f60a353758225ffb5874a3b51a5ca32a1ff734,apple_pay_or_google_pay
baseline,0e22bf124d2e742770406be35ee7322bcd57cd79eaade047685fc0773980c4d1,apple_pay_or_google_pay
baseline,0f8e44f5a9fdfa7ea1569db4f36a1569985ec46f2cd8cfa04f3413cfb6d6e0d1,apple_pay_or_google_pay
baseline,14759bd1b613b3a3f42509ccf2755261a0317d25d9575217fb125cdd9ed2eb03,apple_pay_or_google_pay
baseline,18378b316ce72a67a0c16a618c10fd2c83f043f4e7e710d9df286a7b3e041c18,apple_pay_or_google_pay
baseline,1943c05498263165481e09e397eb4a9c54923228695fc5d3eb8b212e05e3b257,apple_pay_or_google_pay
baseline,19655e53c3fd35b29587bc7efdf43bdc2e4dd00bd77bde50f7c779666b12a42f,apple_pay_or_google_pay
baseline,1a49d4f3b7bf2aa3fbbef75bf73b88a733680981161c2764e6d887f9b6487704,apple_pay_or_google_pay
baseline,214a7636eb18dbd47e0582b83b86c0d9d5808197b0beb29af1646bfc87a432af,apple_pay_or_google_pay
baseline,243fcc3a8033620460586a6b2fa035f1fc69fff55d9159223067dfbdf1d90a03,apple_pay_or_google_pay
baseline,245d106b300359852d701f5c41396c0edd821be2a4a0ffdb739da44645c2b81b,apple_pay_or_google_pay
baseline,273b920059ed8c4f8835b9c04c278066707219d731e6239ac3a2bce4d952cdf5,apple_pay_or_google_pay
baseline,27f0765f261cc561c13909eef79b7b8966579f799a20b8d35241b030192ef803,apple_pay_or_google_pay
baseline,2aa6c106e80b0b6ceac2dcde0fd6fd206a85f5aa861470b5141edce9011c100c,apple_pay_or_google_pay
baseline,2b9089854069ced96f33fd039ce236445be14eb73b2c3365102b67b198db8203,apple_pay_or_google_pay
baseline,2e232d9576d789f9b6bb0318b98b148f39149519d993c4588c3b55238c0cb345,apple_pay_or_google_pay
baseline,31d6124a57d059d80782d4bf5c7d3a7daa774bd85d241cc4ae371cfbcb229df0,apple_pay_or_google_pay
baseline,321b10569bbc2af4d7dc2554aa8d2354e300188209858a0e0aba11a53622380e,apple_pay_or_google_pay
baseline,32fc5af14d7c73d287da975615d6b071d97f0671ca2696d84ce42a9bbc65783a,apple_pay_or_google_pay
baseline,3690afa824ad9c247d4f40d7bdd4a9772389b71feb4d14b3aaeab31df966ba17,apple_pay_or_google_pay
baseline,382c688fb839f430cfc05498eb0a027de70d96d1ccbda756b559b72ad8f1826d,apple_pay_or_google_pay
baseline,3c0eb04776cb636f7822b69f6c81c2198c30b7c0871d36caf990c4b74dc9fbf5,apple_pay_or_google_pay
baseline,01f3edd6f66fe8c79e5c91ac3eabd5d37e548b0a2ae9b1cf6d26e9f4d8d1eccc,atm_support
baseline,02621c5dbfb6629fdcc344fc8897420d92388528c7293cb659a7b49ef6646452,atm_support
baseline,03add7f03523421c7e811149e603c92e5a2e248f00ec5f6e0d05484b8dd8b6e1,atm_support
baseline,03bbe6c3658a7c50c3144f13abb0c8fc8d338fd199163f776ba509076f054197,cash_withdrawal_charge
baseline,0613c85977eb1a24b7b07be70c855cd79820d574e4afdd8672a727fd6e28e09e,atm_support
baseline,0681ad7cd02e3e5cff56c72b0951519dabf01b617b67afbbf9267a0d5e03cac5,atm_support
baseline,07b2c3ae90310e6442a4b312723c0690963855d3ec513dd991cc674074cd2c47,atm_support
baseline,083315ffc8095de2121530ae0517b4806faed3e26fe0300ffa03f493ac574d00,atm_support
baseline,08c3930f688e2debb53cc7a75001ccb9c0a624de51dddc8ed17f2b3e61842cf3,atm_support
baseline,0afd10bbe12ce2b247e2c523d068e28f5d3ccad55066c3ecce042948f58ae45b,atm_support
baseline,1c69806f81a714f7936dd6b26dbee1f04c2bb2108e2ca425d2fdb31e3ccc0ac3,card_acceptance
baseline,1cadc8c2606ee67dc0a90b5c16610fe8d7628d8a1bfeb0c3cd6605378fc08d57,atm_support
baseline,22dfb689f0b68ce669db557f8946fb423bf5b5e4c2934ab2fb034ae5c42d0909,atm_support
baseline,22f3f2cd9c71099272d23d5189e8af76f33bfb85acd2de1ed03ba022ccf7b749,atm_support
baseline,24bd034c841f06f13737ed7127ae297d3ab5929dfe157811d10c5f72392dd767,atm_support
baseline,24cfe288c8b2ec851c68f3b33d80faa095e7dca8ee8426deb6062392cf39973f,atm_support
baseline,2a6198f6375f0ebfca2696e6b1493aae4392c22494310cbd1a6a003a6040fcde,atm_support
baseline,03e8a34d1f4758b35aeb3b58dff4309ef8b068ffaa5d0ef352a3e381dae419f4,automatic_top_up
baseline,044d01c5a9d1f69df896964166c8de94b46674326d86cb6fb932060c8c9ff8d3,automatic_top_up
baseline,05a40fa6aeb88732b847ab1d96b1cefa05feee21ef21885d9e1e51c30e71c624,automatic_top_up
baseline,05ce0f71e682507e6445aa4976998a2efeb9fd4631d7d61089e9f72957de26b5,automatic_top_up
baseline,070375567048ff34b930f2891c75509fb399f11afd5c66e6b75afdaf7c27bdb5,balance_not_updated_after_bank_transfer
baseline,0e39ed489254467112bf6f34f15a992c78875251017dc43ffe166315b00946ba,automatic_top_up
baseline,0f06373f2fa62ad77a1fbf218b16b389722b562558ac98db584bd7e078e0fa19,automatic_top_up
baseline,1121f77774524f76f7249b61098ac6b7fd4f1a3f0c5887dff4ff4e0f6bcc9bc9,automatic_top_up
baseline,125808e5695f31b3918d575866f8ead2f963f96f9e34e048323da9af0a13198a,top_up_by_cash_or_cheque
baseline,13fd5ea7dbf1508d501c6b59304e9808c459e5d7ff486073e9eb6e9f5d7c866c,automatic_top_up
baseline,14a66ae520b52a2a5b2a384308a8d598ba7102998406fa6e6e3f39ab232961ca,automatic_top_up
baseline,1515e63dd091cd36ce5bf6f368c7ed42e2b22eea696673c74ec3dac44fcf911a,automatic_top_up
baseline,16bbec41eb4126a93e321429f23e34471f3c28aac2234382410d27139674e6e9,automatic_top_up
baseline,174a99cfd5b1da83bb90ed179bff5c1a5d64842eb58ec936a04fd114e25e7ef4,automatic_top_up
baseline,176ef63d4b713fd408e33f86597410ff0edb8ba52fcb712169780669941ea34e,automatic_top_up
baseline,1c5cccdc866d62f486bacdc8cf5751a1d6e44ece762a92df5c3fd64ced1eec27,automatic_top_up
baseline,1e3feac1c71bb53212d3cbb4c85cec9c26753a14e0671be26bb0b48c42c101dc,automatic_top_up
baseline,1f9871526e56cd2cb7bef2dc6192b357dd54671ead1d61572dd8ca3e22c4a9d0,automatic_top_up
baseline,205e2b29589bfdb09540f9ac1ee451de1682e9d0e36297871d5f512bdda00ded,automatic_top_up
baseline,216067cbd758099a6d6116ac2f49c4baaf66d1c9cf9223a111b2fbb2930f52a5,automatic_top_up
baseline,284bf9d2dbc2b32449b24024043a29a3f8919c194e7fea4e52db1c7ffd2dda9a,automatic_top_up
baseline,2be081d9b0d0cac32d6599ea2e3fdb84025e73643f202dc442e8b3d5835618cc,automatic_top_up
baseline,2daf7395d97a8f48aac70f641005f44e1be25027170a1bece9cdafbaf7b3a63d,automatic_top_up
baseline,2ddf49c01f0256595411a9a81e7ea97dfbf26f7e0005dbcdb3a2191c22faf1f7,automatic_top_up
baseline,320631d59fad45b7d0bccd1b5fe236be7c0dfc87133cca1205092f4e8138dde7,automatic_top_up
baseline,0134607bb4c3ed32de8050ebe09faa204bfd7728f5147b6aaa6b3c009bf92154,balance_not_updated_after_bank_transfer
baseline,029873d9b6d96a552303a5d89cd94a4c321b650931fb503817e7f3c08eaf5213,balance_not_updated_after_bank_transfer
baseline,053c550af6f9dc86a9054e2191f80df6530d8f6d46945639a200850b8a63f937,balance_not_updated_after_bank_transfer
baseline,074051aad3a5e4ea3b924e391e33de885d51d0274959ab0c27b8314e1025426c,balance_not_updated_after_bank_transfer
baseline,07c3b112fcc344d04f07fc908b460f113bf796ff170774e211082494318b7136,balance_not_updated_after_bank_transfer
baseline,07dfe36f435dceaa2c624bc72a9d960fb1183a291eb82ea78b3f3d90b5d29a39,balance_not_updated_after_bank_transfer
baseline,080cbf93c822f81c3e3c309e26d32d8bc5ca1a2bfcc1a065afcda23d81a21d7e,balance_not_updated_after_bank_transfer
baseline,0878be43961a5b2e3a7985df842d5bfb2bb52c7d5057852e927645ff89cb3a98,balance_not_updated_after_bank_transfer
baseline,08c1e29c6566e66462b6bacd082193a7067a61d89c7e2a21e10d56e9f1ffc05e,transfer_timing
baseline,0adc29a9307b65ee1a022ab63e0279ef86abc74e8f67045533652694c4d6a3de,balance_not_updated_after_bank_transfer
baseline,0b0b0ed6dc617e800c18125b1ecfdf1f0bc931fcefcb281bd936f9dced6ea112,transfer_timing
baseline,0c05636985071af8d291c51ccbba43404edc4526024ea0caf86cf32fc9af7141,balance_not_updated_after_bank_transfer
baseline,0d3d16a7af26d56e7ee1904d5646fc6f85beacba784e0cec3b5148f01e9c42bf,balance_not_updated_after_bank_transfer
baseline,0e18519ba19597f82b40eed1b8cb7cb19223ab91d600da93830bba05639b3cfc,pending_transfer
baseline,111b9120670b698a09208d1fda072fc9b7bc0515ec88230ea88cfa82238912b2,balance_not_updated_after_cheque_or_cash_deposit
baseline,12b927050f68d8e0613dae7ee6ddf197225e01e0888aabb2334222f50cd46fd2,balance_not_updated_after_bank_transfer
baseline,1374124cfc01ef6499f3a94ae7e9c8929f304e43e2dc4742a5a2455d384c84ed,balance_not_updated_after_bank_transfer
baseline,1b22e7b011ed2c5276700e175e67f965ae0fb578df73cca9fd9d1616ac326ba8,balance_not_updated_after_bank_transfer
baseline,1b448692205b60d676831bdaaf2c882a8f8db1ed7b9e27bff5e4e416434c3cdd,balance_not_updated_after_bank_transfer
baseline,1bff23d1bee18c41cd54eeee922bade77fef7cdf1bbf9efa59714e9ded549e02,balance_not_updated_after_bank_transfer
baseline,1c670f74f12c6431132b3ff77b2512d76d2835999c585c945fd4dcc54f000904,balance_not_updated_after_bank_transfer
baseline,1ca96404b66a6dbd8aaeee89cec7685fadf701a337a18341efbfab45ea61d635,balance_not_updated_after_bank_transfer
baseline,1d9c32752eb9db4ecb8aa50e64c926a82d626762b176c42140cfeee6a5250b2e,balance_not_updated_after_bank_transfer
baseline,2396a39fb767d6d4bcfbffa1146416a7e748133429b88077e7fbb76f2cfabffe,pending_transfer
baseline,24964cc2223e43dae8087416c91d5e7bd3b6fd56a5d451b8c6e77be2bea6aadc,balance_not_updated_after_bank_transfer
baseline,24e0df558f266cb5dcb10e6717bb38bbd5f607f70e698a790c8a6ffb494b7f43,balance_not_updated_after_bank_transfer
baseline,2679b23ba39baf2988364d064a4fd64f33d3912c18c9a124f089598233925230,balance_not_updated_after_bank_transfer
baseline,27c6c42c5f52d08ed2c7fb62acacfa2a591b3410d7c40b9704512e1737193d6e,verify_source_of_funds
baseline,283a6fc1f01d6f6742732be8fd4ee2115dbb2296d9aec286e5392c0913f46e08,failed_transfer
baseline,291ab99aa1c3bee32da51e37a5e31ae4f4e524b92bdde694f51d193f02a3df96,transfer_fee_charged
baseline,2928d36ad546d1015c12b734d0f1bbcaacfbcf821f2d3ee318caa350ba2b4c76,balance_not_updated_after_bank_transfer
baseline,2a46b2d0a2fbd4f4bb5ccc37993d86b9ddd5c08f2d7fdbb02e9964deb5398e62,balance_not_updated_after_bank_transfer
baseline,2b7052b8667f33d226f45cd5ccd1d3d7652635d2d166e4b0e4b17daffa871db7,pending_transfer
baseline,2bce2828bc5064dc8aa0e480b0f19c9efedac931e70faf59d0fc71352cf362b3,balance_not_updated_after_bank_transfer
baseline,01782b4dddbb07a280523ffb84dcac521285fa2338e111821f9d9b94fb88cee7,balance_not_updated_after_cheque_or_cash_deposit
baseline,019dae9932077ad4ed292fa10932545f6fb2ed7226d73505ef727030ac9ef0d7,balance_not_updated_after_cheque_or_cash_deposit
baseline,0cfa6f87800578d5833af959f1337be80074a89630f2db67d5cd6277eec9c2ee,balance_not_updated_after_cheque_or_cash_deposit
baseline,0d7fc8daa60b300346f2d39f2301e1a4fbce81c006e650dde2316930bade488f,balance_not_updated_after_cheque_or_cash_deposit
baseline,0e4f39a2c38dc02147cc789f95392504b73258488f9ca4e3fbfe1592d7659b9b,balance_not_updated_after_cheque_or_cash_deposit
baseline,111914190b27b351c538cd9ce146f40adcbf2baef0bc8b9de00a8e538fcde9b1,balance_not_updated_after_cheque_or_cash_deposit
baseline,136daf4cd8907e01ba8f2b89533a5a9411065be943fa2f769a9190ac2d3acb81,balance_not_updated_after_cheque_or_cash_deposit
baseline,1399593d984f381fb7d627c5a0fed469dc83c19f0992b2cfc7af2c4355fd951b,balance_not_updated_after_cheque_or_cash_deposit
baseline,1428f18091eb0c5dcdf80976c4122c95b14f5cfe631847fe1d0cfe572992e1d5,balance_not_updated_after_cheque_or_cash_deposit
baseline,145d64c66e978af9e2d31deefa465894449c52543f5bb8154f25d966e55cdd21,balance_not_updated_after_cheque_or_cash_deposit
baseline,17092da1aa0600f9ec10f8d292d60140cffda1b886dd30f42e207713031829a1,balance_not_updated_after_cheque_or_cash_deposit
baseline,19f05e1d2cdf2a2484911aebd49f0e64f86045fdd21827b37685bfffcd3222a7,balance_not_updated_after_cheque_or_cash_deposit
baseline,1a1b6d013e565423769e1dd9791b516f0cfde9c1d6f8b2fc3fb6ec2f74d9f252,balance_not_updated_after_cheque_or_cash_deposit
baseline,1af7045f91506889c010a4c24ad7d74ae778a9c78e29766a03cd9c764bf89ff2,balance_not_updated_after_cheque_or_cash_deposit
baseline,1bbd34a4d7842dcf23351356ce6e9fe4830f56a346a64f72ea91c3423bf2ed9e,balance_not_updated_after_cheque_or_cash_deposit
baseline,1c596b87d2fcfa8b16acef6e747feab57dfe5c81e3781daeabeb470ac4ac30fe,balance_not_updated_after_cheque_or_cash_deposit
baseline,1caef5cf026be27d3c5116b5d14c84b5acd176ab5b85248ad750329b8df89081,balance_not_updated_after_cheque_or_cash_deposit
baseline,1cd2057e119248879faaa98e2d58af98cfcdf1ee99a9b2f52770e9a6b0c20818,balance_not_updated_after_cheque_or_cash_deposit
baseline,1ddc757b04e31cee5f0610b399f00f4a5d4f7a277b3317b1cf705c0144fb78b7,balance_not_updated_after_cheque_or_cash_deposit
baseline,20f5c8eae0d7f5e26e77ee887b170f8cf50b8c3add5bc4219b53ea2b0e62af2f,balance_not_updated_after_cheque_or_cash_deposit
baseline,21ababb6061c2dc35c3b484b1a0bd16d45d86758f080f4b1736418301f12059b,balance_not_updated_after_bank_transfer
baseline,21fd59649b25e45c85151115f11910749a03f126a86d41da6acdc32ac4f210fc,balance_not_updated_after_cheque_or_cash_deposit
baseline,2537104139705e2fb894a8daa579cc8934535f9f0c3a165591d2bed76c5d77e7,balance_not_updated_after_cheque_or_cash_deposit
baseline,2711db60a043e15cee1deef356bed8503812e24a8eeb28d73dbbabf989fe3280,balance_not_updated_after_cheque_or_cash_deposit
baseline,284c7f0fe69b01ccaf84356742a6c69c419ade05d833e8ca933e204bbf2f690a,balance_not_updated_after_cheque_or_cash_deposit
baseline,2c0a3040231f4c18709e27048b0279bdd7d5d3d68db7aaf2f13ccc2339b43b9b,balance_not_updated_after_cheque_or_cash_deposit
baseline,2c9b75b53163b3592f81564524f6b5b85f9851ac2adcb54542064130912c6f9e,balance_not_updated_after_cheque_or_cash_deposit
baseline,2d3aea96f3359e2e084bd44af55e7857fa57389e677a35cf4c4e6118f11afc91,balance_not_updated_after_cheque_or_cash_deposit
baseline,2f23dcb0f4bfff092e28c6727a75550ce7476dcdcc195117bd1d5ca212bc40ce,balance_not_updated_after_cheque_or_cash_deposit
baseline,304bf37db7a0fa38376c92e377b9a5da11faebaf0502f74c3f27bfee5ed825a5,balance_not_updated_after_bank_transfer
baseline,32a2d17f2331da7114db2e2d7842120dc6ed36ecef0e1c156061bf3266aa8802,balance_not_updated_after_cheque_or_cash_deposit
baseline,3544ce11364f0d21369652a8b2e9844b46de2261c9b8fcc3e45c99eb2b966caa,balance_not_updated_after_cheque_or_cash_deposit
baseline,356f81e71d067452c799870057e90da8e5f379f90ccb957f6e4fcb73e7bef797,balance_not_updated_after_cheque_or_cash_deposit
baseline,364bcee584ae8259ef8d1cf618aa2351d07c27c1eed971839695fedc6c4c6f94,balance_not_updated_after_cheque_or_cash_deposit
baseline,3773ba2a15ce8e0dc5071e8c92db12fb3539d9d1cb91ffbc40bf23d97ed69db1,balance_not_updated_after_cheque_or_cash_deposit
baseline,38455c7ba473253ab735bf29812117aa3f9f5f3f4dd30a48ce027b187b664773,balance_not_updated_after_cheque_or_cash_deposit
baseline,001fb5e79ab4396a4a4cfc3181a7b150168ad974cf317f726098ebc2f4892a07,beneficiary_not_allowed
baseline,007d59f89aa62150963e0e03cb01358f36cc30ddef13524ccd047e4bbd46d136,beneficiary_not_allowed
baseline,0124b78b5b90f411d8abe548be9c2c7f8442c767653795490ac994014303bf49,failed_transfer
baseline,04122c659fe47c0245b9a12c6e8c7ecf63c07d996bfeed9724595ac94793859a,beneficiary_not_allowed
baseline,04251e4f65892445eb4a4af93853ad380fb3a3aa9145198df4ad07b9fec2da87,beneficiary_not_allowed
baseline,0b5eab265f3cade0edebe975b25c5876aea07d46755a5e77490434c22571aec5,beneficiary_not_allowed
baseline,0e82b1c323d6e104e4af6c6b77e4d3053fe1462cecd91ce4bec47c88b7ac889e,beneficiary_not_allowed
baseline,0eb1fceceb4ef7d48eba74229213483caa51a67f742e91098c64c703dcef9ee5,beneficiary_not_allowed
baseline,0f1cbd0ba657db347b235fa551bbae3437ca166fd452675909b0fad56b24da1b,beneficiary_not_allowed
baseline,0ff94d6911c7128a0b579710f92ad8b34e57a95ec509e07fc86cab7e38322db6,reverted_card_payment?
baseline,1010e58a51a134e8bdd6bf4685afe11734240e81aefbc7b9ad2637349e8fb5c2,beneficiary_not_allowed
baseline,1040a5c555aefc95b6237b676824bd8722b185ff0edb7457791386e20f317293,top_up_by_bank_transfer_charge
baseline,1650ff00033356b0800a8d2a06ff499eba45a79b1bb7dd2daff6fb3352eebb9e,beneficiary_not_allowed
baseline,19729ac188ceae2e868ebe120ad8725a3bc6ddcd362fbe0b621756ce72bb566b,beneficiary_not_allowed
baseline,1d7e4f942de6c0e3a4a808e5c39d2d68eca577e2bbefc599225037b7ee586e01,declined_transfer
baseline,1e141f73fc274f7ac2396226d1ccbf4904775e9a8ece1fe7270a002156f0fd2c,beneficiary_not_allowed
baseline,1f3da13c03104c9f9df9b782635f3c685a903897a4afd060b495a2f5caeb87b0,beneficiary_not_allowed
baseline,26db0ead3650c1fd024f3533498ec01ed26c84e88c04190bf7c8921f25c1df28,beneficiary_not_allowed
baseline,271b28352dd4dab22075b83bf3c94db3f93f6c40660b1b41940e522991589676,beneficiary_not_allowed
baseline,277e83a9e3f97917b3c73b84b9cbfcd83f5bdbc775e0b7f05e92e913133cf0d1,beneficiary_not_allowed
baseline,2ac17bf8eebf08972294ec4f0306c356ce1ceb20b34ae8b997d444bb6d44a895,beneficiary_not_allowed
baseline,2ae30c1cf046b66ec6f2b8ce2012a6e5476a2ea0faf320636a05674fff76a216,beneficiary_not_allowed
baseline,2b04388eaa4ec914810cdd7fde89b7582fbd093d9661eee3cae54809a92592e8,beneficiary_not_allowed
baseline,2b6cd37c30de623ca74eba3e5ec8fa435506e43b8c5a1913fbb6bdcbea622a78,beneficiary_not_allowed
baseline,2cb95e28f0a578215d53fe0ab3190ba3fd159e655f2a74709d972b8558e42465,beneficiary_not_allowed
baseline,31d7474611fb0a6c8e20cf949dfbc9217349ec5a9392b227e4eabf76453d9556,beneficiary_not_allowed
baseline,32d2c3b2029c2683a464b6b38c2302ec3f416bfb9ba6ec2b13e5e9f32cc1d22f,beneficiary_not_allowed
baseline,33a18b24deb0001b29e1b5c300406c2e7014d1eeaf894e2de84a9f6c5c6d85ce,beneficiary_not_allowed
baseline,348045b0911662a52b0178eff6ebcb0240df55a9ea5bbe306303a84a574ffc9f,beneficiary_not_allowed
baseline,364c01be642197fa772e38ed7f690793fa893235a83fde5ef1b9a9196ae2738f,beneficiary_not_allowed
baseline,370a12cfc20703b41557bc899236f781e3e74f69f72e066dffdb8f734a63cddd,beneficiary_not_allowed
baseline,024690d09eb5fe18c179f18a7dfa87bfb995092c3aec23227b910667af936a31,transfer_into_account
baseline,053592dfbc06996e8e24bfa537b9dc5e6dfee4d17c8acfae65ebb15785bea1a8,cancel_transfer
baseline,054911af037cd80bacd40ddbfb7deceee8c9b88ad510a4e8de6937b95ff97fc1,cancel_transfer
baseline,069b6a9094989106aa1cf98973db6a799e697c1e15104a968d6ab70f72c46dd0,cancel_transfer
baseline,08168893b398e2b54f6017b87551c40bfebcaabd0fc2f2c135b9d92215ef9ff5,cancel_transfer
baseline,08b2c85abecde5e87c592c11242dda90eef98c64f788e41e9444f70ca9745131,cancel_transfer
baseline,09b75fbb92c320de4ebbdbe36de4cdbe908232ff2a599a0c3bfdded120a2a7b0,cancel_transfer
baseline,0b6e5a254073b1eb10820f113f678671247e5e8affb2b2872ac2e57572be5ba8,cancel_transfer
baseline,0c8c8e1964e233636ce7e8ce4789bfd416d69bdde63c37925e004fff62cb00c7,cancel_transfer
baseline,0cd0cad2fac6af07d2bb009ac7185bd10995e37a4a4650f2c6bb42bba0722539,cancel_transfer
baseline,0e348413bcda2d8468a9ed50af0cd8b394a409b52f3fbef659e680cc8fe14243,cancel_transfer
baseline,105878885e5674fe9f6eb4c598aa1308704ebd4fb3db938a63750daee59000dd,cancel_transfer
baseline,10f6b4ac0dc7f64f3b682c2642d586005934070093c1d28b6f320ddf42493837,cancel_transfer
baseline,12791763afc6d11cfc985dd3ddd08d80f804373c7f74af0f5938b504815adb33,cancel_transfer
baseline,1530b6f61ebc47f7b099e0fe681e919dfa570e8e726bb3e2de7f8374f5bd8d1e,cancel_transfer
baseline,160dd872a228aa6d2874567d1cb139fc2619efc070a7637d56270e9ac705c888,cancel_transfer
baseline,182c0f3846e32077a516a75080341b0283aec37c8b8a4a01ddd09e08f16d5dab,cancel_transfer
baseline,1ae7ad3da2dddc5e369ecbf2b5580f307b7250c4f53be38d0c6fb4c8375ed84c,cancel_transfer
baseline,1afa3ade0565cdd493db195ad32cc8e8bbd054bdecfce59c17ea83495eca9cc0,cancel_transfer
baseline,1ca803f55137c074c4b235dd70db4982e75f101c4cc03180e81a28e3ac241aff,cancel_transfer
baseline,1dc5267db5defe2c75f194b631383a8080935d6aadf26c5a80845d61421f01fa,cancel_transfer
baseline,20743478c2a763cfd3cf3e6961c81a1e2e7d3bac2feaafcb56a8111da16071e2,edit_personal_details
baseline,21826f54936d94379cf7780c8d80b570a9bd00ffbab26a6130593036cde22acb,cancel_transfer
baseline,239c7ba60eb84f8987b5b13cdaaa4216af97c7247c5fb62e1f330a8871b75dc3,cancel_transfer
baseline,2539a63450f04a290f8f1dd0df8d922a632e4829c4d97cb42cdca8c0914315d2,cancel_transfer
baseline,2696e0ebf68f981f7772b429e32ca79a7c8ccd5e1a43546b6263b37b44ff8f83,cancel_transfer
baseline,28d30a3f152b87faae5f94113279c5c5c26d730111681b3dcaec810695509897,cancel_transfer
baseline,28d96fe32018793dcb049bf49af98d03cd4a815b68e41ba77cb9d3c181d7038d,cancel_transfer
baseline,291abf0adf4139fa58f500ada21280acc3b067e47e283c087ce65e06d18882c0,cancel_transfer
baseline,29d5630dd9e19c4bb33b63cb6e284c5972026de0a38eb6837e2c43a46d85b44b,cancel_transfer
baseline,2a389f29241e52bb9239e69669b6380c1e3a5cc6c8ca86397e262be44933e62a,cancel_transfer
baseline,0253541ef3eb7c6523055190076ecf22fb304315f0c9ad179f0e7f17a5369466,card_about_to_expire
baseline,0267411b3e74890b3c20fa8569fc6344bf9d1d2ee0052ab1832e01b6715b8e01,card_about_to_expire
baseline,02caf3c73e719e6d5ab80eba755ce79f04e80b3c792661e9dd0d2db7e99e145d,card_about_to_expire
baseline,0431021710448d640979604f6a962b46901d9ca3c9c15ce70c2f797fc0848ceb,card_about_to_expire
baseline,04ed783a829a8560f484b45914095e4144077420d49b51d775528497840d1d9c,card_about_to_expire
baseline,058c54e969dbafc4af3e21eb9b581ba8d37a8374a0275251428351dfa9a315ba,card_about_to_expire
baseline,05cf238103de00ec85d05584012663c916fb8ced5374fa642087223d59c9e1da,card_about_to_expire
baseline,07c6df4b247342e4bf29a339aff3051321492e5a0059cb9269bc2eb267d72070,card_about_to_expire
baseline,0b883dcace1d98aa6ff2c31fed3ccd0709176e2ad50d5c149ffa84747782e830,card_arrival
baseline,0bc65e431e2607e91b1325e57d969aaf88d6d4ad9206cc476fdc71c5f442e9d9,card_about_to_expire
baseline,0d8d37fd68268a5e05a601f6188a96e03914a5b11db245c906f4ef5e8496324a,card_about_to_expire
baseline,0ff2216a83bd4695dc0a89dda8f0369562b22d970033a25df1cd73f46fe1f383,card_about_to_expire
baseline,12a9d5d0da625d1789187a63264e2142af10ead1a1111d94994a74f200e6f40e,card_about_to_expire
baseline,18f47bea1c7ecd9a0feafcf26ca1bfa2fbf9ebb5d00960ba516723d2f58b4f28,card_about_to_expire
baseline,190469120d024b2e4e4814b1b29a038a59c92c5d9c85aac5c7f5df3306b0bfa8,card_about_to_expire
baseline,1965a920419c6e7592fba9402ca81311e9cc1261c8219aef76ae0d889071fec4,card_about_to_expire
baseline,1a3b9a997cb41dc1a763f8f9c8634b2255a6af0cb3e5ecfe868dc459ffa80d95,card_about_to_expire
baseline,1d5eecb9ad99bc306f20b513befc9bb54a31baa6217365bc78d4d6df6d612214,card_about_to_expire
baseline,1f18c0bc1b8b889c2fa2444744313fd632af061e876e7378fb62fc5d22574199,card_about_to_expire
baseline,20dbf7a883c563cfa8fb94e9c9d7dbf427c21bba3d3ba6448ca29b7355be8d84,card_about_to_expire
baseline,21c8dfc653abf895c77c0019e8890590c5b675ae0a12076fc32116ad2e226c58,card_about_to_expire
baseline,24de826fb595af669490f186dbae6458c0c1f392ae7f26b30d54cfd6c329a8c9,card_about_to_expire
baseline,27f8772950eecca1904520a707617de23baa93acbe988bbccb8af1ff60bb18b3,card_about_to_expire
baseline,2b5be6e31ac5bbc35dade967225b1d476e4f09c88e60496ca388c4ef2a61e352,card_about_to_expire
baseline,2e60bcff2f87959262113f9c56d96859932b29846f3cbd7dee628c5edec63ac4,card_about_to_expire
baseline,064db59c7196d38a528a41e3ce14d08eaa785ab8aa6fc287d687226abe8a3d98,atm_support
baseline,0c9ef9f63e14c03da9ab2f26bce2380695d62a6b8afde25aea91d663219f2a64,card_arrival
baseline,0d7da3d873ae4825a3c22dbaba8942f5a125c552b8c7e6b8b5cbbad9e57ec685,card_acceptance
baseline,1544655ccfd299acdca26151a662aad11077400d737ec40e80c6bdf68f7cebda,card_acceptance
baseline,190502364c60fd751d7b7ab21ef2c799a18802e2c2c2e5ff01c398e923cd0717,card_acceptance
baseline,1ce3c35720ff0c407234903e67c9f338041c9cf700da0737914b046a2eb1b2c1,card_acceptance
baseline,2139638da9c0c579388dc709a8c7d5b7b2dd0dbee802b224185f52b654387d68,card_acceptance
baseline,22d92bfd310fca4a6dbb3a44b505aefe4de0ba1216269c04f2f7018754ac1b06,card_acceptance
baseline,2321e181fdc8d3f4d261eba5edd6052021ef2cbdbb1c34f2987f235f78ee70ad,card_acceptance
baseline,2d4b914af7f86e4f4b336950feb6d5c467880d81ed8fd834e8620952f42c3948,card_acceptance
baseline,2de20aaf8c316c139e6990f14f4d6d30e59e8ff5a8ae5ff457edf13f90622d8f,card_not_working
baseline,0032217aa34bf6da23e0e4c8b1807160a725bdd1e3ca6003fc49214e48234f74,card_arrival
baseline,01818d6cd3df3459188a5a2064d34f4b4b8bee0adf23f8b3e1e54cbda642aa95,card_arrival
baseline,01d96e06cbad3c6dca4b1d6e8119dc72c13bf8f4378572ca60656630b6f89486,card_arrival
baseline,0424203d2c9a8069a24ce327acddb704e8b7abcffcf527f78ff81c1c5ee6d758,card_arrival
baseline,05d4e9537c2b6a940bb3c24196b480269a20ca49a71569620ae6df2ac8609580,card_arrival
baseline,0730d841f35d21f200b9c1ebaa53ac1f551e7aa29fca2079d3f203416af43a75,card_arrival
baseline,07421ac6c4cd38d700a12e88b5521aebed7411bf92dc62958eab4c61407441b8,card_arrival
baseline,0742dc1c8f6fac00426fd23e2834ac7186a62d601d8589f8e8012e0cfad21919,card_arrival
baseline,078aa7a6111ee0de4ca247739ad2b3097b59f4fd244565739b7276c8ff7f3ea4,card_arrival
baseline,0a003bad4208aefef87489a1d1635c4fcb144d644f71d3b49faace913d4542c4,card_arrival
baseline,0a3340864102a729274f127dfe371ba6e00c5ab2e919b05ac681b54b536d2a26,card_arrival
baseline,12affbcf4dbbdca3c6706e6019e1498c7cb47fbf06318b79a3aa953ea738f619,card_arrival
baseline,15e6840ac96fd19b544ecce8fdae9872fb6301386d3bfa4c6fa94a1357ae4c32,card_delivery_estimate
baseline,17fd8bb541ec718b410907700affcb1b6ab38433723bfef0281c25ed29f083bd,card_delivery_estimate
baseline,1c06b95718aa887533fdd2f53f71a660f3031aa4e32aaeba0480ae6b8f750502,card_arrival
baseline,1c3aee5ca8ba7569c9cec5be29c65507771bea2b0cc08aeb58194d7301a8c362,card_arrival
baseline,2174234316eb739eb74f56e150bf5fdfabd5cc0d049b0eb071e4245292e311c1,card_arrival
baseline,22ce19e9479aa3dfe051eaebafaaa5a3069e1e4d5a1b807bfab6c56a59455480,card_arrival
baseline,2425de6c0d01e62f9248c90a362a852f2546fa934238a36fd4d79b2009c6d6d7,card_arrival
baseline,2567ef24deda78247330f6afc711d768f66658dae1c8538de1c6c13093e1bd28,card_arrival
baseline,2669d9ca769f7f07e8888db15ada18993aac2c56da49d23914557b55e209fc35,card_delivery_estimate
baseline,26f62871909685e7c2424ece0d4c99b5987a2ffe7ec7362e20d19b2194505a64,card_arrival
baseline,2a58a62e8d6fcf5ad9394b4104cef3e1ebde7d34eb6b4e99657cb9c5d80277b2,card_arrival
baseline,2b495712a462ed62a9cdfbb7934c68d122cfe877dd2494101058502153ab8cc7,card_arrival
baseline,2c86371ac4f35d720b03e590ad306fa34966bf863d28bff78c143d71f747e4fd,card_arrival
baseline,2d2a4ad6afc684ee11276054cac5e6d7baec5b68bc782f315b8963367dd5014b,card_arrival
baseline,3013f5db398b9c8dc66900b156844a84e40b1251c961b360e7b8c3d382538054,card_arrival
baseline,3215a51aa2bc09532516fc4ef4be09518722075472a45a90c5104c0cccdfeedd,card_arrival
baseline,338ad3dd9542e4b0ef8042193bc83dd58b41580093f07c9924d323066bb21185,card_arrival
baseline,33935e3982df6675d72eb38cdfcef6c691aff16bdc32216a3c08289537bb84c4,card_arrival
baseline,005bff9a7bfc30430505bc5e26244a8799239dc189e7e52bd4cb021515a617e5,card_delivery_estimate
baseline,06d3a45c40041a8d6ba7f032a51b1edcae6652c9706249d4113db9a05d087283,card_delivery_estimate
baseline,0dc928e5e7889a2aa6f8a05788c5954a68f9fe50706f34dd69749e30c36dbc29,card_arrival
baseline,0f1f7148e0a12c646abc323c15335d228a38c96725b90b3369bbb3ddcbb746c8,supported_cards_and_currencies
baseline,0f60902c96d3443995cdc752b046156035ec9b8d009dbbcd6b97fa1aa5ec1812,card_delivery_estimate
baseline,1076b5f151acb916510bf74b3c8d26a3a1e474eaff3a0bdd3d98059de9199b66,card_delivery_estimate
baseline,11fc764c99bb943a99125c72106ee1332ec263f1ab3f90392bc66593961a1e17,card_delivery_estimate
baseline,163bbadb21d9151f999b38739288e2cdf22799e19b069e8ceb054143adb531ea,card_delivery_estimate
baseline,17939c6ee5be328ef05cce36b07d6509cd9ff898b4381568c2d1ac222e0a300b,card_delivery_estimate
baseline,1a814ac336377b1b3b955c786bccb80178d5bd0060a3ae3ab7b245a6a31f6976,card_arrival
baseline,1accab347edaf049298826c4ad3c5f83298154f99734d4da2253e2ae2f91f39f,card_delivery_estimate
baseline,1c1f1bf25fc136116c2f71ebf53f2ec2424f20bba2743480d73c4b34e6d6aa6b,card_delivery_estimate
baseline,1d1d1b684c0ff9920a936cb537a0e1819104f889e9bf26d2d26f7c486c054a34,card_delivery_estimate
baseline,1d34a82858dbfa54d19e867e69b88d0595e45b6ec9b9f932a382382decdfbe3e,card_delivery_estimate
baseline,1d7761d8a717014abb2e08ea37ac96e8bb4f6dc4ef7b0d0c0dff590bbb265321,card_delivery_estimate
baseline,2173250cc76f7051b3eeaceca67dc0e65fe1554f8007112034e8c0a14f809e03,card_delivery_estimate
baseline,22da5df924cad0a45957a579fc3d911eb7f5557993cb64c7be582113c5cccafb,card_delivery_estimate
baseline,242a08cead5770938f365c72ef0b7edb1f3fd47644b0460fb9eb17d7fa70a954,card_delivery_estimate
baseline,255404af44ff967a723c7371a3bd2a072e096ec9ff076f202ca237650b013ef8,card_delivery_estimate
baseline,2684c82d668307b218bc04160d8585906aa5f043692d968354b264d26357ff1e,card_delivery_estimate
baseline,2a9821327869da59424e8aefa9c521eae79813a38b2368deeadca1c30ed5b5b7,card_delivery_estimate
baseline,2dfda2fd98624d8386c45e5012eb6b1638e7a4d645750be96eb1790fb587dc97,transfer_timing
baseline,00b59c837d3b80b8ed5e25ae7b04cdae1572f5f9c2b8a1f8b0fa7d74999784cd,card_linking
baseline,015389c7fb4501fd395dc024076b7c3b8931b9f74e1f925a1f4d51019be5f19e,card_linking
baseline,02873613dc790139b8d244a6443108c0336c8670576e141548b0609434a72d12,card_linking
baseline,0325c6aef31b7bb0a5b0e91ad6044d0ee47271ea31aa6f5f0abe91dcf8ecd5e7,card_linking
baseline,05d68cb00e3756d62fe6abcd5b1d0f321b916a960c51d56732393c5e3c97d751,card_linking
baseline,062191247cc8db3e46a2fa31321288211105095067904caf3cc3fdb27c51122c,card_linking
baseline,088115457a92f69e38fd8296fb87d9bb631487cb7c311427d855d17c3a38af3b,card_linking
baseline,0a50c459b79e052822cae9744061d7d71017cf5a8e999f6420661c8923bcb29f,card_linking
baseline,0e314f18869bbc4e025466aa3f7d1c299d1e82520ed64f95a183bf296e5d7586,card_linking
baseline,0e77eadec3657e69b76f5990e95bab3c6700b813963555ca3087fabd033fe300,card_linking
baseline,0f083ec6d02c215d4fbb6267198adda216413b0dd986baa39527ab0d401ca25c,card_linking
baseline,0fba2e02d3c4158ccd64c0cc5f4d5ba8f8e9e130e66c951ab40fdb3c038462fd,activate_my_card
baseline,1483188e8a81931a89c016ad4e3208279bb94dba1647d562f6e562b109e28697,card_linking
baseline,15b8c4284e9fa5162427e11221716fa5c981455fa4b2b30f12a3cf1adba4b50b,card_linking
baseline,1cf6a40e92a9e01764ad68af1caea96617656f00f6b2b45a0c422503062ac17c,card_linking
baseline,1e7b6ee14306e9617720a5def5780698f83ff18039ffb87fdfd57cce59a67ae4,card_linking
baseline,1f874072aadd98515b13b77dca657fabfbb4944ff15d5034062f64d4d187f3e1,card_linking
baseline,223bb7d840753ef5acf2634148a7d46e086da7cfda8cf01b687cfc454036f99a,card_linking
baseline,262dd9af1062e7810ddb5b14ef64907c767e28c61140c2f88a4bb21b44c8bea9,card_linking
baseline,273eb6f4cc6d7fafe7c81d19ec62a4faf7bb46959dd0fa32f5fb8fea59f341ca,card_linking
baseline,2bbb890dcb0a5157954f0c438224a52dc442948fbb33ebc4d5cd25a49b77dcba,card_linking
baseline,2e090f99b4032d97fd495dba5efcb8a51b5fc71fab7332f6eaa2454111e477f0,card_linking
baseline,2ef252a6b48d9ec0c286184f11697d5800a463032c69c6dea2a95ae81f04ff4b,card_linking
baseline,2f32286b391425651cf77396c78ec310b1428a6247937ec9cdbc37b2bcf2b1ae,card_linking
baseline,3190afc0ab8ee7df44c19779f452adfbe2e51cba9c57bbc84bd9f12954f916f5,card_linking
baseline,324ad2f8529f2c666d908063bd966541503e1a2bfec3a1538533dd6018d57b9f,card_linking
baseline,35d20b1b848daa0e6c6d0865febd427b9d39b7932a6555289ce6fc9c799d9901,card_linking
baseline,0147a7ca0ad72b724222d4582045df0d0135832f1412c58ccd66cd11edd08922,card_not_working
baseline,037a1f9f86e80946aee2b10373cf59c1de21951f8ab0764a4e93bffabaa3361e,pin_blocked
baseline,04949ad67df42566a795d186fbe80f15a64e64683d517caa24a8bf440f23f1f0,card_not_working
baseline,04ed605807d0b3ded10c5e9764c654b735abbe8d878cf66d6607ace7067f809f,card_not_working
baseline,06ffb5d381350054cf444ab83a9ff0d8cc01013a55cd5bccd4f1b9a30a87598a,card_not_working
baseline,071120cfbe3e93330eb57ba30bc4eaa86c4ea5833cea40d14ebfedba11741e87,card_not_working
baseline,085d05921d451f58996a4568fd3dae907ba6d07f716c3e73daa5b69db4625d29,card_arrival
baseline,088fdd335641886f970672c029d0adeeb43d5e97fcea4dd29c8a5bb4e36dd10a,card_not_working
baseline,09d4e2fb9990dd9380c6b9040cca886ed4af86017f8b9336210ae209b086c45c,order_physical_card
baseline,09e0a207f060dd85acf724ea1826735d7c7ee4baf50abcfcd9aae2742b0cf120,card_not_working
baseline,0bab212681e6cdd58f0ef5e84d6f48949e83b44faa9696cccc125c7d3140bcf0,card_not_working
baseline,0ca4979816f220ebb02a2951293519a2b3c79ca577170b01faf2754d7e630900,order_physical_card
baseline,0cae9504f1f69f1a72978d3bc759a3230b9ca3d6e17be1ae631e4310ac439b1e,card_not_working
baseline,0cf4ad09a1395b3626db6873621b90d3a26604814771b1ec97c953133e6d7e01,card_not_working
baseline,0d7b2522a5445570dbcda42d936ee6926bc7ec50b2272eed2b0e8b29575b6181,card_not_working
baseline,10e1cb7c8c417ca690fccc0be9d2299e855ca23b8036646d8a88bf703367d4e0,card_not_working
baseline,1197ef8a22e7b547f8451f8f2256cfe39f5f625845c7e5d66da17f7e603f846f,card_not_working
baseline,12cb54b5f3ceab8d0967a28539ad2bdcf14719824e0163c3c51144767638210c,card_not_working
baseline,1b5fb1712e5e97bd5ffc7c188282e82a2e7ee428351f9dceaca0b92001ce46aa,card_not_working
baseline,1bb2b0915959129aa5b841e04c54e35dada57386c585054a22aa22c9c802f690,card_not_working
baseline,1e9105f2074616537dde95402043a84286c3d3849706a0dedb22a0d49ebf4ad9,card_not_working
baseline,2074efacc74525daa5da42e4d0fa36eccc3d5d5f16d1e4333c4fe4c8f2d083ad,card_not_working
baseline,00eeea68b5e7d7b373aac7960b1f2c15ff65c1bef9cf5e4072cd72a9b7ac1f2f,card_payment_fee_charged
baseline,00f4b4deebe38710c4c7f3d3d729a779cd98e3f92dddea8f714886196f56ced6,card_payment_fee_charged
baseline,012893504bf9f33f114aa519aa3527805e566147933efb4a84fc85f9b66a1c24,getting_spare_card
baseline,02c135d7b74f0a80427091e859354b92aa714034923e9edf95e89a77ad61f890,card_payment_fee_charged
baseline,03e3397ef0f8f8886de988e86a24fe2af82a7749f29c93e41eb8dc782e251f9d,transfer_fee_charged
baseline,04097d7e3a5eb60dc7b2ba0c0e417b7eaaf29abca98762103b010ebe27e6bd2c,card_payment_fee_charged
baseline,048706b116ea6fd66d933c29cb9db2516ad6c9699a95418e11c61b2405726c2a,card_payment_fee_charged
baseline,06f07fb78be5c6b5326f00d23aed68ca2373ee6b106ee1d2594e58a34842b524,card_payment_fee_charged
baseline,07df2373c6437e963737e8c5411d6f90be50eae576ba7a17d78ea7be5246b4af,card_payment_fee_charged
baseline,08f7e02047cd9f6b7a552788af2608e5cfdb8c7c94929aec810c06ec00fa1295,card_payment_fee_charged
baseline,0974e041681ac47fa5e1ba7a668a32d144115479e5d069d22e384b19cf79612c,card_payment_fee_charged
baseline,0a2bee51cf7e513f79156fbd24065a37d206546a685dde7534a41cfcfb813003,card_payment_fee_charged
baseline,0b148ea5b70c11abd883a20108c3fbe4eae903e2139632c68d4147e53fa4b9ef,card_payment_fee_charged
baseline,0b4d73763ff00c860227098875a899c89d296eafea97caaa8a6aa59ea8eb57b3,card_payment_fee_charged
baseline,102437e08b7c7ef97a0fa2949e5d7ddf8cda43831f21a99fadadd6eb39a57e77,card_payment_fee_charged
baseline,1058e6e7812a2520148207a772a1d193fe8fd9f8eaaa790522cc61ee6862d365,card_payment_fee_charged
baseline,115734bf9eb1afbfac84ebb2404850bd4c22dd3d15d1e78d9cba42d51a0fd725,card_payment_fee_charged
baseline,12876ff46bececd560953c9e9fbc927daf6d92eb681def3252c37b812a48de71,card_payment_fee_charged
baseline,12bc7bf4bde0f2518d65e25705245787eb6bef099131e2e6b1cdb4cbd3157365,card_payment_fee_charged
baseline,136b42285e287d390877dbb0ebfce56fe09ebe130c7204d77d632b7b5d1a1356,card_payment_fee_charged
baseline,13bc2f82fa25247bc03fc794f55a344cf8f037d781e2a7c7d138b70f077b2336,card_payment_fee_charged
baseline,13ca57cc34df93479dba1013593180c551a4313f1c9a83b96f3380ca536ef36f,card_payment_fee_charged
baseline,14cc3139c2f8d2edff40e8f9036f6bffcae5342fc3eb51e175ce415628792edf,card_payment_fee_charged
baseline,150264f34428ef7350916835207d2458d411c647a862c8aeacc3e70ea06964a1,card_payment_fee_charged
baseline,1537a8c82c8a1c5b9c9f48a894c4436f1f4e51415f71c54f89deedd20c60e352,card_payment_fee_charged
baseline,15fc00422151a7baaaa1c3cbc44311debdd8d000f387ccf48d209e24dd5fb59d,card_payment_fee_charged
baseline,17504fac1cafc0722f195bd15def7f54e95983a4ba9782e0c9a09902c3004f07,card_payment_fee_charged
baseline,18a1868084b97c6b7ce01f8c29b3203e4ccae37d334c117cf72734b2feb108b3,card_payment_fee_charged
baseline,1a04491dbc9ffa8f514b387bd6798d7d1c23e65ca0476c860abee7617e7569ed,card_payment_fee_charged
baseline,1a153dca5708dc21c042c15e1c33b721383da62cd005a672c1bf5f25bfa20420,transfer_fee_charged
baseline,1ae6d8978edafec57854cb0bc6eaef8429001f6367990931ae3f83728c91e904,card_payment_fee_charged
baseline,1b1a88f1358aeaea2c8745c372a47ccdabb7b96e2c16807aea827917f10cbd2a,card_payment_fee_charged
baseline,1c55cf6561df57198289fc79ea1f38818c3c16829fdcb262f77f108b778090d0,card_payment_fee_charged
baseline,1ce75457a40eed7130b76a07b18910badf0386cd3ccc88114e151a5d59d131c9,card_payment_fee_charged
baseline,1ee71d61e098a675a6967b632c5ee05aac486073fe365ff2a485235946502a00,card_payment_fee_charged
baseline,1f1de58a803ce97f579de5d8af98022e2b3a1f833d95dcc8e9d788bd106a8f0d,card_payment_fee_charged
baseline,219b2d14d1cbfc87efc3fada9a24983dda1ccd311e451eca474cb9017095d4a6,card_payment_fee_charged
baseline,015eaff2b2a6b99204f96c35d832e2218734e07791d2f1f37f44b7e8a03afea9,card_payment_not_recognised
baseline,01b4724e01c4dd0c49c799d64e707630549e260da074cff02245e8979f9a61f6,card_payment_not_recognised
baseline,03bfee4873d7878090a1967d7bc94a83e26441757e40c13e2c6c2fe8a77b47e4,card_payment_not_recognised
baseline,04f09bf50a596fd69cfe7dbf7c90f38531ea3461e5c40d935ee33933e9d00dd5,verify_source_of_funds
baseline,07599a3d2eccf931a2920cc693f91b5a5f9838146c30fd907cbb6db0de13d2b9,reverted_card_payment?
baseline,0835aa0c82eabc8c10f89af42dda14a4612ce4438e495d55b57601098fea84af,card_payment_not_recognised
baseline,0c1ebe320c285ed736627b559395c3167c0a7946e16653472738eecc9bb83d64,card_payment_not_recognised
baseline,0d7d91c15326b948d81479ab914bae12bbc9ba29fa77c58940cf32c27b4e827b,card_payment_not_recognised
baseline,0fc31e9cf18c1b6f3d9b0f9343bb83627aff58799dc7c2f4fe19949404e97491,card_payment_not_recognised
baseline,0fee3f5e2b2518a1a93b028ef195e035d96f106dc40ffae9e5b4e60580615f8f,verify_source_of_funds
baseline,147f50cbf0338f7c04fcf0f95fa7b03bbe41e8b66cc7ca5ab9e51ba617569bb1,card_payment_not_recognised
baseline,150ca5605df2eab4e6932dd2e831aa8540d95cb93165247d6c34f1e34e0199d5,card_payment_not_recognised
baseline,1830f92cbe42e1ea00f09488760c6ac37df9416a1bd99ec2ae67ea0d9cb46818,card_payment_not_recognised
baseline,192f4bd96eda281e0ff99baaa3c1249b5fce3172290ea0703435b714456609d3,card_payment_not_recognised
baseline,1a8b6899939688f09c3760ab29dc76fb7ef448279c5922ca9431f11eb5a2592f,card_payment_not_recognised
baseline,1c33865f4122db6dd355cd7bc9851378ef57c5c64f217b56b4039e756c55a835,card_payment_not_recognised
baseline,1d2be483bed75b0491bbf907e2088b9b7a660f81baccbd272f8922d056367812,card_payment_not_recognised
baseline,1df4fcc717534db0b2a54ab97cbcf9a7a63c74e448290204c28e2b5f4cb2162b,card_payment_not_recognised
baseline,2028f388d2b15eb1b95ece01f39143b77358e053e0d4ba75e3f22d597dab9ff0,card_payment_not_recognised
baseline,2032f3b47f204f88a67b1e3c2bdad0812341d48fd94bb8f9a9b6b3dc5459cbee,card_payment_not_recognised
baseline,214c1ee0a4c168be07fc7afcd589478164d537525789a7599c0b54a30729cc0d,card_payment_not_recognised
baseline,21d18fc84b26f2d349706c31d98ed590ba0bf92530fd265b1d036e9f1c4699e2,card_payment_not_recognised
baseline,21f737fffcb120da48f26987288a0ccb4ea0dbf66a1c700f0c0dba31942c1a3f,card_payment_not_recognised
baseline,23695420a3b053445baf97e6b00d3731fb3d7626255f4da7de461e0ae6fad51b,card_payment_not_recognised
baseline,249c15b911d1b0259a43bf2f97eac111c8968a5c462c6215978fb617e75b2f29,card_payment_not_recognised
baseline,2765a47d4faaf88476f96ac10d8cdb490301f5fd3f3502efa59664d8f5f2deae,card_payment_not_recognised
baseline,2786338bccf5666b14f562a5eb628020f31fd9806d2af40a906b7132cc0672ce,card_payment_not_recognised
baseline,28b8a2743d0feb854000c7a67d386e073134b3b7bcd7d1f03a368a4bc3070bfb,card_payment_not_recognised
baseline,294cadd72eb32ca391920d15f9ecda8d9a189bafb466f72854cabaf3ef89c5c6,card_payment_not_recognised
baseline,30c88aa065d72024cff9c6575c8068698e46097584dee308204cb73553fc027f,card_payment_not_recognised
baseline,333b09063f9accac1c0cb3fa5b3eb5c8ac7181fec6f792ea4e95a69213423a1f,card_payment_not_recognised
baseline,35465a67f53ec6df6704a92ee76dd885bf2b023398fbf7cbfaa8bf5cea4aefcb,card_payment_not_recognised
baseline,366d76798e50ece2ba4a3419897fa249e013393eec20086b7c429f41c89a4161,card_payment_not_recognised
baseline,004bd3a5bed73fb4cd7adfd8d41d6ce4cc6cf8bb4194f74317351aa33867558c,card_payment_wrong_exchange_rate
baseline,008da7f31345b9135c9206482c8bfed22a5037208c1e9136269d2e2c2f1f1811,card_payment_wrong_exchange_rate
baseline,009d5d28011b99ea4ccba261c784c635e05fcd9c7e784d18cf8eb642f27070bb,wrong_exchange_rate_for_cash_withdrawal
baseline,01fdd77beb4e1a27fdda2fc462f0fd283355b2657054d3f9c54f3fbff8e79766,wrong_exchange_rate_for_cash_withdrawal
baseline,0414990abc38a608b9521420d931d709302b34b6ddcde16b55390f9f777b583b,card_payment_wrong_exchange_rate
baseline,041b98b0644d67db312d809cb6c813a484e156cf9a98b359a4fd8cc6413f0037,card_payment_wrong_exchange_rate
baseline,05599664fd867ab21cdb984493677c6f67a40b0a6d705ff4f6e9f4685f058bc1,card_payment_wrong_exchange_rate
baseline,08599a1e790ff223118a8ea4c694479e52ddc20c2bef32b537bd5aa6f3a0c3b6,card_payment_wrong_exchange_rate
baseline,0cb101ea65e2e574ec5362253cfe1d78c4f5533093d123836636a6d4fd482bde,card_payment_wrong_exchange_rate
baseline,0e3ff1c57d10f3ba7cd9f506acee76508b0bd4b0ab7fe7595b70211986babb0d,card_payment_wrong_exchange_rate
baseline,0eab4343af43a4f97d24016fa425dc3185b9213d8b0e7287278687567d60ecf8,card_payment_wrong_exchange_rate
baseline,0ed81eb5d8e0294b87042560d23d52e8151cd47082c646326e4c6d83f756558a,card_payment_wrong_exchange_rate
baseline,1093c32fe3e9e98adad3e8fa423ce181270607bbfb4154cb7ac93916d3aa51a6,card_payment_wrong_exchange_rate
baseline,11bdc5d275651b1096013713693fb2f656a3b805b6600ad358b972c3710db6cf,card_payment_wrong_exchange_rate
baseline,1268a72275f760fa7f4a53128e3e6c91542fb3ec9d1f64f942ea53105be3ac7a,card_payment_wrong_exchange_rate
baseline,12b842344c661dea47a3bb5a03bfd962e9b86a16d75405bb8c33cc75e7a0bb87,card_payment_wrong_exchange_rate
baseline,156c321ba4e4fbd57cff8b8148aea1304a0c7d9666d8482b5f202ea80ed55210,card_payment_wrong_exchange_rate
baseline,18948f877bbf88a31dcb5d0498faff610a4813e74400ec2c568a9ccf6002889c,card_payment_wrong_exchange_rate
baseline,18b79cecb87354d2437c0ee26c1b03da9eca09c591c21667f47b6007c391bf5c,card_payment_wrong_exchange_rate
baseline,18cfe1b195e45b7dc3b45ce6d8b61b53aea4a45b6f776843f21c0496f0894462,wrong_exchange_rate_for_cash_withdrawal
baseline,1a5df12300c339a040f89bd422c3912afd326619a6b6ca5b6b20592e256d4047,card_payment_wrong_exchange_rate
baseline,1d496b92c505c38684d0ea86044473a1a581f6ac76621bd8e4b7aa0f902a0d21,exchange_charge
baseline,21b1938b327fa17d3c8e2761f6f1fac610378b4e9285afad5b265b9f4d3ab0ca,card_payment_wrong_exchange_rate
baseline,21ca81b197e85445f565ef43e35604f6313bd45f20e92c793328bcf66d94630d,card_payment_wrong_exchange_rate
baseline,2463e703be4f11574d7de256480de465f51f4c40a957688b4a7d0dcff5a1a254,card_payment_wrong_exchange_rate
baseline,2614b9a590d1596c641b57e6fbd4636652bce066fd6732edd6237aca2bd34f13,card_payment_wrong_exchange_rate
baseline,27e34a226999fec40f3b97b34091f733e98af852f6431c66382990fab017aa29,card_payment_wrong_exchange_rate
baseline,2980327342d3b3029b4cb76ca8f631388ab11480c7a603da60d109057b15e22b,card_payment_wrong_exchange_rate
baseline,29d14dc08125f7da187ede8da17300e16dfead86e61c27e5be2a77171009e628,wrong_exchange_rate_for_cash_withdrawal
baseline,2abc28a2169674ca6d9f9535fecde2f5ffc20cd88b349aeb00083a8277d8ad3e,exchange_rate
baseline,2ed6d19f4088aadeae43d819841c2667da7eacce484c7b383ca629aa06ddb2cd,card_payment_wrong_exchange_rate
baseline,32f1088f1dae66428d46fbec2178faf8dbfd3ef2b5c7cf6038f42a8f36aba328,wrong_exchange_rate_for_cash_withdrawal
baseline,339cb8efa7e3f9985963ee3c8ac3511ad8c4eab19d19605d1f77d043345e5a82,card_payment_wrong_exchange_rate
baseline,029edbf2904b613784ae07f36c5097775c9112bf768f183a6cee777eb86c29b1,card_swallowed
baseline,04587ce201961080d32844f24142eb8a1c89d4c332e438b65a90d45f505ab21c,card_swallowed
baseline,0c99816f94fa98b913a379c4f1ebb27643a54bd3c3cde5bf8d92220161827150,card_swallowed
baseline,0d8d062c771c25a6098e0faa82c81dbfdfe77cc4ffcc3e223f8a8035909a0860,card_swallowed
baseline,104df0989a0143d42714695cdc3b9d299a85bbea88ed79529e82f48648e4f169,card_swallowed
baseline,10ddda3b7679aeac0a51f6ab73559eb39dbc8f82f7aa43a08b0de893e1641fc3,card_swallowed
baseline,1e806b4e708c26d89647de0107f452a44ff4d9028cf23ee93af89bc760488cdd,card_about_to_expire
baseline,217c5f16f93824901db5c9810dae4510ee4912d0fc93fca51c2b040461952474,card_swallowed
baseline,24cd8350541596dc2f07e0fed04c9174f75bacba4812b324324cd871625ace81,card_swallowed
baseline,30601258d281e17432f3deb1208ad02c4cace37ddc20c80a8570b177ec3b04a8,card_swallowed
baseline,3e7c3fe084bb6902b0ddf0be8fd598715433c69715518cde362f3caff84539c2,card_swallowed
baseline,413e335b33b900475f86b6b52aad8ce074797ccf10713ecdcc48ff8462e2a2ea,card_swallowed
baseline,00675ce25036fc18102ca46e1aa3a762dbf008402d867d1faf12faa4559128b0,cash_withdrawal_charge
baseline,019f3908d2ed5379ee8605bc742f6ff5b03916a9a05ec19edb70715dbb991e85,cash_withdrawal_charge
baseline,094dc464b5ea9eb812cd1e113e4bafea3e6705b12461612460b2dedbe611ea9a,cash_withdrawal_charge
baseline,0bdf08924e579c58d66a57fc9cd142076fc27c348dfc84c148d810881ddc9af9,cash_withdrawal_charge
baseline,0f0c01d844e2b53b7c3e61b2a22350ec26fd1d5618390ff2757b003f20fb6024,cash_withdrawal_charge
baseline,10b1135a7522fa6d6388bf7375b228eb95ebb743dbb67e221f94d5aabbd84767,cash_withdrawal_charge
baseline,12e2c1416b6790ae629b7de332875fb0ba38c2866d5a7023be6cd173aa9ee3a1,cash_withdrawal_charge
baseline,13011257ab9bc0510becce415a728f0b23e00ce30d8c8f4b14bb6efe0684ce9e,cash_withdrawal_charge
baseline,164dc9d2d217333076230200327a458f19aab3252b2af0138491d668bd49beed,cash_withdrawal_charge
baseline,17b2686620536fafdecb913cfd60f10c4ff005fc106e74c6cc7a69b6b8c99a51,cash_withdrawal_charge
baseline,18371e274a9027441ad631afe263c0f702817b80d7d595fd6716c3a292c50cc2,cash_withdrawal_charge
baseline,1b8234f537c4ddee9a2597e4c2fd49f586cb3b6f49f9642d875c23170fa4493d,cash_withdrawal_charge
baseline,1c1accfc0ff182c81bf8c9fb36d2ee1a5d208f8b919224c89ba3862d533ce51a,cash_withdrawal_charge
baseline,1f15e958efba977f0cafb70e3e98ca9e9fd3bba0493bb1d3f55ed630d7a48cdf,cash_withdrawal_charge
baseline,1f537723788a6fd08452cf5cbcc1073637b5d32ac0d81510a771cc95d71c5dea,cash_withdrawal_charge
baseline,20027a92871120faf9137291d750b7e7a01d3586aee3a806f1929f1df818c742,cash_withdrawal_charge
baseline,2224384f1a7c0c83d5e0a527c9c86799681de2665c106d711bdd98847cc29de0,cash_withdrawal_charge
baseline,22acecb5bcf28d8c162254eb48f14e004275bec16e7a10e6cdae4c3ec1d669cf,cash_withdrawal_not_recognised
baseline,23b5325ccd601e1332841cadc390666d8399d1f00da0b66900ecf34748ecbdd7,cash_withdrawal_charge
baseline,255a34f355a789415989eb25123a685feb2f88d63a75837e5d4f74748a5f254e,cash_withdrawal_charge
baseline,25a53becfda4e7f337cd2f2876ad2ec60f88c16de93834b4777b8168d995ca1d,cash_withdrawal_charge
baseline,26e77b919ae196d1f2067501d454fac110dd0d94ebe78c70193b9d055edc3e91,card_payment_fee_charged
baseline,26f0a8d4d5135c9350cfa33ccf054415eadd3bc0b87911dd17174ffe56805bdb,cash_withdrawal_charge
baseline,27222650d67c519f321db1f0ea2b6438ff3d8e33d0f78ace1ae0cde28ca64a48,cash_withdrawal_charge
baseline,28f49b11762e2c6d9e7f580c60b80692e63b31516587b0cd9735beea4e575f49,cash_withdrawal_charge
baseline,295abf6ebde07fb0fcc5c17db0688c5bd020473eca5fb02d3708675785932166,cash_withdrawal_charge
baseline,2d8a9f1d7fe0ef69e58c3f17e18d43d4bac375e6b7f05904f140e19e8ae86ad2,cash_withdrawal_charge
baseline,2dd6b606fe1b2d4684eb473e7652a851c8e4c5949795598b9f288184e67ceb34,cash_withdrawal_charge
baseline,2f85940e524ceceaf64f6f065f63cf1bdc4aaa1a0819a4dd4b2597e1f45e6758,pending_cash_withdrawal
baseline,304d082034c49076c6149e39057bb1008649cdaa7e7c7a95d6a874c11136b34f,cash_withdrawal_charge
baseline,304d31c1aae7877141bc501ea978eda0b57ebd7e19d2bc5fe757fe1b8d24102f,cash_withdrawal_charge
baseline,307142e55dce3f305c7add76bc4b47055e9cd0d00c7710a2bc82e68a27d9182a,cash_withdrawal_charge
baseline,307460ed5ca9d96c621a9d19b72a2c6358dece7eb16e6cf263cceae9bb3f4c72,cash_withdrawal_charge
baseline,31f6f52f50ef7735b6beefc9a7d7e4bb86d4262723992d70a2a8122b3e4470f4,cash_withdrawal_charge
baseline,327e93aa60da964c2ab00de9b2efb63b32074577c3a4e3784892f8df8bc4688f,cash_withdrawal_charge
baseline,016e4843db934b0b5c8995542b30f32d08f606d6145542ab9179aee1bca7469a,cash_withdrawal_not_recognised
baseline,01d6666db9303ac52a32ce360c177e3558c2e452ad29093725fc89c7c6611763,cash_withdrawal_not_recognised
baseline,052006583b8d9e36343c55ffa09526c1c7edf2506cb87250b66eafbb80d35318,cash_withdrawal_not_recognised
baseline,062699ab524ff540e19c5cfa0fa2354dbd28be18220031fa416fe063af8ec46b,cash_withdrawal_not_recognised
baseline,065ce77ef84e342a8d4b45407a4cb47f9cb1024ec8e2b946c2773a1ed8f86ed0,cash_withdrawal_not_recognised
baseline,06c642ac436b08840295c92668063b593633c5890f1010566801c7e7256929c7,cash_withdrawal_not_recognised
baseline,07d86bda2bd15fe4ffd77c24912d90fcfbf97783e10594582eff32684ddb333f,cash_withdrawal_not_recognised
baseline,0815653e8355dc9dd7ea18302e5cef6c76f3ac41d1677c9b919563a882e1e356,cash_withdrawal_not_recognised
baseline,08d75d9d8a441e129a4242bf7945bc4382f8bb83d688b853de7fb66934e8c351,cash_withdrawal_not_recognised
baseline,0be7d51625d19ce14e6478dcc30ba78b8aa99808ddbdfd3c6ab6e557f91608f8,cash_withdrawal_not_recognised
baseline,0d614b9ee341ed40f03152c2e6d606e38f4feb6385b11243ed8931a433e6d08b,compromised_card
baseline,1a330c194bfaee35f604e47c179a9b0319e7e556ebd2bf364904e07234328133,cash_withdrawal_not_recognised
baseline,1af23d4a23c427d3732b0a72bd2d9da6ce74034061abef2139eda109a7cdd304,cash_withdrawal_not_recognised
baseline,1ce1610e0b8a7e42beea14eb99183d36f9d2b62a78df28ac281b72020fd7640b,cash_withdrawal_not_recognised
baseline,1d74458e14ff51176ce4c243eb3df3c35a7dce14342d807284f4b69420e25713,cash_withdrawal_not_recognised
baseline,1df5561714f1307c6dfbff96aff4f32256d4b6977203e8f89819251bfc6a1111,cash_withdrawal_not_recognised
baseline,1e3c6a9e29e0f946908371f959e63c33b0af9c677a597edc4054be75c4d4ba75,cash_withdrawal_not_recognised
baseline,1efbc23491bee8010207d8aab85bf8bc6e9fd489f85567cb2e4101c7f8f6254a,cash_withdrawal_not_recognised
baseline,2065d175c0cb4765393830429a48689c01f852e8a1e7d0b869dbbd126eee6b80,cash_withdrawal_not_recognised
baseline,20b0ad43027ffb573a8d0aa2cc0b7132fe9675e1361ba266dd548fc6a1ff39ba,cash_withdrawal_not_recognised
baseline,21f9f2b858a2b2c6ddfbfd20514ae5d92f31b84e16a5dd124f93a58a3d57e5d1,cash_withdrawal_not_recognised
baseline,222bc449f275833160157c0553ceb6dc13be457ed9533828be0228b1297ab011,cash_withdrawal_not_recognised
baseline,23cdf1ca75b6e4399004805790999a64bfb7c5ba2bde55792d4ca80573f15547,cash_withdrawal_not_recognised
baseline,253ef6954cb88bd2a3361c01830f84dec1675a998f37e4916ba27e18c72034dc,cash_withdrawal_not_recognised
baseline,26f4430a21236894120b3ad1ff4a292cd7262a4f3da8321489823d6ba40b513e,cash_withdrawal_not_recognised
baseline,28174fb554bdf76740b5b86a3b714a654cac746e0afed5c0e4a746b0b70feb41,cash_withdrawal_not_recognised
baseline,291878379325717c37dfc8c34195e153d6d1e9bf09d77c08089af0a020cae284,cash_withdrawal_not_recognised
baseline,2923e232b396b7d0badf32efc92b34939cf70c60047e7f67a9a5607f8751ea9c,cash_withdrawal_not_recognised
baseline,2943b639c189f03a01c27d812336a94b1d366675d70b9d027ef31cffafc22ed0,cash_withdrawal_not_recognised
baseline,2be153bad46e9bbd849dc67998dd9e0949332abed089a47cad1b0eda0720a75c,cash_withdrawal_not_recognised
baseline,2e2d8ff8ec7c13c3f6e81af5e388b0f8bfb4acdeda404a621a6f3fbdffee2c73,cash_withdrawal_not_recognised
baseline,30de3f98b3c050c093b074f43ce742b5cffc57d88834285e3b98d93e0ee92263,cash_withdrawal_not_recognised
baseline,027c71f0a65209f8414ffc29edab346067b902fa96b672ca19e4af3a8d6090cd,change_pin
baseline,03cbcb64d0c56fb522c5f16ac7f2cdb06578f7452e2a18fbed5fde82f49cc449,change_pin
baseline,0470b8886950919a5424132d5a3d444f62c57a5e759e81b6ab12dbea86f44ece,change_pin
baseline,065dbedf9423a4994c0848cb57d464afd25b1ff89ea91c6d5f55b8b290ab606a,change_pin
baseline,069acd12dbd7e88ca7c65e90203699439cbf78e7089cb6fbeae2f16694158ad6,change_pin
baseline,06caf8c0bed55ef087abe64b209ef986b9051f6a37d72f38457365cbe14aec4f,change_pin
baseline,07ba7b1c4bf9321a07f7298056ddb760d1d4cbf02511122393522547cc862ea5,change_pin
baseline,09820f26f693806723c2b027329036bcf87842a2be4af77d42c584cc2893663b,change_pin
baseline,099546dec92a03ac491c4dda6c38675c86cfa36c090e172c056a35c849ed39e9,change_pin
baseline,0de88c378797c4d21191171992d0b788f2d0165fcde1023775e9cf856ebe0649,change_pin
baseline,1023d35cd8130ee4e28d132ee76c9b814654948b0a2774c1e1ce98b0ff7dc00b,change_pin
baseline,136069cb16b3d0d14c05974b79ade53d3a2f618eebe4e1f3c33cdd3304856213,change_pin
baseline,173cd9813c174623224f5b759a2f3c2000e894b813ada3d1f30042a7c48837a2,change_pin
baseline,1c03a78691c9a0db7c2eefeedd2d262556e084fdafa24de76a01a02ceb31aaf9,change_pin
baseline,1cd572ff3944e85a2b898c07abdf02d2496b38f38ec448150320f1674f9af1a1,change_pin
baseline,1ea65bdbc051f88db6163984b0aea12d488f7696de7b424636b0e4943846a5dd,change_pin
baseline,2107174e94dc3e0d4378996d0aafd1b555d5c15eea69faf1e69cc942808ee102,change_pin
baseline,212d6831a7e15c8fa582d410a5cc7ab9f164639bb33c79c1fff44cbd0b7a2c5c,change_pin
baseline,22acadd48bd07c61d2a2a5b341c880946753b9a8c59bda741b07c4a8f01321f2,change_pin
baseline,2481c353adbd0f9e5dbc3ecef14f0fdb9ca45d8e5fc5bb4664a36dad4d37504a,change_pin
baseline,25011d665388197d6cc210f5d44bf64afb22c782ef4e342e9aa8295c115fc064,change_pin
baseline,2ef6debf0f3744e59c4b84806346194876684c96bfb53d0348cf9d4834488872,change_pin
baseline,2f03195622ff2331f11df7b98ebba4af99f62dc497b0051de2afb009fe456030,change_pin
baseline,342b7e1a4c2601b0ac00241952e8a91a2fcbd7e8918cf3bf12b968b277241d94,change_pin
baseline,0693f7ed1a42c318b97cdfe262d096cb674917128b9148a12f4942f8e1212ca2,compromised_card
baseline,14c64f4f85f4a8594b86b486c612350b3a5d0aa26824185dbdf7def97c5d5d0e,compromised_card
baseline,1656ae0fa34bd9b52569d7b11c4053a56d8b3a8cd7a515d0ed68735741425494,compromised_card
baseline,1801c8ba01528df8ebaed9bd108d891d2685713e0a61de959a22458a70a462b6,compromised_card
baseline,1982a9ccf83b7c72ba691d3b56aa74d4f23b6a0b1d35474fe68b1cd1a39582cc,compromised_card
baseline,19dcfa572f589a3ffb71a7b04493ae8ae7487aae94d13b1d8a5cad205f6a66d5,compromised_card
baseline,1d01ffc856078cb9765e8439a4d2871d980bac57e9f52152c57f4d09d024e537,lost_or_stolen_card
baseline,1f796505cff2acc46eff13a6b0cf4814abf09a6777ffaec5eb8cb6244aca6f95,compromised_card
baseline,20c35d41baee8a4e436e5b4ed027ce02138f958c5bf6d924829e7371649588f3,compromised_card
baseline,268bc2b5106261182444bcb1615def5b63fb9dfb7122ce8cc3e3041a9195c2cd,compromised_card
baseline,27d97adf15ab21a17a4aca6833902b61722d105cdf1aeaccb6b3ab67512dd508,compromised_card
baseline,288a1ac850c1914dc7b6d2b3fcdb88693be48e86466d4812680fceb05b2fbbf5,lost_or_stolen_card
baseline,2ba021f52c6df1822695a33608bda09c0967e3369541213910329ea14306882f,compromised_card
baseline,2c066f11d76ea5131427b8cb475260e060242ab9305a31f6ba15ccd115981c6e,compromised_card
baseline,39063d3b7912d41b27665a3bae6e3e272b4e477f6f920d3e6fed1618088cef3c,compromised_card
baseline,3c03e0bcd2a7512f856aa686fe6c4dc21a4765d78d715dff20bbd04bda1554d7,compromised_card
baseline,4554ebf1936fd4e446c601bead7e20da5ee15b52080358ca3090622ef559ae65,cash_withdrawal_not_recognised
baseline,18ebb3106cb5ea3f38dd397aad9db53c719bc9a67b728e7d4fd6ee13ad1bb16b,contactless_not_working
baseline,24c124a3c57fe607e9ac893cc1016b43271efaa55d8dc1a51393e7616d462c00,contactless_not_working
baseline,2989820c4b50aaf3147cb859719b3633c1a8390f4340a7ffba2bd17bf053e261,contactless_not_working
baseline,30c337dd9ebeca0c9452656d046a55288d03318ea8577285de723a0506517ef3,card_not_working
baseline,316b8cea3c19d07fd5388cac19ee30f106283700f23792aefe9104d2ec4c9a33,contactless_not_working
baseline,3e0c7eb231b8fb867937441a685edce0f470d76d88e574cd55ae1348ba9a1551,contactless_not_working
baseline,511c11d245308d41d0b4553171bfa9e39c10cad6d37c8a123b85823d733d4097,contactless_not_working
baseline,00eb686c708b669c35393d3b04e0d52c37a55ef4ba1d014be76c7fa7fd104149,country_support
baseline,03888b0a6731c51ebb488e626795229dd8f88b7b081d75363857857291aef254,country_support
baseline,0796c23ca80625763c1515247601e37e48390fe54e2e5654e1c019bfb0428230,country_support
baseline,090fb60c6860af33fd6338539901fafcfb5bac4309e45ecc81bc4f280fe0dd9b,country_support
baseline,0fb17e7629eb21d1fbc1df553116c282d317446a1ba910790d381efc0cd01d15,country_support
baseline,1982e251ab2e3c2448dd493e58181140a820d0bec7e66c99af0861d54610be8d,country_support
baseline,1ae717bc5f186379ea97afba0b71cae81cfa75b9d018ea20366e7a1654ad220a,country_support
baseline,1b29faab771b7436a7bedb76bd6a21a200fff81fe34d9c4b0328d461c3c6fc87,country_support
baseline,1c3297e42e81f16b33d5ebba91f3e1089c907854da52c0d9ebe7b78f48a5a425,country_support
baseline,1c60363f2531cda9625c6143de15b45ae98b2d446f4fc27d53592001affb0d90,country_support
baseline,1d597e495e34a004954d56f0afd23e5d92659e4350fdba1e759f068dffc11bdb,country_support
baseline,1efe544853c5465146b0cc50e3ba1ac046b3272e0fe0224c1ebc1d8397859115,country_support
baseline,1fc72718caa328c19077e66330fea3f458598bd1e432b90877d51ff56f31c639,country_support
baseline,205508453396b53c72cc3fc11725501ff131d859a759eefd294baf1e1f43949b,country_support
baseline,2193d377c7334a9236601d06a9b8e5b735958ee8feee7aeed2665beaaf88f649,country_support
baseline,221e489e945a6a7c017028a171aa6db5832fa79c89e2a6562856e367587612ab,country_support
baseline,23054bfa65adcb94d80f938c23bb3801eb87a92a409ec7c99b1cac8120a59284,country_support
baseline,238e8a23320d3655b4f2b83f499c83a0ccdb7995e975ddebfae6b2a4591de685,country_support
baseline,2445e25ba263a2133f7f8b16cfaa3077ec5464b8c463d4a3440ae635a7f4b5f6,country_support
baseline,26a5ac3545bbad24f157052392acdab52e923af438fae98be5f0d30c4be70b09,country_support
baseline,270c4d3ac802f84272bd1cb169b3b9443e75bb1fcefd4633c53b65fc44c5e1f8,country_support
baseline,27365c49999baf1ed2f49d6a6bca86bff0946c3b783721c350fed3ccc778e94c,country_support
baseline,27b7e99dd35f995548cab0fa8045977d5026fab30d918ada68a83c67bb62d701,country_support
baseline,2cd784bdf57316c18bbfa71761d6be3c885845c5ad46d63b246fc21331f0fd2d,country_support
baseline,2db7a14859674717b0460e26d8d62df1e14ff0d6d45ded7a616a6a60a88d6aa6,country_support
baseline,001d6a5bb5ef41dec133ee97530114c8e2df3f584d4982229bb50a770b6e3124,declined_card_payment
baseline,00fda9048358991e55f359ee7103d8594c84192ba52d1215db5a3e3973ea29da,declined_card_payment
baseline,047e98d554e68fd060ec19824e4693ceb007158c14aa8dc1d5d4f418346ee0de,declined_card_payment
baseline,04abf5b512f5b749a6a970f6c264188736a004b944ff187338160238ac3376bf,declined_card_payment
baseline,096f755a542cb4a7c15a8632c14c0ee3e1063c635fbdf8ed24b2adb3d6132fe5,declined_card_payment
baseline,09a9a8b86d2a5abdde1b119cace16f812b7246d5cdca28e84a2b57f689c5bdd8,declined_card_payment
baseline,09fd10abd9e64f044892111fd67ec70ebb3eac3fc64b1f4aeea300a00623847e,declined_card_payment
baseline,0d0ae7bd0c1151ff8cc99fd3b6f35fe13d99b35969ef7a2c6991df923adc137e,declined_card_payment
baseline,0d421c2953fc50f222580b0411044a57e9ad742d38246843965b1377b1cde4bd,reverted_card_payment?
baseline,0e97352825b06ccd592b4d3f5b81b2edc2670aa711db7ca5f4f582786eff3ec7,declined_card_payment
baseline,10f7f522369b47eb185f2e5e8822d666346d384cc8636c2f30050d6c70157997,declined_card_payment
baseline,15932742b22dcc20909f18fba36debb263e487b5a00b4302e24606de09a16c45,declined_card_payment
baseline,1679e730accf6a3a493602881f6342ae156dc68465db5d830179c6d92b03cd06,declined_transfer
baseline,1779e49cc5512b02024babd2f5cc282a4e453d0f7b904220cc88011ab81d90c1,declined_card_payment
baseline,19764a66b594189f60f8ac6210d6113d8bfb086ce155867d2733290570e6b8cf,declined_card_payment
baseline,1bb19efc6cdf08e15fd5f51d10c673796b1684482e13eecb6c69b981b64511cb,declined_card_payment
baseline,1cf4334fa1ba29f2f082813bc54e8e9ed83df511fd7676e3a4697aedc87c713c,declined_card_payment
baseline,1ea4324973d4cf23ee6c1fedc37b486e6d81ca57a4189a877a07c9156494e63a,card_not_working
baseline,2457c20e1833b522bb61aead054ad3def382cd9ad5ef558409a1eda7473b47c5,declined_card_payment
baseline,2abcc5d579d2703c7cc88fdaa423d112e5972ed001acea51629381cf94445b70,declined_card_payment
baseline,2bbf2667e56bc90a12985e285542a7af0035dbb96b3450fe85f31e2b7132a857,declined_card_payment
baseline,2d9f743ae4ee780594c3de0447ed23d1cabcab5811e89fbf37235f2991dae1b8,reverted_card_payment?
baseline,30869780f37cdee5b00d63b26a09d7c46a7313cae572939a983a9615075d531f,declined_card_payment
baseline,30ef977a46ffb9ed1304fbf5e7dbc2759104ed8da45d2396aa4325cf2b2d9d26,declined_card_payment
baseline,32766520c76b0183c13f1cba3e434b3ff1f043126680142853e87652c3067144,declined_card_payment
baseline,342a7954611dd29a822bbba9c8ab44881002c4efc5b18def908d4ab0ec8aac94,declined_card_payment
baseline,354259d915a0586a55d8ab651ec58314659edccf63a124e2a2a1d0f7e6d97175,declined_card_payment
baseline,368d462acc2d9a4696efd5763c7d000583066b7895e15bc4e9cc5173722b2bc7,declined_card_payment
baseline,36a8ae9ec124fa357f3b09f409fb4387fc7d3e544524a7bfa020fde1c8327c6b,declined_card_payment
baseline,37b4dcb3619b99cafb5db691fef1ebdc94218d3acb3f3d994284b3d309f687ee,declined_card_payment
baseline,006a90f85ff6519f38c1e19e866cca2c60a37882383b13856bed20a4fe299d2d,declined_cash_withdrawal
baseline,00927a51528797b1ed97af14844cb5158d855606f8a4c866f43c6d94f083dac2,pin_blocked
baseline,0634461951cbc76d2fcf6ab4b378705c16842d85a94238fcd5aafad31e11521a,declined_card_payment
baseline,086aa7898d65b0cf9ea1a9d2e7ebdffece6ab2efe1237e0ab034237d5e32a8b0,declined_cash_withdrawal
baseline,0abc1f8ab7e4bd7c8efebe86783dbab15c78a8795e355eeae91909d7f87a1c36,declined_cash_withdrawal
baseline,0af9a286e0ba57824cc6c619c68baae0c3f41d488dccaae42e54f01438593417,declined_cash_withdrawal
baseline,0bdfbe1f59e8c0f8e3cacf9e504e7fde9e75a3f5dc3ae810294a1a94e0756ecb,declined_cash_withdrawal
baseline,0fac823a5cb0baba7f83df525d3e8c7c13e5d3b94c1da624defe074436f43a2c,declined_cash_withdrawal
baseline,14765007e416b70975630c1acf7ec0b76552b83b1addcd9924aedcee9b43a5a8,declined_cash_withdrawal
baseline,14d038e5413050203b50ef177ae8f5fb73cbb624c8055ef5a23fe11c1809ed0c,declined_cash_withdrawal
baseline,196107f57ffd4e7ac50003e8898e5636cee91ba7f1d7d5058e7f2d16ff441fcb,declined_cash_withdrawal
baseline,1d4f2e6e981daf7de959c4d5f30a80bcf913939edb0fd2b42bb2597070e93e06,declined_cash_withdrawal
baseline,1d50156a3089cc3ef6091b8d9cc1c508cd71fd92502c1eec3a35ddf4c03e8903,declined_cash_withdrawal
baseline,1d8e2c98860ad9d183dca0b567a4a8c7984079518fff000dbc8ac59a26ffd1e2,declined_cash_withdrawal
baseline,1fa9433f7731b5bc51735f81b07d637168282daf32ab3c152805b381a92ee04e,declined_cash_withdrawal
baseline,225692c5fa4788d2080fb22de4d3617ad6f8bac52215ec0a0537748a5fc99c0d,declined_cash_withdrawal
baseline,22ee88acc760373cd67d5301ee4d809b7defa8423060651678149c3780b574a5,declined_cash_withdrawal
baseline,23d3c458241a881fe12cc94fad621165c44ebe20fa5141e384a9539bbf48b64b,declined_cash_withdrawal
baseline,25b30df743fcb8d88b5d1c218f4a16c2128a71472a76847bd8470cd11ea7e39a,declined_cash_withdrawal
baseline,26255d01e5c12c812c95dc2717630c4e8e720b1896c070280ffbe053c7818958,declined_card_payment
baseline,266b891c9e76a4b374089d5aeff215623b52d63405514aee4046f090a83c3f82,declined_cash_withdrawal
baseline,27018419a7f424eda008181005149d629fd52df74f8d4e76426de70bf6866170,declined_cash_withdrawal
baseline,2777ad27be97cc698720777ff103fa4d8d06c350842357e9408853357e095cb5,declined_cash_withdrawal
baseline,27dcc11ded395d2d3aa4a5dbf8dc2239c76795eddbbbfd3c6dd5dfc3b5a59608,declined_cash_withdrawal
baseline,2842cbf40d7bddad755e4327fc484314723eca10573df26c308a27c3660d2d29,declined_cash_withdrawal
baseline,2877d64454f4c783e45a30be764fb5fbdb2cfdc393d9a43c2b739bd0a72b4337,declined_cash_withdrawal
baseline,2b2213b806ea346da259add62381ad1a19b98313eeb34f6e293046b0182f9b56,declined_cash_withdrawal
baseline,2b4b3abbca6158c09169038deb5794479b204961e35cb34dbe423f8b31e7cbc4,declined_cash_withdrawal
baseline,2b8984b04750dca3ff0ab7d0c6ae27cd582d26142c99543dc53eaa1b51c72797,declined_cash_withdrawal
baseline,2d1ba1bb8884e29a8b4e44d965e0951a52a269eedca1796dbe46099e0df631d0,cancel_transfer
baseline,2d548706b4e32aa4123502e9ba9fa0a09c1ac47824af533e280a1bd6cae9c779,declined_cash_withdrawal
baseline,2e93677ef5d4b15393377478ead4f551256a9fdeaf8b6c834cb05959ac86735b,declined_cash_withdrawal
baseline,2ec98476c8fba122613d999104a8c0fa42cc7456eddfb42a8885f705e1c798ec,declined_cash_withdrawal
baseline,3077c1f442415a07075d0dc9a3519918b86d0b8d32fcd1a9a9c9284c2c11e3bc,declined_cash_withdrawal
baseline,001f36a310217ca9853f7d4bbcb50a3f20008ee23521742136c9c0aa1db60311,failed_transfer
baseline,01c02e8cce4be9aff75e0ca9acea77ab640ce86ab55c6bbc1d59cfd6a6ba605c,declined_cash_withdrawal
baseline,025309ba140ffcd9b3572e6b5ee77076f90192c168a5914e8e0d9e15636edfab,declined_transfer
baseline,046db65814ef550949d92d130e7020ca40fc0487580f2a0daf8648fe49f56bc9,declined_transfer
baseline,0881dce04f09f02370850bb10cb514a409185fce63e3babe176fdd5fe734a595,declined_transfer
baseline,0ae3feecdcffc8d3153c5aaf5403e26e89f1fe0fdeb7539d651c7a3c7b5ec405,declined_transfer
baseline,0ca8320a67eb2f2e408b4f60eb7a33e9c4bd50ecba32c3542335fd4da15005e1,declined_transfer
baseline,0dd01516ea0edf4673b5fb920e2957270375f414d4eda90e7a6013311047cdb7,failed_transfer
baseline,141a69a5d8e45e23656f5d3b2e29f0f6325c0a68d26df2d29c77e69879e5cf39,declined_transfer
baseline,14da8d9499d24d82d7e147bbc698a34b7025df728ae8b4259dd74bf58857d69a,declined_transfer
baseline,16141e7da0bb1ac21c77fa4719a12f28777144ee30d0d5ece1035c0864cd1787,declined_transfer
baseline,17995315af6e25937beb1f8d004b7d7398b0a573cd21435ed187c5ddccef6baa,declined_transfer
baseline,1799efad175fcc72856089d4dcc39d1d7dbbc4f81037f0f9e7d0025cf4dcabd4,declined_transfer
baseline,17da2472dd02e82204b6f1b6b67b805730b2057cca3fbccc39811b1632d55466,declined_transfer
baseline,18c3d65c659c568a55fed58319b3d52f10096d7f7fac5f08aac4a850d7d0fb46,declined_transfer
baseline,1b2766050856e2d55bc9327f3b1c90a99fd3065ff0aa2e8571808018ce1059e3,declined_transfer
baseline,1c99a93f20fdccb6d4b47719e5f9e181996fe15ae9e692d576f41fe97e89871f,declined_transfer
baseline,1e807319ce24610f28498c2a486179cbd01bd4555f8e1a61b7ad0d443e64048d,declined_transfer
baseline,1fb098990fe4ec1f27197fe34b8ff5fc3d64f9a48b5e95ae4101baadae4bd393,declined_transfer
baseline,2159f00e09088730e54d964c7a2daa554347431560827f512f0e8becac6b1f8b,declined_transfer
baseline,2164654e39888f359d61ea8a70b51a3505418bbda70929ca09c9e6689dd0d09f,declined_transfer
baseline,21dc88a26078b6e1fdb5837b035ec5b790e985c97f1a5ac655441e5898998d23,declined_transfer
baseline,237ffe6cbcab5d3b4449ba42cf331889594dcc5014e766bfa1af6beebeafe861,declined_transfer
baseline,24760e0acce4c05afc264f3e886fadcd5714622458a79e3f03d72c0f22d34bc6,declined_transfer
baseline,2677750854ccd706b5d0250d01893ab14ad1cf6a9c609bb4317b5156972966d9,declined_cash_withdrawal
baseline,26c47adf73d8e84f185370921a78d1dfe2ea96eadfd7e87d9bac39b71a5af160,declined_transfer
baseline,00074184c022be4190989bdb45747308b6f23be45c6c12cf89a1e29c6dc4a145,direct_debit_payment_not_recognised
baseline,008b0c61099c38a0742140a530b622445e877de7e8309828ded558fa84145f13,direct_debit_payment_not_recognised
baseline,00c7e605aff04bce1850e40b2af6873bbfdbc5336418ad78d0f451441a21d4df,direct_debit_payment_not_recognised
baseline,01073ebd66831e71a9d7ded29e725c881190eb9e04c0b5bf5435d0e678889a13,direct_debit_payment_not_recognised
baseline,0241d6347e639f8d55b9369d1e6d325bcdc5e94695da8df4056d173098c87ac0,direct_debit_payment_not_recognised
baseline,02485eb6b16394f6b67e02f81f0759c7c474a818944280afbee60835860e4786,direct_debit_payment_not_recognised
baseline,0414c4038a4f49d089e12f08c5afbb77e6f035a223561bdd5c8cd5171cbef202,direct_debit_payment_not_recognised
baseline,049e289d1e1eeac31ee5f837a519d5b8d7e0230d99ed91f930b4d65c922a6100,direct_debit_payment_not_recognised
baseline,05be6c60550d70a654ad21bbbacfca438d95dc632057278bab62b260128a9a0e,direct_debit_payment_not_recognised
baseline,08d5a16f24509b635777bbf55e4c1a7528bcdc49ce04de31afbe2b88cbf1f509,card_payment_not_recognised
baseline,08e20dd90f348052251b7b556b5bdf9a1565f9c8be62776d3dca90ff7e78e6c4,direct_debit_payment_not_recognised
baseline,0a1bfe0957c37fa15a7bbedf9a41cf7c2ca9a7fc4a44336b36e2cd6560ff1280,direct_debit_payment_not_recognised
baseline,0a7a456058a75b97da5ede9718d69c02526fe9084e1fa54c64e6201f9e6688d2,direct_debit_payment_not_recognised
baseline,0b2230570daab66fa7381e3a5a12b7786cb1fb83054a9713ee831cd3e869c069,direct_debit_payment_not_recognised
baseline,0c001c64c2de46d026d79f17a9132ddd0a792f5cc9d52345178836d649815d26,direct_debit_payment_not_recognised
baseline,0ed93d42ead53225aa72252b37a67642effec9e765b46beafafeed400565d663,direct_debit_payment_not_recognised
baseline,1061e876514d28f84741060b2608d00d4e58c890215a76587e5b110f16e8ebcf,direct_debit_payment_not_recognised
baseline,10713eab0bac087c113018575099b550be1699df4b2a51153fc5a2970f9a9897,direct_debit_payment_not_recognised
baseline,13505c56603afc74cf09b0202cf65ae9df01c5f6e6ffb386dcbd7434c8cac595,direct_debit_payment_not_recognised
baseline,13e75cb4cab70f23493bf6a420125132f7a23c9d74dd66fdab5fcaee0ca6e855,direct_debit_payment_not_recognised
baseline,140ff1f5c937b0c42b76fa9c989f9be06daea79f462cf6f0c8ae048af99e1736,direct_debit_payment_not_recognised
baseline,14c305711e9113ec328eb91fd3baf11b7db3bc4ba5ff60f185658d593c08b69a,direct_debit_payment_not_recognised
baseline,1550ff620fe6d6a0b1a096ddc14f7b4b4cc25b1f8941347dada06ce66c6ed169,direct_debit_payment_not_recognised
baseline,167c865fb7a76f8d696f7e45517986e2098decde55f4367b31063ee71b663b79,direct_debit_payment_not_recognised
baseline,17bc1290c0dc44c9aab6c6c5da4064a07200125c8ab122267813b6f10ad28965,direct_debit_payment_not_recognised
baseline,20a8f5f2e8371bd24ce7eb5a571a672e798375c724d649322dd501fbd0d853e0,top_up_limits
baseline,2127263a80161f69981fc83350b886a8518b01a0591e51a1b1c350bfd43796f0,direct_debit_payment_not_recognised
baseline,213107b6b039c70a60dbc599f73009f99b37dc0bdbc2f072b284ffa74c49e155,direct_debit_payment_not_recognised
baseline,225939eb3b387260d597ed6fa2798389785bd50a91c0ce2f1b2a052a54f1f36c,direct_debit_payment_not_recognised
baseline,2685c5675c9a14b95d2a200b0b685a6798f78dfaa12b568f016b5e93057bdbde,direct_debit_payment_not_recognised
baseline,283508694ab9acc32c2b6336d9ca4e216d447a1ce730a85a6051895a2546ecbc,direct_debit_payment_not_recognised
baseline,2ba24736bd6476feaa956bf5101a7a025b374dc57bccf794aa37f3f5227a9636,direct_debit_payment_not_recognised
baseline,2c72a65eccf4c63796451641c953587554788a64a00ead3ac0c873ddef6b4f2a,direct_debit_payment_not_recognised
baseline,2e0585af992d8c2001933d80c4b01f8a7ab32ff5f19ca2f294216a31738d730a,direct_debit_payment_not_recognised
baseline,3416a7f53ba919c8e94fe4b5230520cbfb32ad11c5e912267479ac59f41523ba,direct_debit_payment_not_recognised
baseline,34be50cb7ea57c2fc5c34452cd17db59351bfb0892961a8d528c3a13d841da22,direct_debit_payment_not_recognised
baseline,00c94cbdb28baa442d04297c09a161b110608ee22f9223c407e31a808f2e1931,disposable_card_limits
baseline,02810a2d081e23370b86c6ef01ceee7f1ac1ab01ec3612b3830e892e77a78dd2,disposable_card_limits
baseline,0361d791fb816918b06bb5fee812d59591965bc7db8ae594e29d77616fa4bbbb,disposable_card_limits
baseline,0744a512c5ae64823a6d635746dad113336525f0c5ad92e9c7cf2bee8bda4ef8,disposable_card_limits
baseline,0786434d92d71bbad683cdf1a02b13909d08c119aed46d0ca28b647f0987e6e4,disposable_card_limits
baseline,078c64d7252872ec440aa9a658851a3dea6364c7a43cb2af2b40649e37182e00,disposable_card_limits
baseline,081228702bb331ef959a61a9fac776748ef4428f33643638b6b6e401323cbf29,disposable_card_limits
baseline,0851deb55fd575a792b0fb6a5f961103960767ce7588af96976ecbc47bc40d5f,get_disposable_virtual_card
baseline,09e2e40aa3feec5ab369db7ca43b03b2495755d550d92ac07b352917d5663981,getting_virtual_card
baseline,0b0f2c6f530859d99f7a77d8611f90a068df77f60c97c5b14e3da9e481f6460d,disposable_card_limits
baseline,0b9acead43818f0b99490dded6aa40983600f1816b2e9c25f8e7185769d71af3,disposable_card_limits
baseline,105e6c746a2d879979bd4e1e73d365988d32ff527e23eb7851043c173e6ad983,disposable_card_limits
baseline,12044a6e5adf8ee570194561d697eb423ee9f6aa3e305444517d042deae14863,disposable_card_limits
baseline,13d03b1deba5f7749ca3c147a7415515a906938132c1996e51197b057b2c64a6,disposable_card_limits
baseline,19460b061e97a00d6cd00a7904b1acd17773835a786f594dfa584ced4e3e56fc,disposable_card_limits
baseline,19c5cf0eab95d8c2f7850d3ebe0ae0f3fe00e762d2ccbea3bb4819774d2a56b3,disposable_card_limits
baseline,19d8914260219a06571bbaffd5fae69fcca0136fe1cb551aba748a8cbf29a6fd,disposable_card_limits
baseline,1a40a3beab4618f571eb58d8169eebe38aec0185b458c0b4ad1e6b23a1ce7e32,disposable_card_limits
baseline,1a92493346a9ef524703f607b76d4d089c47cfcfd959b59f27cde9200bc40f44,disposable_card_limits
baseline,1bd22837b503da10b03b2922e4141cf898544c44f931dcfa0c01dac3371aa797,disposable_card_limits
baseline,1c4bfa18f49fe79e25858d36891738d620f1e8877fa7c368a99b9215fe52b915,disposable_card_limits
baseline,2503242906a738d44c31b4e43505687c00488109b82aa5a4e9547bf924a2d3f9,disposable_card_limits
baseline,25a9f2e3e0b195b64bcf0842403c5b8bff6ce5bf612f34477699528eb585f71e,getting_virtual_card
baseline,265d9924ef33121d487ac17e5a0c4a0c20ca4df1e4eeb6208ca6cd6aad121fe4,disposable_card_limits
baseline,0124875bce30e5c7295363664765da1834dc9081a9a26f9f26963717c408ac82,edit_personal_details
baseline,0201ba5bc3e6829d51915feb4b8bc7a8c4d04271eb4b4a73163f2149a954274c,edit_personal_details
baseline,08a818dc2965fe7e07aaccfc0aa27d3fbf0c5dd7824a5390cc06531d88d8407f,edit_personal_details
baseline,0b668892b843c3b4cfcf6d06275e82cd9f120b5b0d71ca688c961cc487fb5cd7,edit_personal_details
baseline,15a2316cc0bee082f2e506799bcb4d6e18f0cdb51b263cebf4259c73e1c663de,edit_personal_details
baseline,1606cc8c5931b0555bb29cb658e80ac47f641d58d87e318d14401f29c228b9b8,edit_personal_details
baseline,16f8353c6cae86961f14479a76e9f93b6f3d6c95466313f1a41b42ef92a70552,edit_personal_details
baseline,17098d3ce94e98ebded8bc4f40db4051e1ee9c028553da256e9a960f28befc8c,edit_personal_details
baseline,17fe8993a1f19db892776806bf435940c122774f264d6c6420c0a2258a36f085,edit_personal_details
baseline,180f403f3596653691e69317578a61f120649989c88f1b290c56d96ee706721d,edit_personal_details
baseline,1a7298d9bd6a5b601ce79f90c92314d650c018714fee4c9685a891055aa8cfe1,edit_personal_details
baseline,1c6bbe936101d6e5c82f9eb80f91bf0afa20146191d6dcc004240f41994f1f1d,edit_personal_details
baseline,1ce96412f6514d88fc58281665d1dbc1a6bd4a52c19a677f6540f066d346e622,edit_personal_details
baseline,1f3d0ad63bee9e2a1a254da5e94a362fc8c36d772f2b9d40b4270aef178ef6d3,edit_personal_details
baseline,217d6400f6a5ec169276db0e8255b99ec61cdfa881438e54270d2f1907af3f0f,edit_personal_details
baseline,28bfde7c9eac98e68318522a6fda4dbf567174750385c24376a0ae2d656c18c2,edit_personal_details
baseline,2957e48f3b01204fc917afe76936b5e8a485adf7d690134a3c2e73657c449588,edit_personal_details
baseline,29bd6a06f3af820b965025ab9e1bea475fa46e168ae7f7f662670fad9b12eea7,edit_personal_details
baseline,2a5110b714b2a0add4ba617b0232935ebf6d1dab522431951d4466d74f0d3a88,edit_personal_details
baseline,2da3651d25e14952bd44c276a8c5db431ebe95c8aaa8afac279c0764925abeca,edit_personal_details
baseline,2e20c4ba0119fa4b079d2980205bf66c98003f20feef0ce9f1e23b0741079be8,edit_personal_details
baseline,3066bf99b8ec683052901caf841f74d1bf89b3392ab02768b75cee3e2934cfe9,edit_personal_details
baseline,32979cdfa028bc9978eda8f56869391b874da34740d4abd3ddf768f69ddacaeb,edit_personal_details
baseline,364b9bf8187e67fe95f4e2c2d26fab3811b715c4800f89a7440dd47d971e3aee,edit_personal_details
baseline,01b5f89f1a915f42e829033562c59634d5c449d6ad0fffac4121dca88a081a3c,exchange_charge
baseline,031d3060e377d6465034147c08945d1317ddb2b455d99960491bb8830ddc9921,exchange_charge
baseline,04e93f92b69dd79c198ce91dc99be79198aa554d453de998d5ad25e53a99b361,exchange_charge
baseline,081f92a5eb08fca8ee00ccd7b9a53f44d50e34f97de82366db4d5601c0ce2b6b,exchange_charge
baseline,0b564c0705c2c0ce387a93d2fabf08ec7869d2b54c87ef226a3b4b088dc96b6d,exchange_charge
baseline,0e7b6f56aee67d565e46c7555f823d1de4c4d0f68b5ac09032107da47e916fef,exchange_charge
baseline,0ec76873825b15d81463238e14823be2c3f397d5576fb8ca28c8d3d2263ba390,exchange_charge
baseline,0ef38b99fd8dfbaf124e718ea0472b96ff8a61f96a928ae5a5ad002be466c82f,exchange_charge
baseline,0fa2d6a823585bac3ba45eeb51d0bbba11ca967421fd0d904c6691859d699ee0,exchange_charge
baseline,10f44e65d1647c89e6af1a916e3998eab815f9945d1c5c3444daaabc93d8bd1f,exchange_charge
baseline,12d04414356cd6d19933bfa7acbbd8b30318a79b64dc25f466ea1f8a4235db36,exchange_charge
baseline,14e0d01a44ae8918caf5e003d0101f29bb269eb88a1aa46b217610b4bd4d418a,exchange_charge
baseline,164af6d0980c2f68be3fba2b6c5374ee7d3111b820b1ad258840718283498cd4,exchange_charge
baseline,1728243c37b309a4881cf55e9529e09ec2eae81a4b165b3734701c176c3918ea,exchange_charge
baseline,18fdb80b1f437c1d81f16df545320c2d9b1c1f12655d250c387adab823712bf5,exchange_charge
baseline,1ba48621394c2f727db435b60397f44e3746b03994629e24bd584168e9bbbdc2,exchange_charge
baseline,1d1ca3e0d96fcc10ff5212b474d71dcbef07d5f509cd191705c246fe4eda34aa,exchange_charge
baseline,1df273609cce818550b0560cec2a09735d9465c53a833b28f4178a5796743a67,exchange_charge
baseline,1e7d262898601085fdf0fc0faa6e6b82beb61e814aa0438b511548940d9721f2,wrong_exchange_rate_for_cash_withdrawal
baseline,21adbc321dd6ffb4b2d8a0a4afccef9d1b4c641831f9de5faef6f924fc01edeb,exchange_charge
baseline,26391d0a1ff41f2bc9db5eafeea2298e4ae9ef632c652c66b57dbd778ed57720,exchange_charge
baseline,2d08f6d0582bc7b88fe43405407391616398eacc4b49a6a4dfd49421cfbd842c,exchange_charge
baseline,2fa99b53723527e293d3ae44b68ef8a0f6a3e2578f25be3b6fd98c34014954ef,exchange_charge
baseline,3318c9a2c6a891accfe55eb3dfa5c3f0951c80a29edf551d330521253bdfcdfc,exchange_charge
baseline,0756d34d2af91f400f936e7c7788c552f7b42192b18e064e3c6a4efbedbbb4f2,exchange_rate
baseline,07fdca46566d593e1edcc84cd45680f049b51c65feed914ad612020385919ae9,exchange_rate
baseline,096d099d9a2f73a000ef9baeb3608e3d6490097e7a6980f28901710a771ba65c,exchange_rate
baseline,0b4f354f83d93f1825695af6c2f5a06f229e75fe87a28338585742e315209049,exchange_rate
baseline,0ccdb07efe1c26c8191126a0b92c5b1962daf1a88a71d59a5b7b6efb64f52ffc,exchange_rate
baseline,0ee4e19446227159367bf280d5d34f5b9a6e0717b16eb107a1aeaccc98a431a3,country_support
baseline,12248496ac65144d28f70f8ebeb291443083b5ea6ee9171045451e2a308eef70,exchange_rate
baseline,128c91696e6b89948a2bce374dabf7fc5fe6f41f49b331c4780596bca77ac55c,exchange_rate
baseline,179f53e37ed21a95a923300426fd7877bed4d5b6e8298de9fa6acd346bd6432b,exchange_rate
baseline,1919077a418e35437adab3f8b57cc43b066bd7c3270e34737ac0ce1d6e45ed2b,exchange_rate
baseline,19309ce79ab8881cf49f77db0e6a9f2ca4ea5e573b89bc23c66ed95ef5d2968d,exchange_rate
baseline,197be07eb71cb0266d5a773dde2c75a39f8e7161a0ee3255ccc38981869a0909,wrong_exchange_rate_for_cash_withdrawal
baseline,1e875a24dbf11837adc7ca939e35b18ed357698293e6f5ccbe4ee3ea0086f78a,exchange_rate
baseline,2371a93d1453420281f3a6d9d52d74303341951abe21f2f0bc75c880bf16613e,exchange_rate
baseline,24b496d37d764756130d5f2aff4ea616f441d6b17f9b84f0f0707f4240b1cbfa,exchange_rate
baseline,2592b892a9e78ec70412371bcf209ab4dede9efa1b5309efc6e3c95ca3667062,exchange_rate
baseline,26d5d0d1ce6bbf824a234ada79834205ce37cef352b3961886fca2e204190448,exchange_rate
baseline,2a3e0801664e31b7cab2eaa28fe6a7b79b71415e55fb16a86f1b3b51a00d94d8,exchange_rate
baseline,2af10001ede03590084aeec0eeb31f2116ac6cdd7e5f35b5f42c622a7706acaa,exchange_rate
baseline,2cee5326c0836394659b584e018d4d45abc19701ef854d2300a961cc418eb924,exchange_rate
baseline,32c65b3c58817beaf56c624889d567ed261ebaa7df0b4c8602bd6ca64a89a433,exchange_rate
baseline,336f4aaacd242113fa7173ff8a16f538e2f9284ca4a806a32cf78a900e195dd8,exchange_rate
baseline,0138605459f8c2e4fefdeb59a947c847cb3d0915b10fcc0ef270f4f5ef27dd37,exchange_via_app
baseline,013873903b590b12bda0e91f6f5973a2380d9a8b528e720f9a8720e57a1c5834,exchange_via_app
baseline,025ae06113fe61d06c47a3e3ce8ad171fcc569342394374aaebd4c9482fd374b,exchange_via_app
baseline,061758fa4ddb529f69b38aeac2e7f2c49ce0775a5c2bdcfaf1a7977402808df6,fiat_currency_support
baseline,06d41b4480a736abfd3a6ba0025257029cedab4230fc37a8edb007374b7fd480,exchange_via_app
baseline,06e23881cdf6f82acf619ec8cf89b3820fdd46f8d73074d4f161349652531a9a,exchange_via_app
baseline,09866a5174e73498503f3537951b3f380ade023c425bef02e8c47c9519316327,exchange_via_app
baseline,0997a2ae7fe1958a7053f86a7b17e70b62700586aad69f4e0fbc147b4713d0a9,exchange_via_app
baseline,0c0d1039ffa75bcbf23f8c31314692f07150f0c848f6feed1ea93fa075e7be0c,exchange_via_app
baseline,0cc0bafad1c63ec41fe826c3c491e6e0db162a6c42479cd49dfef03201b117ab,exchange_via_app
baseline,0d00df64e2d56ca5a8b23cd09048788cbfe86ad7b2b037fcc5885ad8bf3b6329,exchange_via_app
baseline,0dbf3aab2547a5ab1da52de95270f4e8fb9f80e98fba303b1dc477ee02aca5e7,exchange_via_app
baseline,1032a42c8da9f5b371655f852f3d5dd2310d06c14c0b1ee3fb4229e5990b1336,exchange_via_app
baseline,109aae09bd2773b1d1e1cd49fd92086a8e40f47000d7a763f908e5d34b6c7a2f,transfer_not_received_by_recipient
baseline,1196b8040c898d6ee62b93869c63f3c8441a1d5644dccaad3951128c5acbb0e2,exchange_charge
baseline,125548fc98ef960dcae332e377fb4fc062c887b3b0b475400b03d34ca6cb9148,exchange_via_app
baseline,1336bba165cd3e3e1ba6734a5ee4df72a7d7c2b281c90fbe3d335f4d3ee10eef,exchange_via_app
baseline,14cab713ebb11532f46c9f35160bee31d176c38b685b500893917e08a19f8c1b,exchange_via_app
baseline,1c037958aca6e0374f132b150973a8ae4a276ba376c4c0c22979f3f0771180c7,exchange_via_app
baseline,1c40eb7bcf5a38d987b74b950b3e0b9d1065133f48076ce4ad7a91a7895c8377,fiat_currency_support
baseline,2071758545e351ff87c35ac106feb1c770957f5ef22fbdd88f8d0d1f9ae396b4,exchange_via_app
baseline,2144fd4248b507e26588517a7d390affa11a6cde9d5063aab69e1c8a39d6ba98,exchange_via_app
baseline,2170bb6a7f1074317f5c928c9f317837884597fb62af05532548e4a86160ef58,exchange_via_app
baseline,00b2cdd1b72418c6a2a18c5881d36758c084924cb2ea305ab80798fc2b4e458d,extra_charge_on_statement
baseline,0106e7273a24942bd8b3a3db7329c35ce3d7710317144ca048bf270d779a54f5,extra_charge_on_statement
baseline,026fcc50057ce2c620dc248e9d9779f8a088a50fa27e82d0faa248d1ea163718,extra_charge_on_statement
baseline,02a0832fd412497e11e9d8f7873514595b2e690054440154cb967c7b57cd70d7,extra_charge_on_statement
baseline,034a5391f0bf18ea772db4bf72c89b4324f9e4743aa7917aaa54ce24738084fc,extra_charge_on_statement
baseline,03e17d42664026e384355d71f36b68473c9ab67aa9c88584d895b03480e245e8,extra_charge_on_statement
baseline,0545695ed0b4633d242df411273844754c27a6685a5941aa64107d6cc8508e7a,extra_charge_on_statement
baseline,05d55048f67b8bf0e89496b770480ab4f127aa126c6b5b00232a807663ee8696,extra_charge_on_statement
baseline,0632da5465bf05870fa96e731981c2da52e3c04c725cba8780988a79ca40d5e2,extra_charge_on_statement
baseline,08733bc77be955bccf3b22a82c82eeb6f15eca612385b07c2362235dd0c49926,extra_charge_on_statement
baseline,08dfdd432e79eeb78f20a205cbaaf4228d4f72a5a8e7d519b62eae8a25f43af0,extra_charge_on_statement
baseline,097ed585cae60489ba1166a363758e8c58dad59d7e07a4a8106de521f7400f7f,extra_charge_on_statement
baseline,09de4df74b7fa850a9b10f69eb053da10df3b6c3748a1fd512c055ab4c482087,extra_charge_on_statement
baseline,0cbec4d2e25c2b95466afb5390f95b96fb14676e7276bbab6d472f416e94bcdf,extra_charge_on_statement
baseline,0d628d4d3935f058cacaa95391d241a0f6a34baec822af01a7df17e6b5cb1b7d,extra_charge_on_statement
baseline,0f781a72d32f1406f40af01746cc446a546809ee1dc1373417387e2dfe08c251,extra_charge_on_statement
baseline,151c245bc269b24b84f27e9c6197d19b6c75167c45c841c71e99dbe3e76ff755,extra_charge_on_statement
baseline,1964b163a6773cfb2431fe0be23f324f910407d0166e4d1328c5395f3ada5825,extra_charge_on_statement
baseline,19a885ea37b88845174cb30c03e5a1999cf69f35ce6a1c2468be05bb3af8fe76,extra_charge_on_statement
baseline,1a811c95b8075a524e1f23e574a0fdbc377d9db3e4834b9047c785c8cdadd000,extra_charge_on_statement
baseline,1b147139939d63f91939be676319fa19038fa4e6906b039960474731ab68a79e,extra_charge_on_statement
baseline,1e178dd72a747e25dd58867eae220221614959f6e6e7e3b61ebfd808f6706fae,extra_charge_on_statement
baseline,1e215188aa3cfd9fcec30c9b873cc515bad7537475cebadd6dec9e2741c075a8,extra_charge_on_statement
baseline,20175f4c0859c8b6021e3a76fdc54cf3691687aee7bb27e65244a268900c5fe9,direct_debit_payment_not_recognised
baseline,21ba71813b904b9c3d369ab1e0f1433f39c802cebcefd174718651b3a27920da,direct_debit_payment_not_recognised
baseline,223839de568e486e63cf48718710dbb74b2ba394e7d4b8df29d12074acde77a1,extra_charge_on_statement
baseline,2298260b4117879767c612331ef6df1f1a63cbae50a6a8d97665a2bd3581b167,extra_charge_on_statement
baseline,24086dff64c30fae6d55b665e6a6edeaedb4214becd12977636a38e566b10b8c,extra_charge_on_statement
baseline,2586d1c5e2a7e6ff6c255cc41a627942b6b38a26ef9cada6a390d62eb51e4a30,extra_charge_on_statement
baseline,27453bd8df99214733767c4e561b66d54a20cc6e0030dc30fe2dd31af612106b,extra_charge_on_statement
baseline,274f29c49bcb73d3b1305f1966e6302dc1e5df0d499b49ac791c52d0c19acf3b,extra_charge_on_statement
baseline,28a9883c1651fa108440b8dc5fb12d9beb91fa7f40fe0915c6aec64719d3ba46,extra_charge_on_statement
baseline,28f5ce5030da5da8817ee72742923eefd336a8b04335a3987fa4e6c998d4e269,extra_charge_on_statement
baseline,00664f5e40e13088df2fc8b17af36c4f5c115d6c94b024b4355310445180ab10,failed_transfer
baseline,030c73ebf1810e4380cb00da326b710688977e2f0768c8704f93cd2d6e67e87c,failed_transfer
baseline,03331d57a25849a0ea56af39fd9b2bba0027797c16788331ac939cb49cbf5c40,failed_transfer
baseline,03540f5a0720ce1e0a1ac591124c738e8de4f3bef59aab20fd9a161573239c85,failed_transfer
baseline,059f3cd44bef4d8bddccb395898444a576b32ec6edc834cb569fa1ce0900c32c,failed_transfer
baseline,0b6a0a0a2a3ebd98fa80d8f5729b6fd59ae6154d8d2e2182c8d0547e865ccd7c,failed_transfer
baseline,0ea78a526dbf872645bef3051d8280523ddf6755a0e1eafc89d96b5803adc093,failed_transfer
baseline,0ed72e1f2f3761ce4ff5b40374c3da6af1bbb7dae208c3d825938e776ae8481b,failed_transfer
baseline,0edd96729e763b55e2b28c9889bce4a21ac979bbfb0ed71ded5befa4a0daa0e6,failed_transfer
baseline,0f049bdd09c3d2dca14576954b018908397ebe89e6e8073d7fd08975e754aca7,failed_transfer
baseline,0f3896c0f099bcebafba37fc3770bfc831063c066ad857a4f3f1d9c2bd36d8a7,failed_transfer
baseline,1230b8c6a922fd5e6dc3cd8acdca599597a996182d3c17b3b5b3a6ae84118ede,failed_transfer
baseline,160d45ab7e8d580ca88b2b648a1a03fa8db10c248120bbf214024fcab81b42e5,failed_transfer
baseline,1b279eefa3f8993215c027ecea1fb4ef9571ab6fbda90b52beaa098b5b579631,transfer_into_account
baseline,1b8094acdc50be75a91c5218a7c9e65d8418b92e81116cf9546f86405313d1ab,failed_transfer
baseline,1cfd8e97a6561d5c782fcf278fb66b01c0a86230f0aab32f6b6e5a238dcc9d8b,failed_transfer
baseline,1e7f06c21ee2a859d9fe0a426abe18bfb78eb237ba2b3ac84f8510bb495ac28c,failed_transfer
baseline,1fd88bd850f36ee89a3613642ebff06a4be89c281431bad640d8378f4a13825f,transfer_not_received_by_recipient
baseline,21e17c5ba156dce6a7d4c69ca02d90d63bc15eb202121986684ec7231ae6f2be,failed_transfer
baseline,21f228f1650e331344bac904540bb11506c3d83973e157012cdbcc5a81d31c12,failed_transfer
baseline,22192d8fc5cb51f910aec039ad2bbdab98b7ba765ddef997bea9ce7ffcbdc021,failed_transfer
baseline,22d890ca00d321df1637723924cfeef8c3c4e5dc3f7e6092852d154c7b0086bc,failed_transfer
baseline,233f284f05abe174d949d4bf83dfee023b260b35dc3622ae323d48a97df68908,failed_transfer
baseline,2464dd79f1d4278fd5b3adaa8f30209fc40e46dad974e03e1d0bff0fd4865d31,failed_transfer
baseline,251a22671b5c8a09f98be210744d590f5d9e35faf46eef2fee3b8dde845452b4,failed_transfer
baseline,2a20851ad6408b8241d9ecd933aa35e56741ed93a4c4270d381de64732cce868,failed_transfer
baseline,2ebd97153db409650205c41d75c0ce201ec83e3dbb9cd3311a51ace33880d63a,failed_transfer
baseline,0196ce63d3acd5cfa94508f5a504c107dfe5cf3b58788a75cb5dd730e1bf4d3c,fiat_currency_support
baseline,03e8f48ba21426c7bf02f29e1474f481f0238fcc882206b7a900f1aa67e4d3f7,fiat_currency_support
baseline,08e6e8b9957633e4513c3ca2bbcab212b28656eba2e71993ce8531ebfac51647,fiat_currency_support
baseline,0c06e2f47e315f5f5a3361d660fc1f32a1b5df7c334b472f1771f7e9d6e36404,fiat_currency_support
baseline,0fb0882f689e0bde58347aae26a8ef345d035cedf710212863c387715371c4a3,fiat_currency_support
baseline,134437fac61b6251af02ea04c9a679d2bb27d9297c57b17a7ae2514ae735fdef,fiat_currency_support
baseline,149f0885512a8a8479eeece256ce487a7fb7fecf9eebc36ca78909177b81699b,fiat_currency_support
baseline,1616d47ac5eb535bd645f1dc3e526a0be6dfb93f9bd91ec26b053547efa602c9,fiat_currency_support
baseline,168da9857da3ec091f2ea8f5efef4dac7406bb33e76db6c13cd545dc945bea81,fiat_currency_support
baseline,1a142b78e6a8f7b48abb03f8741e0adf4e9a2c97fcf4537f1502af985182b7fe,fiat_currency_support
baseline,1fde3df7f133e11e0c752932da554b8fa87f53bcb1f7811160576aaacee24174,fiat_currency_support
baseline,20002011588fb930f32b99e7a5ae06075e31fe33495c5ac2fc4cabb0fba17cec,fiat_currency_support
baseline,20c0c8e97419080281b71ff288e5ca4411aa079aa9f0f8d56e65e0b6ec89bea0,exchange_via_app
baseline,20f8014432a5f74034aee322512ff65a54455671876849d8de7837d688cdc9bc,fiat_currency_support
baseline,216b4669951399df91e43946a2a04b7883263e4edf114717fd73fb8abc6e0ff4,fiat_currency_support
baseline,21a64fde88d26d4a283b128fe0475f261b5fbf12bf5bdaa905a0b2ede07a8f4d,fiat_currency_support
baseline,22c2a04c7e57b1dd755fa5a80dfeaa001ebdc519858cbbba72c6a34104c29d0a,fiat_currency_support
baseline,22e8724ef5917fc6b63b9e49b1b582334a72f97bed1eea96eeb955e224dcfa34,fiat_currency_support
baseline,2362baf964733c884821682d80ac5710d9254286cf0a32bd8bf105f04328e5c2,fiat_currency_support
baseline,2743372110170bcf2262eff28a65ed2c13bb648c943eb81a8378e5edcc4fee21,fiat_currency_support
baseline,2c7845ea87bf32d7d88d2faa66186338149585146a82bb35da0d012965482092,fiat_currency_support
baseline,2ede6f6b6d8b8ca266ca2866f04ea194274d2a91a627e949c112d6a9ba90e3b5,exchange_charge
baseline,2fd12acc1470bc491d14c15f19ac2a6314033dc15fb1b57725ffa8d31c457d66,fiat_currency_support
baseline,307ce9af8996fff6429f0f7a70b71370b300bfb7a3dc11b5bf2709c49139d4b7,fiat_currency_support
baseline,3298e35d0eb84a6ab04781233e4704214ab6cff21a96b918ce697973061bb21c,exchange_via_app
baseline,01254535a5a1821587ff1722ba69f29ea7a068328fac13c2a5e0b3bff2783d89,get_disposable_virtual_card
baseline,02c8d0a923fa7eb0bf83cd59f3496d55aab1603d87e150951c98625d2eb631a3,get_disposable_virtual_card
baseline,02d109f2a74ff8677d3554fb9e2b162b7cb8a40a34157bd2e75354cd16f0578e,order_physical_card
baseline,0681f01d828c2bbaa1abe411421680a2c9111517b175a90f0c1cd2d442acc639,get_disposable_virtual_card
baseline,0a7c5cd92166170478529c805d381a12aa99ca07427f8b6d927851b20064a6c4,get_disposable_virtual_card
baseline,0cabac0a4397353059299105be215f23d26be92f6671df4bdb2cbfa833f7009a,get_disposable_virtual_card
baseline,103f39a42ed0f5eaa7c1857679db2b3c5aa9cfdaa68dbe049923a0b8ed45b7ac,get_disposable_virtual_card
baseline,104f92f733263dec4f607edfb5cad68eace428068f11d9c09b2bb491b8d07e99,get_disposable_virtual_card
baseline,11a86ad781bffb7253718ca530c2d258d98738824996b88c9fb1fba513aa3d91,get_disposable_virtual_card
baseline,15d13d41f30bc1f5742076f0e47ac6eb8c39860bbee6e653c500ff4c28a2d150,card_payment_fee_charged
baseline,17a12dae64111137045626074cb5bd16c5da38d42cd29b04b796a258351b9f8c,get_disposable_virtual_card
baseline,18b527b24705df79b43455b1812198f7dc06572a19ea506f126461bd5e6a6712,get_disposable_virtual_card
baseline,1e89e082077658751a395a12b4f746644922e6a877a0cd99fef2775fbaf62519,get_disposable_virtual_card
baseline,1f23dd321f477a4ebbb51f047eb6033dec4f648386cd3cc4939291d1fb2cb63f,get_disposable_virtual_card
baseline,2662c1dad160c85d1c6a97cee3ad89d9a6ada3fb250da6ea2f93262990a86cf9,disposable_card_limits
baseline,271f8c6117cc61996772bcfe4516cdfb821556532940bba10547370ed35f57b5,get_disposable_virtual_card
baseline,277d31ad296a6d43bda9331dc978e701f8e45256d2b575afc3cdf5fea42c3b9b,get_disposable_virtual_card
baseline,286b2d2a13f486a1f414aa1e65dd2f31c0d0bc364391ccb579754bb4544a8ddb,get_disposable_virtual_card
baseline,29f594ed4d8ef5e8c7c706fd666f9a84d4b1f08131a6bad92a09b906a8f14e31,getting_spare_card
baseline,018af3213448602222809956237c2a6b226caaa89dc05588e916eab7cefe7c88,get_physical_card
baseline,01ed11b021b3a6fe8439569639dfad4b63aed707326b1ab9b1369860ec75ca52,get_physical_card
baseline,037f4d41d9beb34c726445c749c4ff81bbcd0c1fd54d685c8af665c52d9d28a4,get_physical_card
baseline,04bdaaba28142334495ee627aba9fcd05a12f3cd6635bc8d27d8d6dd2c0e622e,get_physical_card
baseline,04be4410ba4406995d0fecd131a1a87895202110455a28b065b1c28e92429d27,card_arrival
baseline,0974d4bd25e236ccf5d81df18f11fd1cad3b2f4a1cf0ab86a4094b00c5cdb0eb,get_physical_card
baseline,0adeece1233b686847fe4022bd4c5f3f0ecdc94c6dc846508f139e059d61562c,get_physical_card
baseline,11a3e203cbc00831af50e7d8cfa6f03e1f7d6b6a67c86992cbe8839a2392608a,get_physical_card
baseline,1994191ea3d0e10631d5b4795ff1544f95b87941e2fb1384be9cb8f7a08ca877,get_physical_card
baseline,1f2b230f1abcfe8295153998de08ff09afe91606cc4adad600aaa053b62fcbed,get_physical_card
baseline,24ef6842c60535eb1a2cc75f3f1987cb1a8f0e9f82766127080da3b0939fffa8,get_physical_card
baseline,24f249e37b12a7587fc2ae9a9accf57b0ef0c3179c3fc5ddd58acf0db22a7a64,get_physical_card
baseline,24fa84aa6975ab35b3e9fea82107750acf15a42e1998b1a5cd248692ab6de95e,get_physical_card
baseline,27d2940ff36fac7907cae56d7da9b1dce6e9647752912fee2e2f4657fc7ad36d,get_physical_card
baseline,295bea2657b4b8caf2458ebeeea8693451245977f2437b987043d7eaeccfad2d,pin_blocked
baseline,2b44e5e14b2351bb7770506e5903866be6ea7984a82aeab1048b050f8cf480ed,get_physical_card
baseline,2d640cec766329a9fe9e20ebc0bfdb1d0557ca6af92053bc31a498f266386aca,get_physical_card
baseline,2d7516bd8a135087c83053df81c6932d1bbda1c0c4e4bc3e2166a76cfcb1b0b6,get_physical_card
baseline,2e58e34cbc866558a83777f2b4a532e56bd39606dd1c3840a7be0c7696fb5d24,get_physical_card
baseline,2f4b3b21e600123e3975c8c8d757f24d6932a781c9662d88df5efcdf93efa8f2,get_physical_card
baseline,2f5eae1e01897747c380e8ffac2c7eb4151ce8d95d731d58967ad0268c265819,get_physical_card
baseline,06483d833714a3dac5f3249d1e2aa004a73f57a9275e8b4fe6f90c7c146765aa,getting_spare_card
baseline,06a0eb87af78fcc22e0cd71adf2272d59a3d9d5e0c1fbf4f9ae8c1e1b5d19341,getting_spare_card
baseline,07a6beda53c901edbd1589bd223ac555d1b6da6254e3c0fba831fe8e018248c3,getting_spare_card
baseline,0d0a4a10273d6811535d5c8147758ce4a1b6701f4026adf3d4ca7e6d6e090b80,getting_spare_card
baseline,0e03d5e168b58685f1f7996b1b848a7b3bb5ce072983ee9092e1954056b4fc7f,getting_spare_card
baseline,16560c4c780b40639552be08f89347dda4c081cdae518ecb81f987a83ef8b49a,getting_spare_card
baseline,18fd1ea33706296097cfaa1f3505eb489c8c05ef5c44d947175e8c6ba6b0bbd0,getting_spare_card
baseline,18fde964ac003951753a422d4b8d9480eb8ad8f9e3be78b6bdbd178cece97fef,getting_spare_card
baseline,1b3e4606752f3bec68c180e87036ed99f62df3d200892b04988c31f0af44163c,getting_spare_card
baseline,1b73c8eca2d60aa43a470a6661ca63b725de17aeb05a644a782d12d9990d1015,getting_spare_card
baseline,1c65a646b5ba14b3c5d693ecbbabe26827c068acdc8939014567ae0aee794c59,getting_spare_card
baseline,1f99ef891f6db799af5ff3a721e6b0ea7e4c7ef6d20152be95dd5388a35149e3,getting_spare_card
baseline,2158321887eee6b70fda73962481089b1680c69cf33af082ed910799d951cb80,getting_spare_card
baseline,23a0cff9d69cd1e92f5c06c57cd8a9dbc0651b9bbf0d44e0cce89c9af8bdd9fc,getting_spare_card
baseline,23b9ef7895423eca8e09bffb4572545fb337140be98c17ab7063c3ff478bf3a3,getting_spare_card
baseline,2459e28420726b3b18baf0105e8102978a363d48fde129fdede0adf5c7be8a15,getting_spare_card
baseline,26500a01c2852869789529694f5e006e66a31cd036f8e591e3b7650c3652a6d6,getting_spare_card
baseline,27d91f27b07e839a98e5f350471e2b3410c7f86c0c9acaaada08beec5a44f34f,exchange_charge
baseline,27e3a6c04f47076db6e370b16d6a3189f11c13051906733e088064a08e2689d8,lost_or_stolen_card
baseline,282891396fdb02653b1199c084178eb6c772dc49973c0d9a6ec02c3003033a29,disposable_card_limits
baseline,297b967518a87e1c409d9bb721d80e56506db64afeeb67272da7a34c666adc1b,getting_spare_card
baseline,297d1226de126f6ce82fc4db03c81bc75830c98143c09e65c886c0a9f5baa128,getting_spare_card
baseline,29bd485a3cc2dc8f58e3d62bada610a09f8e3b676b035d160354fdeb5d9fc76d,getting_spare_card
baseline,29dc5f3c1ffddf1c7c355a17e5123c7c08972592cfa6ccfabb8fbf594bb5a2b6,getting_spare_card
baseline,2ea23a64d5404caf79fb7008380838dc01efcdba26e6416868e561210aa903a2,getting_spare_card
baseline,0038c3ebb2605da22477d9651f74824de84f8d301b5462bda15c3e7291a171b6,getting_virtual_card
baseline,0519e6d081854d12264ef4ae3689c851a41e4bbb6141255e4d60ff673ea9c1e7,getting_virtual_card
baseline,09f88a4d5a70cfcc7ff9d3ac217164986f9d6f1bba0cb4d743b1f1539e746021,getting_virtual_card
baseline,0b5477582e03648cf62f0e2aa05ee93f398973e96272354e8de92ad0ec6cde57,getting_virtual_card
baseline,0c314fe85e2a5e408251e32632729a07ef062637f148e20f891213a817fc1d62,getting_virtual_card
baseline,1034e0a95cffc5a0fec13b94fbf4a5d9f44e3ec5b0a6e7e973cf54180c711b40,getting_virtual_card
baseline,1343baa3bc667b0f5f6f5a1d4a03a544c07571656595d049c1b178075c5381f8,getting_virtual_card
baseline,13b5ff1137aa6a01d905c9160b54c6237915047b7b720a0d9918fb0db9a948a3,getting_virtual_card
baseline,17f8e59df17c5c32e015bc113535ab64a6244fff32819dac60a8b2774fb3e746,order_physical_card
baseline,190a641449015d97aff835a00c63f0295f8f8e1d041d902fdde2438e7242a703,getting_virtual_card
baseline,1ecdb61e296d9b38b8e9a6504b4f71e05eb407dc3ab323a0f39f0f58f91abf7f,getting_virtual_card
baseline,2099bc430bb698156c00cafda6813f33198a9c92790453ab8471077329658658,getting_virtual_card
baseline,2895ddb5951f82f73124daf31bb24a5e152791f51f90541c11bbc1f4a0630260,getting_virtual_card
baseline,29370ed8bbe250db47b8ed77eff6023075103e09a20b0d1f0ab3932ca9dda3a0,getting_virtual_card
baseline,2a3f93e1d0577d8827ad162546c8ae841eb50c0dcc8783dc3fcef31a35de077c,getting_virtual_card
baseline,2a768752e3c92c1d426e3d846b8bad9d8e269e9106b60a80b98696f9de3e3e12,getting_virtual_card
baseline,2af80a5ffdcf1b2f10b3f106866e102b98243863f33a3b0b54d7d144b0cf00ca,getting_virtual_card
baseline,2b3fc74fbcaa2f6bdd95e4194f2a548b03a18daffa5fc4296cadb92c6a731601,getting_virtual_card
baseline,2bac16946c84835622767c16983d31ad0ba72fd663f6e7bd9203f9f3ba623678,getting_virtual_card
baseline,0421ff78cb602cd78858d592c4fd0aa397faa48b217005c60f94352efc14d5a6,lost_or_stolen_card
baseline,0afa6ecbca343dd23a5cb55ece9740069ac848f4ac4b45630c6e4d87e7fe4ea0,lost_or_stolen_card
baseline,0b1b912653d31df36b1bed665d3b259a3ab3f32bbf5ab9fbb88379a57419df41,lost_or_stolen_card
baseline,0dde8502351033d73044a8e73aac1e0e7171556f676e4fe0e22f86563988100a,lost_or_stolen_card
baseline,0f33a5e6b2611b224b32ca1acdde4161eddae28d35a375bcc5f5a28575e4ef71,lost_or_stolen_card
baseline,0f685cd167a09c409bba26735082ed7edfdd11627ae3701b3f75d4ff24d55ec5,card_not_working
baseline,1082b7dd013dd12e04ae96658efd0b29e57025f67b91234faf7574d4647b3327,lost_or_stolen_card
baseline,15e9a204d52dae49e2b82a30945e3d61a28bf81477c29c8c4198373d3abaec52,lost_or_stolen_card
baseline,163f0bbf1ae950de5d165880d242d5c503cf1ac4cf18af2a88c8820450af1f49,card_payment_fee_charged
baseline,16f663e858c4f1b67a9d2312d48064bc30dfc33d5c52d83424faf978587850aa,lost_or_stolen_card
baseline,1706aee2017e390fd689677b61cd5c53c387610283f1fb6de03b23370b7844a1,lost_or_stolen_card
baseline,1fae648f25584dc9340dfb9ebdc4b3dbedef13de170929ea105744b4e9f86712,lost_or_stolen_card
baseline,22c0647d74f5378620b102a86cf9cfd0dd53107ad45e5104b946146db35ab06c,lost_or_stolen_card
baseline,2552441bc2a0065609a5aedbf3d23ea27886d8049786d2e510521d487f7a217b,lost_or_stolen_card
baseline,2865bf4ea398b2d9a530f21f82e92e0d7130748a4b4510324baac7f47d5b3050,lost_or_stolen_card
baseline,2fbef974df190cf11c8502a88918a0307a3d852b1872326231b275b849e01eac,topping_up_by_card
baseline,02342efafcad9ce21c4429a12fd8403be8e6f2d70599d7e19f261ecc3b784ccb,lost_or_stolen_phone
baseline,044f7406a844968f585a0219d24389258eabe03aa92ca72fcd3fceffc107b959,lost_or_stolen_phone
baseline,049dd10dd1ecd99977649a86afbc91b0095b5e65c3a283999d44dd4abdc2bf5c,lost_or_stolen_phone
baseline,04ad71dca2f286d043f643c2d04abbf77f7d256a7d7549ea307dc52614a55b44,lost_or_stolen_phone
baseline,075d40c9dc8afe18c06566c9228db29c458657f08f1943ffa1b94b3743ad55a6,lost_or_stolen_phone
baseline,07dc2fa03280cde5a8dc54bce8e1f9633e7e4ade709574f34e246fe6ee63fa7c,lost_or_stolen_phone
baseline,0ce97ce3ce104e5a7d7860ba16261ce3d37100f5300820542d7930cd278ab5f7,lost_or_stolen_phone
baseline,0e930a91412b05b1acade58ddd0dae1a6a09b054de0853a535ab40b87d80f354,lost_or_stolen_phone
baseline,0f75f28e05de5f1d030bae92602334daf5baf06bf672d2792a31944e79354f11,lost_or_stolen_phone
baseline,11e481a47e0005b8176851f068cc2feaf9fe6cf08c24b7dcaafd85ef4da8c07b,lost_or_stolen_phone
baseline,1699047565876c779ff557f21cea7ca9fed8542aa7124a7308a43c62a6d62750,lost_or_stolen_phone
baseline,1a91e717619fcdf750a3737d7c892deffefb855b755984235170415b740c13ef,lost_or_stolen_phone
baseline,1c959316f686789d15700999676202f9352ae2b4c06eae3f38b16b35568318c5,lost_or_stolen_phone
baseline,1d6c4b95639c34e7f1d25b973b180ed44a82fd139bd8f5fcddf7bead866328ee,lost_or_stolen_phone
baseline,1fc4f259a31a3214ef26d4d0ddb7a9d4feacd9e798860deab6db40d9ce1009cb,lost_or_stolen_phone
baseline,24fc4446888b3771b8d0e0acc6adfc96240727f40ff9f97c004750ac0d20796e,lost_or_stolen_phone
baseline,255afc3cda8fb48d56909b58371a030b1d435f4d4a9e2da9a8b218f1ba16d08f,lost_or_stolen_phone
baseline,2595384e94c11e633b7931aec241ebc5b33f523bc2a1ca027e9e50ceb339b200,lost_or_stolen_phone
baseline,280da6318ba372b7a7da31e543107f4fb5aaf5f9d46055709a0fdebc5e018166,lost_or_stolen_phone
baseline,292de3dd141dcc5d6507abc04f1ff868e448ef29a5c4365dd9ded4b87568c690,lost_or_stolen_phone
baseline,294dc6dd8d96b0ad6def4cd9765dd112ebc867e6f19caa10185ff0713e1d721c,lost_or_stolen_phone
baseline,2dcc2accdb3d94ddf530804a6aeb7fdd87888f3971e56fd7b40af924512a8b41,lost_or_stolen_phone
baseline,302e1d93f9420f48834b951fabbf181c739d0606ddb19344ea7655c160fc2c95,lost_or_stolen_phone
baseline,32b7973aa1b5dad0d6936d32b0b4930d3d62eaeed21e817407db8fe96de2f62a,lost_or_stolen_phone
baseline,00828311d41ff012c8f36301934200c9388bd325793d312680695524ed43887c,card_linking
baseline,04ecef3b37ae7e35c083b6ecba92272b21a21a5a8f8d03789c40a989ad66e343,getting_virtual_card
baseline,07da0300e4ec4816ee5ac07c9369bca835609d0a78939ea55da0ff9db9c9cf62,request_refund
baseline,0bd9687879c4a9a2802fcb1d626267bc90fe6f39c59cb55f7f1582ec63350487,getting_spare_card
baseline,1035cff90daa76d532be7360847aec10616993aa43d7b07684f36812c6df916e,order_physical_card
baseline,16fff9f13dc69cc2489d9e5bb2f32efb9faefcd7f6d65257873e12d1341f5312,order_physical_card
baseline,177e0b592dd72f31c84e902302f566581c335d46add8ce1961693ba826ce7df7,order_physical_card
baseline,17b7ea68c70ad09d5754f46e4553c8b2a31b8a485b9cf7be1515c72cb87877fb,order_physical_card
baseline,1aa687c7a29af0d6d826bb3884903c1deb6964179ee2458bc0ec031c8ce3cb4e,order_physical_card
baseline,1cf6f18f404508158742bd9a8d11fe14c9d1dfa5d146e55ad511eef1e0334ffe,order_physical_card
baseline,217c918cdb656e54385773f828bbd0de3420c17bf96e96d600eb248a70cc93ee,order_physical_card
baseline,230418962c62d6f48d7261eb1d74f2da0e9f311f410eeab3729b35d474c3961a,order_physical_card
baseline,245274ad45386b8ccd854a6a7fc8b1d17f2c33d73bf7cafa70f9385eceaf3d86,order_physical_card
baseline,251f5f59f0d199b7b2fd4db321d3c7c60484e2388b4296af29f14f2c798f546c,card_arrival
baseline,262c6c81e8c10cd48635334d33c50a67e0ef84295de20c98510749c0cb17214d,order_physical_card
baseline,262ea79e350ed4b4344cdf8c2b4d78d117e74858cc1478c74e9c11892599c092,order_physical_card
baseline,26ab962a8fd08bba6391759eb6730b3195bd3c3b41a998bf0dbf41c9d219de23,order_physical_card
baseline,2be774f9c5fcbb48b5f991726bf03f377ff0ea82f8809dc5d9b331764a999241,order_physical_card
baseline,2d37136ea86b3175a692154f75d63bc89f8f18668f6691245790590665b5942c,order_physical_card
baseline,2e191181214e134052079566c5775875ca16218b2cbaae2fcdd00da0bb14e79e,order_physical_card
baseline,319359ca69a7014b48fafc3f88ec18822020f3546357b2522aefc507b05a21af,getting_spare_card
baseline,356a0cf837166611b6737c98c815c79f1b0c8e9f4e41b95744627f1891435ac5,order_physical_card
baseline,36f6234ac2aa64dfe463cef74973a6f3c7e3aa9fac4dd7347613f0f289c5fd58,order_physical_card
baseline,3738fde44d80d41d2811597cbdc0af8f1867ef2cc2c7f14e4cd3364a1daae7e0,order_physical_card
baseline,02f7cadece72f384ecf97687c4056bf797e65360b5cb8ac3e3096ebc812561e5,passcode_forgotten
baseline,063f713eec280c946053b093cbb5d7721abf179ac6b9cc678b5abb3ac95ae476,passcode_forgotten
baseline,0d8ed43a73e5069c12348f3a8a91d510ae07b0e02b594f2df294e51e2e859826,passcode_forgotten
baseline,0e1e264928b823c3ee8878345bfc71f9a73b350126ac538c741b68dee5290355,passcode_forgotten
baseline,0e2b8219e9ce43d43dd66ed7531f0797984c2ba65295001b28c3a73be1c795d3,passcode_forgotten
baseline,0f49394c434b0e1c244f367375869c64107056455127b3b478d917c8045abb43,passcode_forgotten
baseline,0fd27a7cd8dad5842692a7de4064aaa0dc260f56d4db7e79adff05b6646bd195,passcode_forgotten
baseline,11e51c58af983b8a5fb119aa60de7451a907a22f929a0cc0ebd2b157dc11e0c4,passcode_forgotten
baseline,1592b118f22abc5463dc598c77c555e78a338ea9728f149e19d1ab0d977dd6d6,passcode_forgotten
baseline,1b6f55aa9e69072b5a062003e3a5eac91cf98b6c02870160b0442b6250b360d1,passcode_forgotten
baseline,1c626e78a34874c3d09882d4c4f0304e3ce953a0b4c83be170cdad6912455832,passcode_forgotten
baseline,1d08d789119ed8528e3bc3e243d2178ecd1612bc8ac2e275ee1d5d1d4768b7cc,passcode_forgotten
baseline,21b1f8152a59408387a4946884ea578f04eab00d1e93a986d69cd907f45fa567,passcode_forgotten
baseline,24419748e8ec208a3499c5265bcb57d1be3f507c11b712d784f696a74e1cbdf5,passcode_forgotten
baseline,25c6d63904e4f18bfeced28942a0f5738097734b6968c56e896dd92531b68149,passcode_forgotten
baseline,26068bb2cd6b6e710ac9125800af25428660abb5e5f5cf53b0fdfb5aa8b4ccc0,passcode_forgotten
baseline,288f62b290867a34000d5684f6e77bdbc89a014d2d33496abcc10961f989f661,passcode_forgotten
baseline,2a9269515bde6153607aa376a1d4531295fe9168bd1587b94416cc48203b39ee,passcode_forgotten
baseline,2c8b82a0a088558d228276d9bd9e2fa5ebe21a32b275f5c4947a9823e7a3fd95,passcode_forgotten
baseline,311066a858d8e60f153549a24480435b014697fee3c75b18103a7514f6d3c973,passcode_forgotten
baseline,31587cb81e26ff3fb015b3f7d42946f89bd9887b394195189787e39006f1781a,passcode_forgotten
baseline,00768d5e0c1dea2fd8ccb6aca5678527fa6e228ab5378b46565250062da37da7,pending_card_payment
baseline,00c6c48b96809ad7b8268a6ea1c73b672a6ddfec841bd980bc5511fa8da4603b,pending_card_payment
baseline,024debd13622d953f00ca4511aa282367f32e0901acec5af5127aacb5c927ab7,pending_card_payment
baseline,041c01d4bb059b0cc8f904c5a0862a72709a7a51c5fa5dceeffd459b9127dadd,pending_card_payment
baseline,0718cb1926874af247990961eb071fd5f01c435f61254dd30069275ffee24669,pending_card_payment
baseline,104e27cef611f51ba8df00f619bc62c2f7b86dcddc261a3e443d9c21d093c4f5,pending_card_payment
baseline,117a6c63353ffc9f69920b2bb6c96260b52104fb7fb051734ae159d059d90bd1,pending_card_payment
baseline,12722c3a6532a62c6a98bf97b60f15074414100308402d5d15bfc48621089287,pending_card_payment
baseline,150e78ed17c8284f3003b991abe60232c5ffa76b98b005b631e7cb0243ad9276,pending_card_payment
baseline,195dbc6e51d24b46921a188645969a83527f9177c0c265bd1411230bcbb00a52,pending_card_payment
baseline,198981f16f0b023393a374670c518f81d175fe905d5dc09d909d850f0fc9d1e7,pending_card_payment
baseline,1caff0571871afd50249eb8750c18c116ad5e094be5f706483957a18825da756,pending_card_payment
baseline,1cd2ced16a28a279aaf65445aea3615733af76f5139a023edd18a6cd4bf90fa7,pending_card_payment
baseline,1f31862da4a5eb6467e2d6bf7c9aa09554968a999c548caca2f515c32bdc723a,pending_card_payment
baseline,22331882160530bace3b283c6280609a1739b7fef364c8a195c579e73c7a2d49,card_arrival
baseline,2594e886cfb42d6527e88d52d64ab5cdc973893daba250cfd5e41141a12929aa,pending_card_payment
baseline,260262d3afe6179c4b78a53e0dc48885cf6ffbfd62b5f121bd14209b10c94652,pending_card_payment
baseline,2a7a4ab878490c8970d6ed39e329609d29b89f5a574cb17df200275c388cd5cd,pending_card_payment
baseline,2c021705badb8316d11d734b138d2c505185fc311205b14048aa71f1b8cc197f,pending_card_payment
baseline,2d6719e32893ff39718a5bbf4762f5c40da51ba7833caeab475922a141291a46,pending_card_payment
baseline,2e660438475a9f84b8e3ffd3c095f9e70ef1db95490b12cb7756e877d63595cc,pending_card_payment
baseline,2ed05e39bd21231bcad937e45975ed56675d088474ee9fbba0720ebbac99ada2,pending_card_payment
baseline,3025088b9d6c39cfd364f07c291f323c4c04a47696869256da09799709a15bd0,pending_card_payment
baseline,306c4bc0442f734d00eead4ed9852140bd11f7a928dde1aede8cdee9b25555d1,pending_card_payment
baseline,31a35acc6136914b4917bc9c5fa3f6ea2a747871ec5f11b10874826ad2c8fb83,pending_card_payment
baseline,3282c2ce39cb7df0c59c2a596792d7994c624926509b498c34bf532b5466045a,pending_card_payment
baseline,3342aea2c9b2900921594445a3aafcd0c778f014a8c3ca5bec50ec0d7618bfed,pending_card_payment
baseline,33ef52021bfe608f605522971c1909f5c528489cd64437505627981baecc092f,pending_card_payment
baseline,34f9e381d4fe93a94ff6b56acb9e7a05f47ec984cb47dc0b07b966efb524088d,pending_card_payment
baseline,351e2195121739dca7e2554f0bf08e3bd54eb15e2c5919d5ba044ac58df1ca3c,pending_card_payment
baseline,353ea634e6ec625c603d37f0e79ec161de595ec97c627f662800caba3ff9ff8c,pending_card_payment
baseline,017549d8e0eb31afb2b0002cd93eaea3175ac5f83826972bb17a1169d349ac36,pending_cash_withdrawal
baseline,071780e0903f55678c30459ccaad08a857707670fb6e3736ff5ff0f35e1023fb,pending_cash_withdrawal
baseline,09ed3c295a333eb8aa3128bad45f8d10ee5d97d78ae03e1a3ca096b7ad79223c,pending_cash_withdrawal
baseline,0a77b7db4e6e20e6c5c2c6e7c5bf4f6be28f1170b768b521eb72cf01ae65c5d2,pending_cash_withdrawal
baseline,0b93cb5c8d031b9251d22cb3ed6d2445a768e3d7d674bf1fed4a564df6f14bf2,pending_cash_withdrawal
baseline,0c7d283bff1c5e353dca58a6b2d4be3e422eb813b440e1ca540a8ec830ffe941,cash_withdrawal_not_recognised
baseline,0f97d8bec363e630ef312b4d11b47d78b1c5883446352c21fd329390f1cf3294,pending_cash_withdrawal
baseline,11a0e13ddea9ce33e2b5234463caf5c62d469157bd05e60436e65dc0d53af551,pending_cash_withdrawal
baseline,13641088932ba15aed12e57f15cab696de3694caa8361a876bad2c3942c654ee,pending_cash_withdrawal
baseline,16f10ff3862aa93f876788f40aee0f2e8784f2637f71002b270874ef080d11ac,pending_cash_withdrawal
baseline,17bf60e4595d818c4ba41d9c9089ac38aac548670135d381cb4793c113b3b4c5,pending_cash_withdrawal
baseline,1a2d008adf49b363cb1e2ef5f931cb9f391a2156ad5bb37b39b0cf013c6536bd,pending_cash_withdrawal
baseline,1af593604cb88db610489aee6365179fca26be9e39a737307c04d76ab6393c99,pending_cash_withdrawal
baseline,1bc4bf8e1a51d791a75f22505ebfe3f4b0c9cbb1c41fe20a2949b4b7526222aa,pending_cash_withdrawal
baseline,1c99cd0a25371aeb9056de13188986a2dcd97b8b2f2c772a57ea35f041ab7c2f,pending_card_payment
baseline,1e39dc3061feef6ca48a9c1916c12fa3d39798c7703f4a1dd31b59febba23f12,pending_cash_withdrawal
baseline,211f58a56a752d084f6b81974d152539209ff4192f873fe7013215710d85f800,pending_cash_withdrawal
baseline,220b84f11a8ce0be7c8d49bbc36958f28eea6f654058e0f00280b80dc3dd315e,declined_cash_withdrawal
baseline,224a4c759992a2cf259a1c598efb1d23d47a8e7338bfdd9e2a16de2559e28a29,pending_cash_withdrawal
baseline,24bd2f8242b2a2310db150e32a07225b0af9af6049e65b06ebf3ddf367c412bd,cash_withdrawal_not_recognised
baseline,25a4e02272960ecbd4c6d767ba4f11b128b2c5cb1b83df274b0b3802188c824a,pending_cash_withdrawal
baseline,27bbf7bfff5df3bfa5b782088cfaf390291c3f9aee29e95d97b58e575a84d897,pending_card_payment
baseline,2968032b7e183b07024c8deb19288a819cbf7f87efadd5b840e15608a9ba24a0,pending_cash_withdrawal
baseline,29c6ef1bede09aebad0ef1f75a02513fe8e1e50468e99827b6197494d74330cf,pending_cash_withdrawal
baseline,29cfeefe8d6d26395e72516c2885c3f96d3c03e570ca7ee633ab22482bc979c8,pending_cash_withdrawal
baseline,2b76217592e047a167e14b62e24ef9ead72d6f4584ef4e08b089465d195d7569,pending_cash_withdrawal
baseline,2d5717b758f2cf4192a8a8da92daa7cd1ead33ecd1bac9de3897a79c00694029,pending_cash_withdrawal
baseline,2d9e10985f14f1be0a196644417526e82b00b8d53172506753b418060d09936d,pending_cash_withdrawal
baseline,04c73168c4dd8981546d4c0f4cbad6ea65de7b34f7f9b900c928d9115eb6e423,pending_top_up
baseline,056ba352936d7c6446443080967d60750e194ebb63cb285d629c9fd268d74f85,top_up_failed
baseline,063d0ef6a6f7abfc54b86f9ee057558677c03b676c4ce7785d5061d28cb27bcf,pending_top_up
baseline,08eb0034d33c7ee3e5e0da114e6941c1641d0e8eb21bbcf2e5a4b72c6b716e13,topping_up_by_card
baseline,0b0282a36b86b1d118fdd2929581a072b9e4abd678cf50a3f11ce4d9a6960c09,pending_top_up
baseline,0c6664af5864aff008fd6f9d39e50d1abc0407f496047b863115019790965b1d,topping_up_by_card
baseline,106802e39f7dd6cc0497df9ea9be457228ce1848cdd6e0553a49b5548369cc4d,top_up_failed
baseline,11a44e08405c1691ed6f7cc53d5da95aa1ee25b9fd496ac13bf8b76502ed8c71,pending_top_up
baseline,126dc47d3212068e5a065ee274b2f246b91ffbb543e28f850617e53c7367e236,pending_top_up
baseline,170d005a6127d6ea267d96adef69b7ef9d22893ebb62c2773649837988298aed,pending_top_up
baseline,1a16fa53676f22aead28b10b56fc4bd6dafc8671ce0e6c7a838c97220600421b,pending_top_up
baseline,1c4d09dd65d0ec034c4dbb468dfbf4542b6117a3d4d89727a94d9d2fc457c065,pending_top_up
baseline,1cf98a5b8c6fb7d5e26487b7a7a06b8958b5a78aadaef98bdb53a40d44af17a9,pending_top_up
baseline,1e299ee8e2588b422d9a65140fe071104707fa5fd6912dbf0829d0e98f7740e6,pending_top_up
baseline,27f640b195888fe41cccef3eb6879274a6c18de44f541849a0a20b7de8a57031,pending_top_up
baseline,2c2639695bd37ffa7b72f637e1899bf720fa1690af17c054d6755418ca4fb860,pending_top_up
baseline,2c6ff8e793b8bb802222170b82dc1f081f0c457b870ad4bc784dd256591612d4,pending_top_up
baseline,2c800a54cc998932bec780cf7a9fd98931b2bd930d78ac0c31af4c34bd47c2b9,pending_top_up
baseline,2cadb56fbe29e4a3c0cd71b8171457ff08c13484d377863e3b9e516756dd3774,pending_top_up
baseline,2e0366235b88500fe94b3e234a5380b20421f8ea86397934e41f8d3117c6d1c5,pending_top_up
baseline,30413285c56bc790412f6d55df179a20207bd9d87e51118c2e121daf33b4aad7,pending_top_up
baseline,3a6e75bf171061a633bcf872f4070ac7d6e443acd88a5773964d7f0de90255ea,pending_top_up
baseline,3acf932c631a81381cd3c939f6c417d6895675f7c4ecdd88c471be59fdab0dbe,pending_top_up
baseline,3bc183a57d155dc185ad9b3250aafb018a93a7c2d8ab259fc772ec9a10c599f0,pending_top_up
baseline,3c52cd36e8f508e55e6ae3094716571c5b536d4df904128b9ea18581254c8112,pending_top_up
baseline,3d29bd86cd9c1af843c2a4e9f42c5aee5f57d471af48885446b3c9b188b9f81d,pending_top_up
baseline,3dc9798c4c00ff9aa3842f898c8b90f1adaf57bbdc3b882bd0b5fbc142c76d2f,top_up_reverted
baseline,3ebec7e3a552eb6e54aa4fcba3b76c740e3b226c8189968a0a7b73e4b1c2215a,pending_top_up
baseline,3f8b6dddd47a27490f859cde9768a1020e62ef382609059dc678ebb1b418707b,pending_top_up
baseline,0303911333486916b1063adf77b9ce03b90c0158fb03df70473433bd0253140a,transfer_timing
baseline,0439fddc4dfbb48785317a548a08cb5b670530cfa50372cfd38de0d55b54974f,pending_transfer
baseline,045afae39af23bde5b9ec420e205128ed3defd0f620b4c4849ce4d0eb7f540fd,pending_transfer
baseline,07fb37a2f04cdc667b93467aa2781f848dea9af6b2a831e0e800ef217920d5ec,pending_transfer
baseline,0a6c62585f379f9c95544a6f6417caf22f06128ae4bbc703aa8680487d8d837a,transfer_not_received_by_recipient
baseline,0b4718974a2a90691e80d9ff4c32bc475b31ed31cf1b6fecd198c03a26663c8e,transfer_not_received_by_recipient
baseline,0d659ca0b154894ed58f6a3d8fa899de308871000ddbe3a9ac9b78beb1ffe2ec,pending_transfer
baseline,0f7be131a361afdb70348fb3e939e2166b30d6e39afffea9af53c504603ddc28,pending_transfer
baseline,11125f656451159d637e58a1a6abc1fc9936e7cba662c5120732b481fbf2e1de,pending_transfer
baseline,14295dc36c79c5e27d828154a1095303524e5704b06300c7044ce1f19556e59b,transfer_timing
baseline,143a59786a747330120c7920d485746d258e70a1afddb357d8446f7dd502c86c,pending_transfer
baseline,14d460b0098b525ab15c627dee0d303ae6b6bde62a4c4191f18fa27befd83ad7,pending_transfer
baseline,15abbf28dafa2c6ab8f51c60b4817dc630e4a6a7c0551a04b4d56a80bb86d3cf,pending_transfer
baseline,189a56bc3a13f8d5958b08543c2f49413d040695dcafe7351df0f6d0127115c8,pending_transfer
baseline,2103499b20a2e3bbb198b047a1ba7ba3bc8700e92107cc216a81d8f6e1c56da5,balance_not_updated_after_bank_transfer
baseline,21bc1096e19791a945acf00227461a8fb86aafed82a9bb99058b48f81758af85,pending_transfer
baseline,21d84eb75962eec80b5ea90bd2b6505a631a42b86d0066c0c6602b6aca17712b,pending_transfer
baseline,224ba941303b48e13569595f0c46213de53c20757f6ce2e3b637583252406b72,pending_transfer
baseline,224c6f215a775f5d4aee8debf080ea07e6fbbc05e4a8d1892d56d72b07e730d5,pending_transfer
baseline,23306833ea1d5e46e8ffdf240f0c3a269f1f69557f5680bd1b1a26f186b89bee,pending_transfer
baseline,244767f38d12e9c13ef554d70af5900a66af3af4f8853023f3b8a26544978aef,pending_transfer
baseline,25f2fb3a40207c389e9961a8f9ecd79812d934996b837f8a4ab40f8a2f0c6771,pending_transfer
baseline,2644542ec742802cb64283d3493901eee9cc5b79add011865dba6644e29662cf,pending_transfer
baseline,26b180190648652f9a2075e333d7f4c669b6c9d700c23b42903ebc9744a9e392,pending_card_payment
baseline,28f106392ab41572e3b5040644e9415bb40e7cc9166dce9025b1af8d7083ea35,pending_transfer
baseline,29cc098299a5a04d553b69ed3675c10e8e9307f47fb4b9509bd2f4670f16ad35,pending_card_payment
baseline,29fe33d70763621d9990020e33d261c6c5b039b08ac9a7151578e01c12ddc230,pending_transfer
baseline,2bddf723620a5c257ee8bf866144e50dc5e01bc11d934199b8301e7ab253e96f,pending_transfer
baseline,2ddc28a63b2c5fcc47031cd343a8f4e0fc4644969915838ff9bfb810982a5a25,pending_transfer
baseline,006de1e6cbea5c988a75a3a04de2acec31b00c4910448881fb60af876baf2253,pin_blocked
baseline,01f83b9878229e4c43d28b84d1a054bf683dd9493e968a7a4ea0d9857a294c0c,change_pin
baseline,021e42e614a894e7425aebb2b3ce29e1cf09270172847936c1b7ab4ff337f346,card_not_working
baseline,06341cc27b4b7a9e20e62b8d2a2354c2e9d8984e6814b709d4e1b329b6ec26de,pin_blocked
baseline,06862b0e6287389fe96a7a80f0f3800fc28ad920c6c4f4a36d25360a24553bb1,get_physical_card
baseline,07d6ffcfa4781b8eb86249d103d83499fb0514d187996bdbcdbf96a94b1b58fc,pin_blocked
baseline,08915db3d57766224e70706ad77b74556afbd97ce8fa89c2a747d01f19771daf,pin_blocked
baseline,0d0b15f2d18149f6200e0e188ff85ec9f580ce2481ece35402b583be5e922b11,pin_blocked
baseline,0fcc8e983dd9863af7bbc4812178d8cb0dad8c332423b47c4746aa6f03beff81,pin_blocked
baseline,13f21cecd46bb193ac0d1f57863c3277cfc0bf00e51092b2439c418a06090d4c,pin_blocked
baseline,1432b649160c051c066e42083c05c085bdb7820bfd1f2b35e4c26c40742a8fa6,pin_blocked
baseline,15c824e1dbad04b35216178b8127687c0ce34d4b0f845d39c69619484d57eae6,pin_blocked
baseline,1a8ea45859e506f7fad8dd0cb9f7d95e2f2905fa7daf32790d3f41b1cbe094ed,pin_blocked
baseline,1b932fdeb0a127759883722aac6056b83d4764ed1b9ee36a6ea9a1245c4ae504,pin_blocked
baseline,1c7e083ee7d21fd8d02ea256111a8428f5611addb115e9b45548091fb40be1d9,pin_blocked
baseline,1dacf5fd984acfcd79266312640586bcb7fe5b8c12338425c8bcb917cfcc70e7,pin_blocked
baseline,1f6cc70039d3b51710fac262be6752f6cfafa800fca92125c5b5544c30a49ff2,pin_blocked
baseline,1f87f5a6c091a2b1cfdc1a2e79a70b850ea470b6e4d32fdf743e88376e040033,pin_blocked
baseline,2382caec6e036143ecc9e8c83cc5ec787e0ba9cf0165c6e3bf3d1dd6d533b448,pin_blocked
baseline,23f5dbdaadb71a73c871a5c9040ebc707fcab81f6fe597d80462a660a1317825,pin_blocked
baseline,25ef78f89b4bac11a9d59d80f4a0c4f52a868e5a6c80ba5c8ee2ed94aa4bbeb1,pin_blocked
baseline,2875def29b54ef07f6e21c3806ab711b686ebaf26366fe2c99d23b5218a467b2,pin_blocked
baseline,01ef88e61197b7314b93ed289545198b68971a0dd85840b0de1941197a53a410,receiving_money
baseline,03a77f6f69aeed87ae8b9b1e06953cf9bb89f6643103932ba9332d23cdab0571,receiving_money
baseline,062db33f0cdbb2d0a0e53f103a2f2fb2c97fe8b39ac88ddca92e21263f16fed0,receiving_money
baseline,0ac1650dfc47d6077b550c12c2c5e3a546bff80839447271c4e9b9b9f99b9891,receiving_money
baseline,0d7337ee7c8cd519d25522832fe7f0075ea2fbfb8fbe467c9943b7132ad4b433,receiving_money
baseline,1094a772fd53921c11395a8d322bd16d1e639a5ebccea993e6ef41a7b4d885fd,receiving_money
baseline,11af80c2d645e58be0f7ca0fdb95aea85de1ee7a4acb79e1138e8fcb3a01a577,receiving_money
baseline,15a3f01fb0dc1162b5843c1416f536254876024f372488b4bd3ed7ee3a5b567f,receiving_money
baseline,1602ccca0604712b28ac858a30c6d53daf7bab17fd89a9ce2c8424bacd52ae35,receiving_money
baseline,19917f1a7d7ef5e1da56c92af1062fa3733a3b70289ee1780077384f3791e154,receiving_money
baseline,1f4420491c0fcc97030a2d5f4570f64d355be115b8b3a2273e4248e09daa2a99,receiving_money
baseline,219b546ad37391a7a63e695d0da71ff6c013eebf14d883a8e883bb3dee979ced,receiving_money
baseline,21b9a3b24bb3ae69ec71024429828e5efa872a0eba767f5a597c62dc4267ec1b,receiving_money
baseline,23e9262852bf52bd061acd543c42a9ef3ae8b74e11aa6518f98b2705574c44cd,receiving_money
baseline,251876137ca9c947fd2536f5da0ab192299a3b5d78c35df11fc9245f6e3e636b,transfer_into_account
baseline,293f9f150b338227f2222ede1276fe05e48c5273f6af915c894e0dacef1708ff,receiving_money
baseline,314d93b1c8f6d901e0bd1c74a88cd0020933b29b1a4cb3c02e78fab664db5483,receiving_money
baseline,31e25120b5d717e4533df824b507a343c04b306817c20ac498ca2f1aa2922956,receiving_money
baseline,335f31883bc7a9c34135656a92004f1ae4e2ef12554c7cba5508bff4ea9bb0bb,receiving_money
baseline,016d050cce14adc980371b3a70a0598cc6bb88716f862c093e8fba9464e5a486,request_refund
baseline,02a21dfb32cff627b522d31ae4cb97ad03bc9e2d8f7a35bf728e75004676b9d4,request_refund
baseline,032d974f0ed4f838941c708216a1f50cf271baeb61def586bf9d19289380981d,request_refund
baseline,058343673a77b3cf5e41f1303bb422be991d2c6c8e3bc74ae7349c76a8a58b2f,request_refund
baseline,05cd737facbdd39dd845cd49024355673045fd9d9ccfe795c91c8e4517ad1bc4,request_refund
baseline,05fcbc7e12febbe69618effef260a389fd85b8f3753a0ddca6f61ba4d23733b9,request_refund
baseline,06d16230c47304a7920ae637be83c3ffb007eb9ffcfc0ea2d000a553e28e6968,request_refund
baseline,0a1c358ba570fb4998ed9e667e4ad6f5c627a7841d4f27c13322214c32be5756,request_refund
baseline,0a23a0c0f205b86ef288ac1ef4993bcc1f53e92a198bb2e4464f1b65cd8ff23f,request_refund
baseline,0a74921cd81964d4d11168db2e908ed540a9f001dc32fc84402fd8d4d0025982,request_refund
baseline,0ae167c8c67022f4e71efdeb1b5d6f054fa548a3e031bc1252eeeb3980700d03,request_refund
baseline,0e33d30345b3c35fe1e8249a4555ccc925d1a673a4b034f9e87d9b4516de3dab,Refund_not_showing_up
baseline,0ed9420411c78b191f3caf9bb43db7dbe74daf98ca4b385e4d06ef266709304e,request_refund
baseline,1124283ffeb22bff9904598f24c83a44399a92124a4e342785c5250d293e81ad,request_refund
baseline,11732b4a54589ede6b43388f51762693f8860430c55a07bbffd2d2ba07c0dd29,request_refund
baseline,12788839fc1294024376144889ee098801ab0a9a4eec394583b721b7d6e88379,request_refund
baseline,13584c69b4c69e432621c100e22a554ece43778560492402f09e0e182653287b,request_refund
baseline,1375f412601e732d93a0e98df9b4b30c480e2e1da0f75a2cf963d4fac9640974,request_refund
baseline,141267e28fe1ac63258740715a05b8c94f5ae05dac8c0a397e47acb161159f05,request_refund
baseline,15af69defff9e84bcbd9976810fa805531f09331f5a57618b175d286f64330b1,request_refund
baseline,15b1926ab6bbd85b3b53bb88ca6d8aa8cec6e195ee574404a9a59c20c0411d39,request_refund
baseline,15c6ba98fcec53b93cbeabc8ee61779f1bc6b1eed90c353015a60519b56cc64f,request_refund
baseline,16b6ea1f5143f9f5f6dac30b6cfe06e784ad35d251691eaca9f40b956d875805,request_refund
baseline,19217cd115ae82728b247bda3a4829e289db4cf70b7fff183b4e0ad71f37e358,request_refund
baseline,1ac03936474478d8f6044f9ff7df3a87a7b98ef65b36a6512dec46fe36a8f25a,request_refund
baseline,1bdc0de241eb6f32f1e732899588161010b06adbf272ff051a38223840efd092,request_refund
baseline,1f80238a87a71a723de303e8dcfe05bf57fd3c838e050af62f2f47895ef58d9c,request_refund
baseline,26d24b0e67231645e87c9a17cc706b3b3b19a671a870e0107f73ae5c7e60585c,request_refund
baseline,2a32c402db74a48b103a2eeb161128d2b3ea51272889a1153a2ae2dc51333a7a,request_refund
baseline,2aeb7c58bd4b50fac32787732ca36a0ed4301f31655a9c4477b08c7a13abde32,request_refund
baseline,2d03f636a1fafd2fff093e0bf6d6c78d5e4bafeecff24d3774cb5a88c6275a6f,request_refund
baseline,2faa6206b790e6dc62fbbdf3f712df03cd81b578de56debc153fc4dbebdf9ed2,request_refund
baseline,3360bd5f24975b5ed318a3b185b06a39b86539060688620ddf394a86a05730ec,request_refund
baseline,007d5a6fe8a5e205889bd07dcf47c2eb308fd3996140795f671455b14286d076,reverted_card_payment?
baseline,06e2eb89ec66812929d7aaa66d76b6ca0b55e7708ed65fd38b9631b7117aebb9,reverted_card_payment?
baseline,08d9e5b1803924c10a921202174760fbebdd9fb910b3adcd01c38e250b503551,reverted_card_payment?
baseline,0c00f850ce6ea76f94fbe6b37cee189162b45eba3f31f00f1d7f85d89b634ffe,reverted_card_payment?
baseline,0d89aac7303931f4e78a98445e97771daa6c5cecbf85a324739d810b44be150c,reverted_card_payment?
baseline,0dcba226406722d3a0e6614f3288b6d59d662af8c517cef2fe9f171ca369fbc3,reverted_card_payment?
baseline,10f8b43f3e19f3d01790491b4344954c699934d38ec34916a20f2509406a9759,reverted_card_payment?
baseline,1162848167151fd80f67211217cb89a46612462bdd738f2cb6f8dab709a3a4e9,reverted_card_payment?
baseline,12d9df7b21f7ca019a6890215d77477500dba10a0c10cd0fa7ac5cad1417338b,reverted_card_payment?
baseline,13a39e6e5e75ae7fadfb0526b171948678ff3cd3a741284b0eb0330bc3d4c169,reverted_card_payment?
baseline,15b9ca518b18f9b7e9d0037195cd36d14bb96b5be0ddbfc85b5c800849bc5e40,reverted_card_payment?
baseline,1a680c9cbff984bcd208829771ddb4ba8cd27815fe816363caa36f5a261f806f,reverted_card_payment?
baseline,1b561ece7a6524e5b8439247c90a8f99b1a87764aa848a165f43abdc0d6dfb47,reverted_card_payment?
baseline,1cced73f1f68691dd3806dd250d670ddee2fe37436489c4d8ea0260c73eaabe0,reverted_card_payment?
baseline,1d4152b94534b6b4b09724eec96c35d7d9e9853b820958cbceaff3197ecd8962,reverted_card_payment?
baseline,1d497a302de5f3a30d0eae9f03994db997208dd7710332e4bab331b7873eea81,reverted_card_payment?
baseline,1e835151e6435da861cb6e1e52416e56d69ef9e8c36b09afdc4d476c949ca686,reverted_card_payment?
baseline,1f114130b85c3014ab465dff5b0c8f628b7f20b032bfa2514898aa830fd8539e,reverted_card_payment?
baseline,211ee6b98b2a5c6bd0875f1df85cc36941be5fec02dfe4735d479cb04e9040d8,reverted_card_payment?
baseline,218914af421544d2942815e809073246b0730244bf10d49b4e2611c6c99fd6f4,transfer_not_received_by_recipient
baseline,2340701f3933b16b847d5090c9473bd58cf08be4930e2a7db1113303a6cc5b58,reverted_card_payment?
baseline,259dbfb908f8be9a3f439c03c0a86bd0e39584a89609f9d316b8e77cc97b6f21,reverted_card_payment?
baseline,26092ae6e5bff82c434c2bc19a73dece38bad9d996722bf811125fba30cfaabf,reverted_card_payment?
baseline,263388cd04dcd027abe74f54143d9b9e4b97cbef4daeaad38dbd6f387f80f5f9,reverted_card_payment?
baseline,276104dacd03c91bee96ab8ef47131c381eda00b49cffefa21e133f02b2808bf,reverted_card_payment?
baseline,277fc589bd3c0e5e59483f938504aef566c1fca34cd55c119dc67794b02cc3f4,reverted_card_payment?
baseline,28d3c176eb0f2f35791e3f09005a8eaf9b4ac26f2e627858b27ef0a7415c92e6,reverted_card_payment?
baseline,29d1cc4dc712426456fcdc04620d3987b513d212eca45ff2d898f9e5f0705a7c,reverted_card_payment?
baseline,2bd50a56bb59f2cfbed6a5350a9160827ef4b284a6b6da3e2dcab7d0cce58843,reverted_card_payment?
baseline,2f1ab2141f1a356e8e653e19d482f2bd4c194caf1dcf42ea81a1da5bf9658270,reverted_card_payment?
baseline,314876d484f275caa51faff4444edc73fa91e1ec8d1c3eea9fa4dd09b60a7b99,reverted_card_payment?
baseline,31f16ca0a761ac87c93a8078af19a4a9d99adf4d97892cd4f2ce9754f75eaa55,reverted_card_payment?
baseline,00b3e35d33591acf280755b49cf68129dbc67eb32bc51add65f63debb130dfd8,top_up_failed
baseline,01842574da2ac48f131e627e9bdd021db146833f542c67342bb1b75f95a855ac,supported_cards_and_currencies
baseline,0378f56fbc5604b6ebf5563b0d48a8d2ad1ba2f3bd386c1bb0d2a6f11276975e,supported_cards_and_currencies
baseline,06c85a6e04893d0363620020d4011f7af9c77a774902760e19605511164f4b2c,supported_cards_and_currencies
baseline,0773bea4cef8815be25ac6971afd4784a2838931ea4366f84a3dbf36b6021f0c,fiat_currency_support
baseline,090130f1b1a864c8b4355f2ea80e0fae27cd87ed3b5602d160af8549b1cafbad,supported_cards_and_currencies
baseline,0ac8d68902a39f02d1a5e65521c53a1f29dc69113271b614388f2c03596defbe,supported_cards_and_currencies
baseline,0e89e280965200530f926fc0fd8cdb250e7cf671900708b8e668c9985a1dcd16,supported_cards_and_currencies
baseline,1002437cd0e822758ce9a2cde635ebea1cbeb7ce90a10555218376a0132d2c5c,supported_cards_and_currencies
baseline,1375ba6713279e195bedfbc5b3b486152e5cbf2cf7a347f2ab005de90ae5c90e,supported_cards_and_currencies
baseline,14f32d440513d55d330fe97c6582d4dbdfa561af579f1bcd20ddfad0196bac6e,supported_cards_and_currencies
baseline,16ced0ad9242ef9897f3fde9da0ce9e166a3ea3c3a83966fc39dc57782d1b529,supported_cards_and_currencies
baseline,1b42306c9e198bcc6590f5262f025fd3e563ad2724b876841c354bd31fc474dd,supported_cards_and_currencies
baseline,1e1230ccd004b7c69f040259a2597c0dc653448fbde69c7041e4e1c31ba0d14e,supported_cards_and_currencies
baseline,211e31e5a77d8b7dffde0077a3386a67e2cfe27e97f79874eea5820297555bd9,fiat_currency_support
baseline,22cd9505a8b4a25aae6a778f64d06ef35f734b518371f1177f06699d56e0a5b6,supported_cards_and_currencies
baseline,22ece2ff069c47c701dcb858734da7f2a6d7335c0f7200b31bd4aefc19d5b80b,supported_cards_and_currencies
baseline,23993925f2efdeec2ea9b26ac5855d5ab0f74c51347ca2361b3b5491cf7b5369,supported_cards_and_currencies
baseline,23a8e2eb8e7c25504b8d2716786708d10be0de728acf4fd7bb375fb85089a249,supported_cards_and_currencies
baseline,25b23cf38e60f99e84969507a5a31b4ac915a88630ce62c6ad6bd2c4fac7120a,fiat_currency_support
baseline,267a1819725b36cc7dc90348d7b3ae419527322f0c7c18d495ddfa1032d7c115,supported_cards_and_currencies
baseline,26fb3650417a4298ce8b09951390a8e2cada5b228fb82dfaed0a9953185f7c2a,supported_cards_and_currencies
baseline,297dd28aa74eb40c557c2eea247a3b0452fbaf05a5e7be691e529cd9004306c4,supported_cards_and_currencies
baseline,2e46e7a54e7ffcae505091050af2f85a032f6fab4646260b487c12281629476f,supported_cards_and_currencies
baseline,30c953b03921fb03b11db8fd034fdc34b38dc58798f83548c631e520d903cbc8,supported_cards_and_currencies
baseline,0055f05f3d2873e1a98c94ae54d73bc54aafba30e15cfc263cc92d61f1aa8db4,terminate_account
baseline,0791eeb56b8642dce1951e1dc9abdbe6c69074d92d6fb666c1d08e2018ea9fa4,terminate_account
baseline,0cc3bf72b14cd9eb9cb8d5e399a3f934471795e800e0b74f5b473781705ae8c5,terminate_account
baseline,0ef0314e48a57976aa2a689a2cdf040e6d402de9483d0e3300010b5e32ec4b3f,terminate_account
baseline,1076eb5fa1a2b642df55d0a9b170d584700f1dcefaa090431524ce17a141d1cd,terminate_account
baseline,13bd95d23989300778886cb51033db274a1d8f7d27fd70d4b8ba5397438ec3bf,terminate_account
baseline,17014823223f91d7c38deeac332bf47a698ccf10b0b482a983914c992a9dbb9d,terminate_account
baseline,177d52cd973e064a6552012bb6f612b7242686b24044c02ac552e07c5b111537,terminate_account
baseline,179e3602057ddeb7006f16c7ad91f3bfdea424881922e85f1018c9c8ece63f53,terminate_account
baseline,188e43401412926238781d512b616ee2c22c60368cf8e802e83aa73fe8c9121f,terminate_account
baseline,18e0f0c05e1ab3b44eed22b1d5f30913e69ad4c0e9c046efcf72ef3cea242d53,terminate_account
baseline,1d6e1bc22cc7657904b44f319eba71104f32b0fb8e44dcafd6cb915d1b371733,terminate_account
baseline,1f6c784827abf31232b167493d10716bda8327c819c684f3585ad1a5d8e12b4a,terminate_account
baseline,281a79c8219aadc5b4ce4b1373e4bdc5eec92da4c5d0220b7966b1a279034272,terminate_account
baseline,284d4034c8d945300cbc314f0d40fd66913de17b5f77ebb17bb60b75c7ca44ca,terminate_account
baseline,2db1611a8568ad17dc2b6c70e13c4f3df0913c3ddf6c0e82974ded186463a2a1,terminate_account
baseline,2efe6d968239acb50220dde28028b638a51b3dbe4c6c99b0b0b7918424539fe6,terminate_account
baseline,2fd7898c4521a66fe00644a39848836147482a3c26ff933480118e02c131286c,age_limit
baseline,3032ed2363bb932b3d1b8e9993caba07eb2fd1b7635013f1dec2b07b5a48499f,terminate_account
baseline,3190280777bc02bc540e99de16f24762c4f8f56743ee2aa3d00b51c8912587b2,terminate_account
baseline,32965323150e3d2ccc646b5a40185ce8415423a301bc7c910d2e8749771d4b03,terminate_account
baseline,06471501fcd192ccf5fc4abbedc14fb02fd0319863161c5c42d6db7294288aec,top_up_by_bank_transfer_charge
baseline,069076285782b2fe1f1758ee0dfaababeed07d3d8fb7b1d09e3b3f1652670dfa,top_up_by_bank_transfer_charge
baseline,08ffde5f508c14cc575557a2b919df4d0203501ffea3d68fe0353f9ecce4e5d2,top_up_by_bank_transfer_charge
baseline,0988839c811802a3a1d58920a4f8a78b6b8853c68705cbc2df3eb1a2d55f7a20,top_up_by_bank_transfer_charge
baseline,09df1d3119827de23afb9c64c147475785776973b582c4720c499f9c826eba32,top_up_by_bank_transfer_charge
baseline,0b86ad0e0fe98ae950e98f736c2885ca9a1cf67011b026c8af815d3aa8a10096,top_up_by_bank_transfer_charge
baseline,0e2ffedd8b2ac6896bacd33e61c266677b327b992279a14a9c20646be1a4716f,top_up_by_bank_transfer_charge
baseline,122b301ba42012b46fcf7645623e05bab76c28ae906abde5986f79ee5414838d,top_up_by_bank_transfer_charge
baseline,13779c2b365f6bbabb891dd07230e7f2a5331134afc9df4d6010957ff21e4a18,top_up_by_bank_transfer_charge
baseline,15c30f04a2719737c1ceb623519eae2fd631d51089277d185394d2d3870736f0,top_up_by_bank_transfer_charge
baseline,1c94957c96871cee520f674f855c51d5d618b75bc9fecc47c9aa370574ec042d,top_up_by_bank_transfer_charge
baseline,1da133efe34d8a63fef2162de555111277156dd7e792937737702566333b4323,top_up_by_bank_transfer_charge
baseline,1ef17127a9526f4a46393611ea738bd980d10f04b50ebd2a2724371a55fc5c5d,top_up_by_bank_transfer_charge
baseline,22c7970f4e0a71fd9d218f1ddf475af5615936bdde3c6f3b37e6052ffe5bcab9,card_payment_not_recognised
baseline,241f93ba1dabe4961483e05d5f9d7b5429f82b9659fc60f9a33d5c4fd7b84542,top_up_by_bank_transfer_charge
baseline,256bef53bdd821bc7ceff7a64c037a965176dd7125dafd4fc473bf54273ca77c,top_up_by_bank_transfer_charge
baseline,280ee88bc3f78043aa27895cc5baa10916380fa29c1b77490d3a374e384fc113,topping_up_by_card
baseline,2b2650eb43670c503acbb68898c2470267a175fa118adb5a88cda850333815f2,transfer_fee_charged
baseline,2dcf80b9d02441d8e75501efa479620391d656ed99a425c17ff064dce1d5936c,top_up_by_bank_transfer_charge
baseline,31546f90a0640eeb1eeeabd30ca5196f29861ba3502698777a5c1e8bd8976bea,top_up_by_bank_transfer_charge
baseline,31d1894d65431d5793ebc667d65b07b9bd9346454f8ea3cbf0860d429412c451,top_up_by_bank_transfer_charge
baseline,34cb16583bb3db68a255acc62cfdbdbb9fee201bc1f9f852caef9eebbbdad049,top_up_by_bank_transfer_charge
baseline,0493e562e0e81e32a9ca39b5fa9ceda5c0bf7cbcbd3c29c3937962eb49e6e9e6,top_up_by_card_charge
baseline,07ed81c3f5d4434021ef4c1feea5241c6b5ec0fbc52041a0f562de4049e15f86,top_up_by_bank_transfer_charge
baseline,0b44c07916291b898ff5b6ec29866e8dd2078294a2a56b4cc8ba82f5fe94f326,top_up_by_card_charge
baseline,0b5bff7830d807a781ae5bd472c2618b6142751cb95d2694d8f83b0876062753,top_up_by_card_charge
baseline,0c7a5e9cb57dcfa36054af44b728fbeb089edd8a0fdf2302e80d957a6bf924f8,top_up_by_card_charge
baseline,0e55572960d89b9e0661de91bdce905a99f98fd19e90358dee7f0d7e5ba1e5cd,top_up_by_card_charge
baseline,0e7f74993eaea33afabac806e363421d4d74be9804d32b8f3d4d5ccfcdd09287,top_up_by_bank_transfer_charge
baseline,104b13a20037842b7b6abca74b0889ceb984263961d856fa109c5d84b88816f0,top_up_by_card_charge
baseline,10e7e3a4b2efe80ca79e6dea2fcafa4498be610aa6ee02c05eeba42994b3df1f,top_up_by_card_charge
baseline,113f22571912b5f2ed79373bfbfddb8627cd7def84ca8b6ea8948804db11d5d8,verify_my_identity
baseline,17ae0547fd03f9d3b9df138103862424f49760371677458932684425ecf121bf,top_up_by_card_charge
baseline,17c30f9785977f275bab2e55825c423cfef44b4fce44e4d5485787514ca7f9d4,card_payment_fee_charged
baseline,19dac0e393b55e6459bbac1b160ca84c340f793f1823733fc2a67920d51010f2,top_up_by_card_charge
baseline,1a3f267351c0c8e30434d8a26ce3d798def55cd2dc6ef69c6d45d50d5a848863,top_up_by_card_charge
baseline,1af8e25deb90e6bf06f4f87b8c51dbe2d14ee9345a98ac44b302f77180652d0e,top_up_by_card_charge
baseline,1cc0b6317b3a2c4c3b737bc94cea2aa8ff97f957db2ffc9d3ab267fba6df009d,top_up_by_card_charge
baseline,1d692b04dd23b949d0bf6142caa16cbb6064d25174848b636a92bdcc13adbf56,top_up_by_card_charge
baseline,1f3181886f90af41b64583cc2468e328312f0b50dd06ede439580ef7dd76e370,top_up_by_card_charge
baseline,1f39c76cbe695f196914ac9df6cf73a1ede6bda85fab32108123b5d5893d1fdc,top_up_by_card_charge
baseline,205b83a38290543ec9a89fd3ca87eabcf78a47b2265afef261a9c9b1a3fa6f54,top_up_by_card_charge
baseline,228dad023d21a528af24e6d3e403ec1138b96e23b1f98fccfa4078d8ae18132e,top_up_by_card_charge
baseline,22da9fb9e2328b66536b74c601de475de6d46ee9b5cd866962dff0dd9e061f49,top_up_by_card_charge
baseline,02846cd0b400ea4285fe63d170c60c435b409e8d7a5824842b3c4bd722c2cb35,top_up_by_cash_or_cheque
baseline,03796b5283bf07ee5c5d375b615ce87d0575c84ae9dd27418d8c4b9efdbddce5,top_up_by_cash_or_cheque
baseline,04878a85b64bfc6155970e3c301580c011315a9624b0c57b2d9289443470c710,verify_my_identity
baseline,0b932edb680023b1db161c636347ec2d8be67ddf8bac0188f49e44d190aea707,top_up_by_cash_or_cheque
baseline,0c8cfed6b083104dab4a69db1acaec5ee6251584e99c6195add2cc6ac23f7a76,top_up_by_cash_or_cheque
baseline,0e3bce71017b09b3e73f6498efbc8ec4980e64e77ecfe8d56e058930f144baf8,top_up_by_cash_or_cheque
baseline,0e869ded1f344106e46d29a1e9d93e2bddbf5945d9086f35dfd3021a36384515,top_up_by_cash_or_cheque
baseline,149188e113b75846bfbfde881606e8906fe96aa9dca434dda2cadf51bb6ab079,top_up_by_cash_or_cheque
baseline,15c008f57bd7797a240e9f789d67fb21aba093b365de39e7edb4c5ca50d8efaf,top_up_by_cash_or_cheque
baseline,17af4277a1eb15e674963e2189463713adda7e0c824f3d4200b034817d8635eb,top_up_by_cash_or_cheque
baseline,17bc8d6733c1c48c3e711e0bc0d11e6fc0e5e6eccab4a3a87e54eef6b93ddff2,top_up_by_cash_or_cheque
baseline,18541a251c9cb02a33705ce6f5772227fdcb0b1c1b10ab58eb857f95aa4ae411,top_up_by_cash_or_cheque
baseline,1a69ca606ad62d35b08ce5c78580015f9f510d79221b49790ccf85de5195b91d,supported_cards_and_currencies
baseline,1b70951d9b42d38c3f49d935e4706bbeb5a6ef8a90f96b61554b687ebce49d24,top_up_by_cash_or_cheque
baseline,1ccd03c834ed74a6ae464266ccb2b5bde8f622fcf14ec09c95c6ccce47373cb7,supported_cards_and_currencies
baseline,222a326cc06dc976f500b36a1050b69a51e9a9f84f56f431107315904d4c9204,top_up_by_cash_or_cheque
baseline,251723d285a95a786c57f587662b29362cb6b44250b36a9358b651d8ad50eab8,top_up_by_cash_or_cheque
baseline,259da01eeb6ba717fca320737d2a0fec6339bbe327ab4c2d695ea8ef0eb01fb0,top_up_by_cash_or_cheque
baseline,2c77e2500764576af0d2c3a215aa5c655b65d1c653aba7cf47f6b3cef5dbb52d,top_up_by_cash_or_cheque
baseline,2e4e1203f145e97ba0c856c6163cddc987eade41d31c63cb21f637b2f14891e3,supported_cards_and_currencies
baseline,3313dd1929924e2f3a3b55c58ac753361334aa9b628e3afebe6d69aecef30277,top_up_by_cash_or_cheque
baseline,372654f51431875b369e03487b7842199d09767a409cce94088d262d7ca8660e,top_up_by_cash_or_cheque
baseline,006f6330ad1783d7f9e799fa561386ed6ba7c1f13c845f79c8b1cbccca61beb3,top_up_failed
baseline,00f19db4a5b2d6ed4c416c80c27cef3ba07ed7cfbb1c1f5336494b6969faef74,top_up_failed
baseline,02f7ef023a5aa802bff7b0a7acc74aeb813ae49f345cd01eb366dd6f8d2aa16c,top_up_failed
baseline,03136b71699400d76823d04db9ef40f590e4fcb96d82803d37e986c08c78987b,top_up_failed
baseline,03e173279d0704b7bb3b2e691c69e6580ac27d7591921dacb0810efa3fa81659,top_up_failed
baseline,06eedaee0dc78f8e532ce5c3394e45af3eab3c20d86369e931f3388055994705,declined_card_payment
baseline,0a0e051e4bf3bd0c45ee566106067a654e860ebb6d447e6df537a7ec9e238564,top_up_failed
baseline,0bbf334db9f213bd328ff6799c6bc77891120011b7ac50835f0f2154dbf772ce,top_up_failed
baseline,0dadb16677cfab5f3e9e0ffbeecddc8a77300db9c1d27acd9b0ff70eb21c6082,top_up_failed
baseline,0f4582c60e6aa84ef98046f650224313432b9104130f08227134dbd0a6c00343,top_up_by_card_charge
baseline,0f9a264c9c9ac1cabfa8419b26f8dad13ce46e6e769780d3f0cdccf05f9f98f8,top_up_reverted
baseline,174e862aa962adc2bd394a5ab1318b65c8cb8fe0b15cfc79a4c11040ab7de1fa,top_up_failed
baseline,18c7084495be8be387fb453f6ca2847135df9af5a87f66b2dfeb7bf6f0dd1114,top_up_failed
baseline,19ba15e7f92b0ad190a88dec1ab7e97a40254d717d1e97e30d00d157916f24f5,top_up_reverted
baseline,1c1297567f377c31045a6b48b072f21b769519be0c595a5590fa5f9ed0ab871d,top_up_failed
baseline,1e7be61cb18f02687c09863237be9cf88d856b8fae028281464d04919b34f38b,pending_top_up
baseline,24d5cdfa2261931db1aa239d1544bb44bec61f8b4f6e0f0d155f1be1cf44d259,top_up_failed
baseline,26b8c7f79b416882d08ba79623aef6fc76d93490f6506a4f8e6caef260f9e9c0,top_up_failed
baseline,2766bc4f526a536d76599b8e698ddf0d053721718e5b167e3a2f4432edc0e3d0,top_up_failed
baseline,28bbd168ea26a276c2a41eb10f6e39c22e251bc6d2dc8c2a4ed8ebb06c49182f,top_up_failed
baseline,2969efbfefa0f5e0185fc0ab80914b4026872d33d244468f9c6aadb70c6be485,top_up_failed
baseline,2a60866617a21bc72d5559190416fb24f89a16ca3f01b00bab1142eda11474f3,top_up_failed
baseline,2f13ff93a8ae7d90d966ed5e78bc1c18f54b864524bc536774a4ccbfd654bd54,top_up_failed
baseline,304c55941640bad2bb92bc077013b083f79af5dd07e1918a6655ffc9f3559c51,top_up_failed
baseline,3365f6275a922b3945b40f1aae25e026526717e36f93640f5edf1f553e16b52c,balance_not_updated_after_bank_transfer
baseline,3c332d5ba2734712f08b0fc9fc07ba028181e8b29c4d5f486ae4bb39f6c59c99,top_up_failed
baseline,3c6dbe5307f144e2ff093adc6b9e1c6005a3e58d98c48a81edd42bf5c7fc6a15,top_up_failed
baseline,3d01c970d5f9615916d588ec957746bd389fa7896bcc5913ebe93e26b422468e,top_up_failed
baseline,3deb61a58a8a2964a49a48c66b55bcc8caf323962ffae918875dab1ec9545c0e,top_up_failed
baseline,04531233194a6b2d6621eed962c64b652e89519188236b428f1cc52547ce8800,top_up_limits
baseline,07c5c9989fc2e409a7cf9d553bf6fd667294751bed17e9243aeec8dda055ab09,top_up_limits
baseline,07d059799e2554c7fb22de14c80ecb089185b8ad2af6d95e62cbf9319150837d,top_up_limits
baseline,082c19f8b34748dad500761ac4a01985145040349cc38547098745ddbfbb05a8,top_up_limits
baseline,087701887e3de4888ae4096ee6e39818d08fdb1f436410aaad2ba47c1641effc,top_up_limits
baseline,08d66a496c384ca4ea7c6342f558969d8ecfbe6a827328724d4a1652d1c81832,top_up_limits
baseline,0e9fc6a735d3a6abbdc8e0ef709cd4cb811a3fcee7751f45c3367388b4bfbeb5,top_up_limits
baseline,0f044b281bce0895c8e35a9fa86a7d854b76de707c27714caf1e0adb9a8c8dae,top_up_limits
baseline,0f4970ef16dd5a2029d0b37df8dc7f3b76dcdc355abf04abb5978f885e463c72,top_up_limits
baseline,16fe1b477d2ce6094ee073063841d7b586479660202912c5855a35708f3c23c1,top_up_limits
baseline,17ce6c651c46a3acfa02069c1a434c6a59e9384dfe3825448fb32e6884662139,top_up_limits
baseline,1b1bccc08b375fe8f73efc6705ee5e42b0940ad3d8cc9c321f4b46d68d404936,top_up_limits
baseline,1b2221d97f91f9344114ac396909403f3e16231618a2fd9c4e1237f8f45fae2e,top_up_limits
baseline,1d1b3df2f7fe449ad39cb3838f8e389b0c5ce241f89dbdef305f087e88b5613f,top_up_limits
baseline,2043e5336650cc703df98bea08d366beb129f10daec5527f59c87953008b54cd,top_up_limits
baseline,2967e5291af8f81a5af270a3ab7b51db869817231598c6a63adb54b67637c672,top_up_limits
baseline,2b0935cf7401e4ce74884fd39371833978535c4e0bac8131a49752370205cad0,top_up_limits
baseline,3409b07201eec32cadc35c402caca5279a6af203b85a39e32bbf7e754dc1614e,top_up_limits
baseline,36eb4bc8e706030e0afa7fb5c350dd912e6a71136fc1c9b47b88f82bf3a087eb,top_up_limits
baseline,00b1a1955c5c302a6333c095509eeeacce310ff88c776d2910801d400506ca67,top_up_reverted
baseline,01dc4e13321747688d548555be0f67aed9e32e2826a5a4703a73ee631e4713d8,top_up_reverted
baseline,02170690ce1a387bd65d3eafae5b03984331d333d9062eed4b35f6bf495a51c5,balance_not_updated_after_cheque_or_cash_deposit
baseline,053ff554bfc8f7f91da14383e54cb66e0622583681a8bfb23934fe246f18631f,top_up_reverted
baseline,062f875ba473f5bf7cc6d8b0168919183fca11cefbad9483f7fde33f6c5b31e6,top_up_reverted
baseline,09071d3284ce24e56510868d76ec17718dfecf6e1b3ae17887e5d83c52992466,top_up_reverted
baseline,113db53c1471c4bbb10a144b1bfa01ab4b01ce1ef09e9858af1afb7617fb8fda,top_up_reverted
baseline,11a86098ccf4d987398e27857ecbe724cd7b7cd80f2ab430691fa072f22dff23,top_up_reverted
baseline,12f1d9bf4253d4e758338772adf62b0287eea1e21c08a247435f78da520d1dd1,top_up_reverted
baseline,172714f322e5aff2296f52bac5c3124eee362ff049e81f803ead822e0a4b5b4f,top_up_reverted
baseline,17e37dc7fb5fc2103adfef82a56480e5bb394a53bc2e347f0e1e2c1b82d6d2fd,top_up_reverted
baseline,1e23fcbb65b65c4209411b304e7be3e4cdafe88f8868969e48b624a974f46991,top_up_reverted
baseline,2135553aa0957913716e24b956c822fbc41472e5d4fd2b3e9eb98e2beb161138,top_up_reverted
baseline,217a2dab450acd836b49184246f206d232b9173c65be3487bd0da69483a10c03,top_up_failed
baseline,26dcd1ed9b5103b181c71c48b6eceddedd67ee2b08371062663046945aee217c,top_up_reverted
baseline,26e65d6ba2b9df80d8a6dff80f0423ecaddb276bb265a98bc10b52d12b64af08,top_up_reverted
baseline,292c9424e1f0cef609d1e027c090159f3ec4258c8a2455069100f788a7dc3bad,top_up_reverted
baseline,2b10dfeea3349114b070196f3002ed7531e6f81172dc350038c0bdd3aae28cae,top_up_reverted
baseline,2b175cd9cc33ca5e864a041d794c064aba9fa38ff85e579c244e95ed14a8e7f0,top_up_reverted
baseline,2c03b0ad2bb7e5ddf8bec7363a9e8a0a4cc2e4034eff9340304d136e7ab6db9c,pending_top_up
baseline,2c5c06636391973c05d2bd0f06add31e2718d8389d54cd0bab863e27d6300ce7,top_up_failed
baseline,2d448b89feb50c260573201b09127f486ddb9166dbc4d114420d4e066d085257,top_up_failed
baseline,2e90c6c070438d14953e2cd7ab0f2b1b76f42c4287bc6f1462b93de1a2cd93e7,top_up_reverted
baseline,316a296780fbed4f0268b519a5bd5160bed0035f964dd7425b65e13786da1802,top_up_reverted
baseline,3235e811a9210248283a82ffd41b6e175d1fc4284e6e089fe7474a7544a3c433,top_up_reverted
baseline,34c60bf4819656daddfd3d298bcee230224ae4586af5cdfe4289bc31cd15a801,top_up_reverted
baseline,385e18ac112d9e0dc44276e68fb17c95fbcd4a40d98de35b1bf4d1e1520fbe31,top_up_reverted
baseline,399b1cdbf80d14dd94bd09ef345359c4f1c44de9b645b245d511e6fa37f6c88f,top_up_reverted
baseline,3a993f087161b69d1b03310d21bc278e99af53b8e84be5b1d86ae88f6c18c6c2,top_up_reverted
baseline,006f2248479f5e9bb4d7e34a1d3f4111fe770c8008e20b20f7ccedd5a00f52a5,topping_up_by_card
baseline,031c46958c45e6ed79b6704cc01c3f937645cddc0d1813d24a65c079fe08cdac,topping_up_by_card
baseline,057f4523a28bf1fbc046717816ff840ca615b91b40fbd32e2becdc2edc0bbdf1,topping_up_by_card
baseline,0648c8317797b9d2c3a32bd638a77bc9c70b1c66fafe4957cefe22bef2ad5503,supported_cards_and_currencies
baseline,06cfcc9ca36ba37ae46efa377badde41753a8270887d6c9787e1f034756a7edd,top_up_by_cash_or_cheque
baseline,071469c8e9c68948c68d29af83eb040686c0d7383a8fb27300cbfcc06e08c33c,topping_up_by_card
baseline,0b3ed7362ac5a2a8763d3136f469b9c29bff42155968e179f8c6ddc2c441b116,pending_top_up
baseline,0b6dd97c8ef27969e6268ec9e17dd226df38b779c04b09bc4a6b5a7bb26a4893,topping_up_by_card
baseline,0c94edc65b39a6e7c99bcc96dd66c919ce9af4ba2e561aa2958fbd34c20f5152,supported_cards_and_currencies
baseline,0f55bb57b70a32032a37ce45dce25c4badf1dda6f2d772d03f8e2f60a00ba786,topping_up_by_card
baseline,186219f7eb6cfd344832e168df62bfa8620c947cc8f9c88eead6e055324c051e,topping_up_by_card
baseline,1a611cbfcab4fa102cedb153e962713244c6892db6df19d7e5e5db6a6d417401,top_up_by_card_charge
baseline,22db5f1cccdfb7706cf46a0ffc8429df05b21d5feedbc107c52258c43a1f3dbc,topping_up_by_card
baseline,242d6d222ee7cbacc7917441a5415ec4a4172bb371c73289cf093ee2b6240f7c,activate_my_card
baseline,2e2a0946f3d472a395c834260c0dc4c77731309fb0ecc7acbf049b73bec34b15,topping_up_by_card
baseline,30188a34a5b188d93ab49744e4634b2d17c0ced0af2928d3392b5b19719be7dd,pending_top_up
baseline,32d27d14014eb3c7c97e13d01bfca9dbe81b5132fbeb23b85fbd3680fa84e015,topping_up_by_card
baseline,34b59745d8f6c3a0650c7cf65225cbd6efb7b6a82b46928cc20ba167bd52c909,topping_up_by_card
baseline,3676c65c4fd3c9bb3a0d057663aec4c6c35abc2ba9d50308272781644b284853,card_linking
baseline,36f25f2d4f5bb137559dd936d18673549a6693e5042e02031e038081036104d2,top_up_failed
baseline,0012fb15df28ef4484a3e17802bb81041b8e862d00caffbe8d492d270b5f1c7a,transaction_charged_twice
baseline,0237e2bb9d49d9f633e2671fd836426951a9dad8904e9128c9d7dc8fbf95398e,transaction_charged_twice
baseline,036572e58cb253343ce67abfd043a4490ce3aeb585b693de95dcbec3e1ff7881,transaction_charged_twice
baseline,05199f4ca3a3515a06f87d9b2aa5f400916cb5ca7bfd05b2494ed962e3d97e03,transaction_charged_twice
baseline,05ba57e9b7964c07cd092504bd5fa02d38213a9fc2c143e339110ab333ae2204,transaction_charged_twice
baseline,067d377ddce4e9240e1921e466e5e05b11b5fb74df2c5afbf8c7990f4061fc3b,transaction_charged_twice
baseline,06c7b4a50e6b4727e9b7f465b167c5ec7328add424f1ce5b764f4d4b9e89c590,compromised_card
baseline,06e4614e3cc9ee4b01e13a06d832c8c5bf907a2b297f962064ac6594df391303,transaction_charged_twice
baseline,08d86491cc853e5af485991a16e66fa9dce8b823f430d190136ffb0922a15820,transaction_charged_twice
baseline,08e831922aea0ad359568c98ae45c9165b1d469146544af6d4288cbe9569d9b0,transaction_charged_twice
baseline,0a360bd9cfea391d5f874a28a48ac2c9df2600a521315b34f000a996bea240f9,transaction_charged_twice
baseline,0a8bc7a48062d6aea792431f4594412b7d160f752f433f65204dec85088f6b4f,transaction_charged_twice
baseline,0c1108740e549a8ac9c9bddd51c13cc36e49afc5e70bedb24164b2bbaa81d0a2,transaction_charged_twice
baseline,0d8ecf1fa45cea5adaf904fcdb8eb799320b05f1a09b87b0d8c8e3833b869ae6,transaction_charged_twice
baseline,11c7c5838aca83a743e7c31f1253a7e5392d41ab0cb30f7cd465287c9f0357b8,transaction_charged_twice
baseline,13eaafacd26061f142780510bd29071e1bbf378b7b4124e250d78223c49f2c72,transaction_charged_twice
baseline,140cf900b7dc73ad1adf674cb256c52684d6df962ff492d7c8420b25521e6a6c,transaction_charged_twice
baseline,14e80e9c4ab7eed263515de16f67325edc10740d008eed595cfbc98930bb9417,transaction_charged_twice
baseline,150d3d1d9da14282c17f5c9aa4f6adc46392acf5edab950648e8a56e0f304327,reverted_card_payment?
baseline,15b74c82d2a2bfe3da9ccb90e06e99d45a891932936fb8e385f210e80b7f983f,transaction_charged_twice
baseline,172d84643993c0ae0cbecd96419638ab17fc622cd9046b452d370c5c4fe23dee,transaction_charged_twice
baseline,185bfe85fe71712358ae35459dac92632bf61d54f4d330aad6c6b417741b955d,transaction_charged_twice
baseline,19704952bfdbba1ed5744000f1416d297159eed60c2397a4baed98627f26e15f,transaction_charged_twice
baseline,1b96003b9cf8abeedb5fed4cbed68f0b859c390630b769da7feced4e888346b3,transaction_charged_twice
baseline,1bba5eb080edb4138b9757c46758c0df9a955671e4a8282beb4cfa6c8d4fcf67,transaction_charged_twice
baseline,1c157fa36c270adfe3c2890f1096ed323b85f345b37f70e00b7b8ebe2b9fc4bf,transaction_charged_twice
baseline,1c259816947cf213f238e7f1e64cec22a2ee7bf5cc10b1312bf978f4dcfbf5a1,transaction_charged_twice
baseline,202d6cdd9ddf95a3505e6ef1530f67365990f873a7f516896f0b9c7739cb46e4,cancel_transfer
baseline,22bf3329002f4404f9f497e70453a5af85176e3ea08e47b88ad8529cb470445b,transaction_charged_twice
baseline,22fefca7076cedd428be726318f2cb3cafe449d0aa84ccd4ddc8a91247da2298,transaction_charged_twice
baseline,24051145e474eda2928640c48ede1938c40711efdb763088b0676989096e9dde,transaction_charged_twice
baseline,24dc3942babe2005a86388a39d079a3b25b8f6c3ef3c5781c11f227a6fca4f3c,transaction_charged_twice
baseline,24fb5e0804099dcdc0ae4a3a0f66f03c75aa10d968f035eca58c879a1b2851fb,extra_charge_on_statement
baseline,25c6737f5e237c38e2d4514c1645a1c4d8bc36de7a87030ca43f0fcecf78a905,extra_charge_on_statement
baseline,26386d9100e9b07d4f4d90d52d012e3829c2b9547b56ac6b4306382f0cb6d6ee,transaction_charged_twice
baseline,02bd7da96718543aac8d1f380856022f690dc6fbe7c42d8476f525c53544a33a,transfer_fee_charged
baseline,06d2bc05983159eceb93e6d74f75e90af535e9b77b0d75daa596d13a245f7f84,card_payment_fee_charged
baseline,071f44c41955220f92a97db51b527181adc942018061f876aa19ab10f5c27924,transfer_fee_charged
baseline,078c94afa130d29a85e16774ffd51ae1380f4b8ee2d5480908fdcc99a956aba0,card_payment_fee_charged
baseline,09077954e4ef6faa608a7df877559355376d3fd8a8ccf7f4f5dc60a09cd553e6,transfer_fee_charged
baseline,0ac1c221ffe47cb11c34e06f256bf579e8956e0a634fa7503df935b41a692209,transfer_fee_charged
baseline,0bfb10684e2c1442ff3ee5282af87992b10b7fed7d350b531794809c8024a673,transfer_fee_charged
baseline,0def4610a2af130f60c545c899c4a8c6a3a2317722656915d964ab013eb3be7c,transfer_fee_charged
baseline,0ff6f4097c6229bdd8ccaa5a49667c14875031cd6ffa04049c75aaf5eef0e406,transfer_fee_charged
baseline,10ba7f3a389e0611ced078267b9c6bc7fdf445214872bafa0c13918ee274f100,transfer_fee_charged
baseline,12328b9d4beeb12f8f5cf0f92e24b6483898b8cf5f7bedd4a37a4e2400307964,transfer_fee_charged
baseline,192b91e49393e501c0b4407d3d03306932a5f06e6def800a77880f93e3a0e025,transfer_fee_charged
baseline,1aa70a31010aaf5d85581e1551a85095b0a3b21f7d8d4a94e4513129b0c00c7e,transfer_fee_charged
baseline,1b2e8749a13abaac5e37c8365497a66ac75e5ac9751caac27d08cacc30c99013,transfer_fee_charged
baseline,1c72e0ad6b2db762625c082ae9b29e206ea7e11c4e4a65af4d04e9961e982bde,transfer_fee_charged
baseline,1c749db69d9d355f97dc5d88ad998cb7d5fb908df8de24ece4a8935a80d2b4ee,transfer_fee_charged
baseline,1c787dabb85604427e2bd17dd0656f942e3e552de1bd8c480a98b82e7488fb14,transfer_fee_charged
baseline,1f544ad3c9333fb2a862107d2a3396c3833293cecc28d418b1146ac9e0e14b59,transfer_fee_charged
baseline,23e9021eb02f69d2f0259ec0959a0957d44904eede8f743781fe7633ca500837,transfer_fee_charged
baseline,244ad10d1232c7fa47e8db60d6109cf1e63de0321cb9b5aca01e0df6f7463616,transfer_fee_charged
baseline,249251dde3239af1d895860f3f07bec8e4006648656405bfa2fd971d23e90a21,transfer_fee_charged
baseline,261c8022993a058acfc148ebe1df38ea3c25033b9b20668bfbb255415fd540ea,transfer_fee_charged
baseline,276c6a8cf30da0f0fe72cdf7e030c8057c20b98c612c7dd290e4dca109f5a58e,transfer_fee_charged
baseline,2aabfab8447ad752190cf104e60d4bb9f8e5b43a0a3fc27b32cfc00004fd9556,transfer_fee_charged
baseline,2ec666a45d188f4ffa9f1264ef5ff39903ef16fd929dd3c98e5f74022ca7e7a1,request_refund
baseline,2ff5193d34f8ff6708948829792b54ab55f2cd88cc94e6b2ced047402d4746a2,transfer_fee_charged
baseline,309c78717934dbf460d50f1b146f263a6e43b8c7da8c94280d64af7b5ad9a317,transfer_timing
baseline,3146b79c04df6d502ed7225580aa3115d47bade636bffc6486edab7c96f408ed,transfer_fee_charged
baseline,340f690efde049cb06a22970d0255c61788b0225e5a48272b2a1675dd5caf979,transfer_fee_charged
baseline,342feba605d17d0d246df07ceccb586f6fdeca8e12178ce9f6e4143def52fee6,transfer_fee_charged
baseline,368dc3ded0badaabfc429abf27400aa57ed4fb4900f6ea341df7707c4ef1c362,transfer_fee_charged
baseline,381741390f261d2281fa0185b1c0de5681c7c28bbc586946743f643a46f02397,top_up_by_bank_transfer_charge
baseline,3bd4382cc5bd999ec98355e5a964ac42d085bc6ece54def631f684e5f085cec4,transfer_fee_charged
baseline,3f4d430cadee28dba83f3779c4ff1e4b9da474e65e2a22f1923079bb08d492a2,card_payment_fee_charged
baseline,0435178e6aea622c6c591b7e402fd94149162c4f58ceb2318a47593a6ef206f9,transfer_into_account
baseline,046a4c90cc1ad32f1a1cb1d550f11608506f446868042f1e529b947f2f272fae,transfer_into_account
baseline,07db172ccf08e480582afe1b4b220663ea8bfba07c5450a612675383efc26c5b,balance_not_updated_after_bank_transfer
baseline,080f8ae9a337428f222aeaad39a24857ce25ab778493141324928b104f413409,transfer_into_account
baseline,084b41645a061fe809a5bd678aa7ececfcf16130ae3e07c5823f5e89f8c6548a,top_up_by_cash_or_cheque
baseline,0c09789428694fad02a33fee87bd7715486d524e553e7a34e3627a714202622a,transfer_into_account
baseline,0c3b1cec885f3a4386b2d9119183da2b882b952de6fe5e839ab048f73fa6d53e,beneficiary_not_allowed
baseline,0d540a3df9d14971516b75a86618862d118f5ccfdf7eb38f974c1de769fc6bba,supported_cards_and_currencies
baseline,0f5337a05e79decf104085ebd1830573b3a1967a9d0424efd04b9d31fdb550a0,transfer_into_account
baseline,0ff65d0caf77bf945f8c8e373cad40853b20141c95cdef1c9f0bc6e7dff9235a,transfer_into_account
baseline,17b7f9e23ead14a01d576510851e50afef35527ca18a947e71773152e41552c2,transfer_into_account
baseline,18d395cf0e626f82a294bb2b6305b6a69899d1edc7587362527ae17f7976a18f,verify_source_of_funds
baseline,1a6797ac527723da24e88795fd0bb484d03131013c926494e345eae6363d6740,transfer_into_account
baseline,1e996d3d76fbe70f9c902ebe6d5b2268cd0cbded92870e02e65cfee6a1bdfcd6,transfer_into_account
baseline,1f5c7d81e15ca66769c6a13aa2280ea9000060d0df0fee94ebdabdf61e59bb36,transfer_into_account
baseline,2633b0987f59786a6d3af87451a66d306793a1616b749f9ff39cf4685b4e94a6,transfer_into_account
baseline,26968e3b27e98cd3a386f03e99dcdb82f40fabc54adb1b24ff56531269cb9640,transfer_into_account
baseline,2b0bc0c92fa359ae360e5307a4900c82ae802a850432f4ee10c5e6bc039d15a7,transfer_into_account
baseline,2c4d922e0bad796ae4616be985e862c844e30522be85c86018b81ddc86dd6c65,top_up_by_bank_transfer_charge
baseline,2c90d3f2ca6905dad7bd854ce96dabcb96098241a47356b87e6c6be38d2c6ced,transfer_into_account
baseline,3013b92d9d879fe6a350f171979673d329a72d73bf7ce86244f7988ad6c993f5,transfer_into_account
baseline,32373cd2fff302ccd605aed0bc8a4417f4797a2bd431332a44971523b6a93182,transfer_into_account
baseline,00bbecd790ff455704e7b2a7d0f9a72bd6c3f61fe500e664e39edc0e8370caca,transfer_not_received_by_recipient
baseline,037c9624168889312d5ae690175355dca49b910dd9db3e4c8282da6032a1c255,transfer_not_received_by_recipient
baseline,061ba6e0feb013e6356540606b67b53cfab4ee2d0e9e41416f4af5eea47756a8,transfer_not_received_by_recipient
baseline,077927ecf8117b6d73ddc268252cf6f151ff1990babe5c09437ff932c1e2dcc5,transfer_not_received_by_recipient
baseline,0aa90dc994c2fc61756fa439891012655cdbee66cb272619951b1a89ff6e2b4a,transfer_not_received_by_recipient
baseline,0c1f4db49697b75b8ca30f0eef9975dd865804e596b1852f4f78ba6cad5f0902,balance_not_updated_after_bank_transfer
baseline,0c6c2fbfc58d1ead059cf93c08d13ae976c24f9181f20350debf2cc4bd2e7c90,transfer_not_received_by_recipient
baseline,11a8880667dace2c40af81728dd4dc83e8715eaf26c55ed815c77ef896ba347d,transfer_not_received_by_recipient
baseline,128e5052b82d6dd063f2f2a6cab0e1707ef2866f44ad165551a2a7975ca8d2d0,transfer_timing
baseline,1323cd0a5ad6ec2097fd9d305407e564635418e6114742681a0a70747906dc98,balance_not_updated_after_bank_transfer
baseline,14efb261170072eedc0c8856b859bccd1245df25c2d2a01cdd535113889673d9,transfer_timing
baseline,150b02cfb3bd5515d044146c42ac53b79ac90f04a8f9c1c217afc865adbb319b,transfer_not_received_by_recipient
baseline,16d9c02a9e61d82ba67bc5f66cedb8ea5403d2f49438721c51e174c95e745dbb,transfer_not_received_by_recipient
baseline,1734d13ff03761dc329f2c84d50bc27946466fc80b66640789ed6eef8bda66e4,lost_or_stolen_phone
baseline,17be8ecd0d67dd154cb6c8e3d731062bee08066b2b4bc4958aa327c29e7b2656,transfer_not_received_by_recipient
baseline,18383a189cd512d9b7db6b89c7ea0852dd7aeb0af50b9e7293f92a15c304f6ac,transfer_not_received_by_recipient
baseline,19659fe6861b679d3154973ca65ee986e073e7155cb8247e1131c09bf30ab888,transfer_not_received_by_recipient
baseline,1b1cdefc949d6d6a97fe6c983a8c7bfebf96c635f73910889c74dd4a1dedac2f,transfer_not_received_by_recipient
baseline,1c04dbb501fe90fd242c6bd748fe9d1ad29f2aece35f24f17b0a9ca4a3c85fd0,transfer_not_received_by_recipient
baseline,1c4e52eb6a3bc59efe228c9c031a364857a5d8bd9199799ed3431407d0151afc,transfer_not_received_by_recipient
baseline,1caf366ce255d12aee5d4ec4592744d1300c4dfaa941036832b56acfe74a1795,transfer_not_received_by_recipient
baseline,1d56f6f65160971202cc454c3a7e56740f774e4167f91c3da65fdc8177a2f514,transfer_not_received_by_recipient
baseline,1e3b5e5bc88a4a93cc0fea2addd981e1a6821838472a2dc14d7040492f124396,transfer_not_received_by_recipient
baseline,1fbb380704a62ee1643a797dc6dc348195779f607159b467a1a5eb4273c20b21,transfer_not_received_by_recipient
baseline,223188b5cb5f7dba80e70385bfabb424ae8fb398e7e92405a53d74a57493b18c,transfer_not_received_by_recipient
baseline,2ac9fe479b605bf5f9b768d55ca7abf0058b5ee9772c235d401b3807c6178c5f,direct_debit_payment_not_recognised
baseline,2bff953854d60bf38e637cbab51e0b51a939311d461804f28ed177c83a1980a9,transfer_not_received_by_recipient
baseline,2c2f3ede356ae00808619b9ba7ce65c24c28dcdc2e78446c96fa5c8201cc43f8,balance_not_updated_after_cheque_or_cash_deposit
baseline,2dc485c5b5f117863a192a7abad10c57407f900319a3d16d812c32cefe84d723,transfer_not_received_by_recipient
baseline,2e30d15b1e29bfcea1ebbb6dcfe2990ccca9654253d129b50a5746f12997f3ee,transfer_not_received_by_recipient
baseline,2e31850f2052ea885181064c2c61dcfcea0352cd74731ccee6693f65664f3663,transfer_not_received_by_recipient
baseline,2ed2b9f1e4ff771905e2679ac255bcd44585b792d332527e05f71fbe6342fae5,transfer_not_received_by_recipient
baseline,301a191aa8e4ee7a98e809104f9014611a5c9af9f55e1152e12d133a34cdcfaa,balance_not_updated_after_bank_transfer
baseline,3062339680961a65f612c58d749f45ff681b23276f3e38f898e76d86b67ddb50,transfer_not_received_by_recipient
baseline,00c4359d57a689423bf02cef75a68d3d158d3742820a14c3002d9070066dbcd8,transfer_timing
baseline,01505d457e11489998cbb4df88643c3ddaaf8084e40fce641cd09b5ecfc0aa94,pending_transfer
baseline,01fc1363a729ce59abcebe18a943029f37e0eac9e06e86a5815522e97d791eb7,transfer_timing
baseline,033f0e032e4a37e5623c043b04ff66e57dd7cfa3009b6e684aa64ff2d0fdf825,pending_transfer
baseline,04eaa55410d03497f6a2d8545efd8a64668b8bd6405ff25445f88e974ecff6fd,transfer_timing
baseline,0514b7b78f9ce2aac08cce43777f968c60e5a537ffaae2bcba91b9c0af8d67a0,transfer_timing
baseline,056a135468dc37d40bfa84163c2417b315c72dffe58bd278a9aa2b76f0b37424,transfer_timing
baseline,05f081eb5d2241539e86a591098dcec6e6357e4462168e365d414f78299071d3,transfer_timing
baseline,06c490bd9f706e894bef43af80988254e593057dc1d4f61853b8088e095b5537,transfer_timing
baseline,0a28b7b1b7c0acb3ce70cb71114d6884db32646c9802b75b0ca0dcf3b968c8bf,transfer_timing
baseline,10489dc6dd587a38c89477b81ca65288c58ce1bfa8bbb640f06782ea4891dccf,transfer_timing
baseline,1349b1958e52ff85db9c8f41a17b7ab9b1cfbd00734840f15b8e600314153e51,transfer_timing
baseline,13925ba1ab5b3172dfe35da881855682cc7c6aa83163c6aafbc43de4cb863292,transfer_timing
baseline,142b27e1f7dd2b0c1c323e5e237725edf5363dfaf8d8dc075715df10c9103cf7,transfer_timing
baseline,1d7179be64beb93bf508d681e4a0718a4c70397a347de10c7640b9445fa3f9a8,transfer_timing
baseline,1d9387e74be5ec6f1f2088819e708448d9fd1a87e00b36558ec295004badfa30,transfer_timing
baseline,1f0c29b01086767adf42900a7d2ff97f0bfbb86eabf340f1e8e20bbcb4f4080f,balance_not_updated_after_bank_transfer
baseline,206ff85b59168e6bc2314bc0168382d24c4a0ea3acd28ce52ad17f13dd6f20bf,pending_transfer
baseline,22a0e950016278576a375dfaf57ca5d0fb0046fa849718a8c7bb6a1bf31d2bd3,transfer_timing
baseline,22c8a7464a0bc2189071ffc4db906985b7418adec13153323ce5dcd8b9db7707,transfer_timing
baseline,22f0ed0e7c5443892c25ed30dbd43d60d83a75f0cd941877e2bf9e8a8fd46b76,transfer_timing
baseline,23a4c7d8c26448a1563616437f4b611fdb0419a5203cccedbf9e3f26f00268fe,transfer_timing
baseline,26684ea5001ee9a0d6c6a62b8c0eccf8b9f8728b86b123d01bc496cb369f8acd,transfer_timing
baseline,2ad476336cb61120042020f4dc0fe0818481ae3ffbd6b0935c832ae0b7d17690,transfer_timing
baseline,2b9aec275cd83a85f81cea99c667b773610f63d8b0d5b9594457c5bf24581606,card_delivery_estimate
baseline,04778d49fbf94f1e59cb552678a6033dd723863ba6063769056f8dacead2d643,unable_to_verify_identity
baseline,04ab8a100cbe505eff39b6649ebd84c26031d81807e925ff1e0a607fd72da082,why_verify_identity
baseline,0ab74620f8b3d824c844c9b1984f3495898d2af9d256d399296a1e0c98ff50a5,unable_to_verify_identity
baseline,0b51f16b54cebd822894f21b3ec6d0c6ef0fb37ee835018e12093991f17fee37,unable_to_verify_identity
baseline,0dab1fcc614d0b35afaa2561272e6201877997ac0f174e7d1c0006ca2df6610f,why_verify_identity
baseline,0eb7f363403d3cf55ca30aa8ad5e214e1a821efc85054eb9ab35a70349b454b1,unable_to_verify_identity
baseline,126eca166314834b2816f05a387ac50ca59ff5615b67ce1a7d2f2cacca225d31,unable_to_verify_identity
baseline,147aaf6f853404080b8c39261afaa25e6b098f4b9e68ee0259be95fbf7e37b44,why_verify_identity
baseline,173a835bb33b53f4ddffd15837d4c937ee3e8c6cc8eb0a26d027f13358b2277b,unable_to_verify_identity
baseline,1df99cb8d97b42c2208fac2d9c6c5e4fec0927a0b709f7006d201d6ad38920ad,unable_to_verify_identity
baseline,1e3f330c74dc54883c6d795d14c8b85795b9fa09652287135bb072eddfd2cb88,unable_to_verify_identity
baseline,1f26fa6b62d0ab5647854f5c5dcae92769032859aa7bc07c2ac1374b74fac78f,unable_to_verify_identity
baseline,226776fcefe9b4aa71fc129ec2eb46d2496d3979f4a154174f0bfc6fe93da5a1,unable_to_verify_identity
baseline,22d239af9eab0fbacb0ea34ec1934e20a5e363d382960ca46bc677c674125acd,unable_to_verify_identity
baseline,25fdeaabcfc476afa5fc3ca3cdc45067aa1fe4d7a882013bbcf2fb2dcd930b7d,unable_to_verify_identity
baseline,29b3fa84fcfd5dd5b1cae89273a6c5ccd4f168594c4d344a49207a71a2dfdd1e,unable_to_verify_identity
baseline,2d990b4d3862cca822a8bbf2b61802c861f1ad8b0faa04c86ca3463f47ef29ea,why_verify_identity
baseline,302de4e6d20cd5a3341fb482f075ad45518b79c2c304e944f5698a67d2247f75,unable_to_verify_identity
baseline,308ad6f7172cbc52cfbb41ab84fc0e846263e7ad9aa51e7e3a10410888a7478c,unable_to_verify_identity
baseline,35c2c0b01f68928ef41239451ac6e86076363725a9a3b3633523d02466eca253,unable_to_verify_identity
baseline,013b6d7fe9f787e10905e35e25bb34b4da50e9e8a4a61d7495a1bab4b4733e6a,verify_my_identity
baseline,01d76e09154b8afa4d7645b3267741269cf5291ee742f69eb41bed9e343f1419,verify_my_identity
baseline,03317de10e6810859f0929195af7f8b0016f993787547d8d12070f5e0180e5a0,verify_my_identity
baseline,035a053abb2b8c1e63883daca61098590157f20e752b2017804404e529e99e04,verify_my_identity
baseline,09ab366ada9731b6e122b7678cd59bb8dfe4d8cc9aed38f180d3ee7693a544b2,verify_my_identity
baseline,0a59d07660ecfbed87080d2f16bc8a6b0e6b4c9882d2d3692dfb4515962afb64,verify_my_identity
baseline,0c0e20ad409bb2ca516985976152941c44b73318934e77cdb3177c65b9065898,verify_my_identity
baseline,14eaf8b569451d0df6fd28951bbb0560d1acdaf29f668170c460e7e612ffff52,verify_my_identity
baseline,174f588e91803316369a6c4fc0a542f73573e1c078ca457ebc950dee389b7fa2,verify_my_identity
baseline,18336f14baf8683bd249a78f26edfb10cd00529ca9c0159f85fc96832dcc0930,verify_my_identity
baseline,232d6a859c783abed9a9db5f57ec21ec258468278f368216dcbde3cd6be56680,verify_my_identity
baseline,28234fb8fc810db5eec69436bad48a6c7272f336d1cb8a2bdbb7f74ab1a089b6,verify_my_identity
baseline,2925d7d48fb41ee94939fcdb94aa311c20fe3ed5bfbc5b58479fc3714f57f9a9,verify_my_identity
baseline,2993f42d57cfa38ab99a82fb1c7bcb3ca9b2cc98ca6e649de36b3c72f59ad37a,verify_my_identity
baseline,2b8c7eea5d2f4d9ee1ade10a78cfa7fbc2de07f2b7677898547821619fc41478,why_verify_identity
baseline,2cacaefae9e78cf81c1211c01779aca75b7d7a8741f4b56e12f52605614f17cf,verify_my_identity
baseline,2fd321e6b83f935b5eb8a7a561675364266cb29afa18679da9adb22b856b0101,verify_my_identity
baseline,362f291662bdb3c02e69b77f156c088f64041389641df615f243a610adefbe86,why_verify_identity
baseline,3942608a8de1322d2c3a4ad7f755f26c9b2163869be08c15d4e75ac4e33a2125,verify_my_identity
baseline,3b3cb5af89207094b2c6ef75cb07c6f25faab4264b4c9748189498746b79538d,verify_my_identity
baseline,0130ed748cbfa7f33abb9b80acec4ab9e72bd5a7b8dbb66951354c944833c523,verify_source_of_funds
baseline,0255c2814dd2d73bc08ea7e166c3adabb95ab8e3a29ee9f71cba6d8019d9609e,verify_source_of_funds
baseline,032ac548a4a6f090f6558b0c1f7ef9222078865d701ad6f559b7dd85209dd225,verify_source_of_funds
baseline,042a67074031d46d69573ae61f66a5a2a12d3f5b945885a55fad332828d7947c,verify_source_of_funds
baseline,047bc8faf8e4d835f5fc4fe8bf1b6c1ac320c8e3cff9378e8ac8694dca0be15f,verify_source_of_funds
baseline,05eb3eaa08855d6cdaa623f6d8e1fd628502f6b457b658e0ed0bd206913bf765,verify_source_of_funds
baseline,064ba23ad887ae858434be6f2de38d21726304002aed824cd78d8343c5850e63,verify_source_of_funds
baseline,06bd0a5bb3013e1e906daf628f87672a7bcbf7f543ca45b33991ad2205489f3d,verify_source_of_funds
baseline,07fdcacd193487d18a11ad4271c5219fcb42d8c66ac0c73c2c07d03aafb99540,why_verify_identity
baseline,0c431115ca24cb68c768a01067591ac00e8083d30b684bbe4ac6e867fe1627ab,verify_source_of_funds
baseline,0de60907b2601de98322012eb3d71cc42fe1bf08de5cec36591795217d36986b,verify_source_of_funds
baseline,0e1c55cd185e46969569905543176a4ceee6997143c6381a6e4eee5d45956841,verify_my_identity
baseline,0ed9b29c54811b267279a0bf8825bfc9782204b3d6304d8a53d4fa8d1b9f4274,verify_source_of_funds
baseline,119c49e1e15b75b947b1dcbf69a030803f41ca93b3aab4b6b9c15e00912f8e6e,verify_source_of_funds
baseline,11f25661010e2a0535021a69171dad4d67724f747e48087c14b81dd037471da0,verify_source_of_funds
baseline,155797f92461b240317b997257d8340807b54a4fab604b336e340ab76c8088e0,verify_source_of_funds
baseline,15fc2f7f052fe8148e0ef07791efc8b5751c96421901d9a8e4644f8df2c89e35,verify_source_of_funds
baseline,17cac1ef86eed09841fb9948f1ebb041db87dd418e64df0ad36556e5c08ec793,verify_source_of_funds
baseline,19342d378d973b124563a7627ee9614d520d154294375f68550863b8c5ba98b0,verify_source_of_funds
baseline,1bd4503b84fddb1138784c679d4c967826ed1c82b8eb63f6f04f9c813c37e04d,verify_source_of_funds
baseline,1dc84d897d7cf8cb2413c384eacebfaeebaf2cb920beae8bc7ef736110b7c6a3,verify_source_of_funds
baseline,250e1d474e3c3669414d4bb67232b5ab65f86f8b4e62dcf7cef6e5f0aad93700,verify_source_of_funds
baseline,009e6d564b5b53e65f6b08b4962ccba166bc5b2246db80a32387228d931a6855,verify_top_up
baseline,01b532b4af280b11483901d565a326bfddba6d56993db33c9bd4d678a8e0fee8,verify_top_up
baseline,050361ea426b0f6b0112e67ab478d8fd6a90eb6f29c5f13b3d3ead5a14b0bc5a,verify_top_up
baseline,057cf734e4103531cf92e9a472744a2d9f575ecba420fd32f96e7130ff5c48cb,top_up_failed
baseline,066e395b1dccd59f358f9e26f66ede1d89a13172fbf3dcbb36708809947beb73,verify_top_up
baseline,0940de4e481c2b1684be8fc7ae36913f477d30a3bb60f979514a0c459fbfe26a,verify_top_up
baseline,0984e8c8bca2665290aac7c3f2cf669883b3f2590b222d1affdb38454f0f1726,verify_top_up
baseline,0bd99ea440b8f6485127c061387c2b1d880b477168d9f34ebc170407eca331d0,verify_top_up
baseline,1281640724cc8f2eb9b174e01088624957d33add636e35eaaf49d4eb83cce5c5,verify_top_up
baseline,12b1130f421aab0eb6ab8c0e9c4de1ea910ac1fcb3d000e098067dfd28236ae5,verify_top_up
baseline,190bc7eda681b42e3ad95cb1d2784834e4eb7df4cd908a711f8d191c6b223909,top_up_failed
baseline,19fa6c0efa5cac048e5475929c99fc4654d13b15c4152a53d49371d9953e8806,pending_top_up
baseline,1b0f9d82a215e9af80a12aa80269701893ce1b322bf35b46032d6710b7756e6c,verify_top_up
baseline,1b2fdc340feb9f5fde139ae3401e009eeea265bf47253259aac6061b3869aa63,verify_top_up
baseline,1e2603f931e1bbcae302a655b0cfc69657c34226d65c89fc202f5a6cc9fabff5,verify_top_up
baseline,1e76d12ab0c2169c96b1fb34160c92e17d1384ecefed05c41455a663c093e271,verify_top_up
baseline,21370ba8a20f116a3711374f94fa790b8b2097ce4f353b069c3dff525beac32d,verify_top_up
baseline,254b9b3b549c34b851a25591e782f4961d71a359f96bd55e25c43259f987574e,verify_top_up
baseline,2685e76328b966597f94ee75253048c6332730134e738444077d649dde980946,verify_top_up
baseline,27de5f79caeb28d452cdd9419108cf2ad70861eab6a7a582e8936e5eba037bd3,verify_top_up
baseline,2a2cdf98b9dc6eedb57136a74dff7178219cafda3a5a850981883e2f91facac2,verify_top_up
baseline,2d4b842e04cdc5e1f59adbf8759004fadbebb5c8176a1ea1f3fc0d3ae9292c7c,verify_top_up
baseline,33b520d628ad1a53df11636cbe59ea0cf207f29f488de63c0fd6b5618234f850,pending_top_up
baseline,35b2e4e9de3a5a047d4bb992dcec5853930dc5dd0cf218f36b7380b67c3e5081,verify_top_up
baseline,37105141bf00357dc49da767fab8fe98e7c6d0fd7284d41b72107f3272ad0343,verify_top_up
baseline,01b7c2cca44e42a3c5bae63aa065e19293ed7454c869a50b62f99ae6e491c6ae,virtual_card_not_working
baseline,099af86e62bc1bbc90d119b78c4cb4777b7235a576662a472699dcc4e521131a,getting_virtual_card
baseline,0a529aa22d5c7b197771c796233e4bd5081e93db19fc935ca09e519c8d89e2ca,virtual_card_not_working
baseline,0d2ae080b8203f559ac76ceac364d3da346c0fe8cc47c6d95b51b9ed9bfcde4d,get_disposable_virtual_card
baseline,0dfb2f0ec1bd031eb7e87ee5b6ae7623334e8f7842ff0ae23ec3f5fd71657cf2,virtual_card_not_working
baseline,19970c91c9cc443b66a9a27c7d810cf01f6874d9815760eac33121e123cad2f4,virtual_card_not_working
baseline,1bb301f39aca652c919cbdab71a4147dd0238ad4b7ab838136b7d1ced97d24dd,getting_virtual_card
baseline,1e6dd0fd827acf1ced11bee4829d6732230e20f4bfe405e037736e1bdb70fa53,getting_virtual_card
baseline,0049c3a19cfa12f09d226718c0d03519c339ac664129a9408c022a83b6e6bb19,visa_or_mastercard
baseline,0169336732066169fcdf729c8f5179a90889681bf50bdffbef4adaf74fe06dc0,visa_or_mastercard
baseline,01e234af9a021372d0acc7906d06630c017a269b0d80c42603b6f7463a65bce6,visa_or_mastercard
baseline,095726ac63bc0e649b427b4e3fae8f32bc58e20ba27ce3f2d1d73ef81ddd3e3e,visa_or_mastercard
baseline,09ff81011f0891c3dc33c1f58714b472302d7415d595d3df2ceeb9dc4becb493,visa_or_mastercard
baseline,0a6f42bd8d23390fa43a30ee641d7b6ed2f8f86eb7606a42c4e6421b7328667c,visa_or_mastercard
baseline,0db5905c972da6fb1906c9a50916082472579295296fdb66b1824831a7275dbd,visa_or_mastercard
baseline,0dc8a4ab19cf49d4118abda9930bcc370e0c762a6a8e4e9103feac87c0e6cbf2,visa_or_mastercard
baseline,0f9e0d199c69070e7446c31c064bc1a003207b4a9bbec91f63081fbca6d5ebb5,visa_or_mastercard
baseline,11d740a3b285f808ad440211e7941f35c8253ce9f8bd972cc147c47bf7c44664,visa_or_mastercard
baseline,130010394590b9d325cf5c8a6b28709e1d61cf79e19a13c721037d1687621526,supported_cards_and_currencies
baseline,141af9184e0ff0476cb916e56b255908babfda18fbe2400ee29c07b7d3181e46,visa_or_mastercard
baseline,15ce177b966b697fdc6fab1530cdc427f186e82ab36812206f80f21c14fd5864,visa_or_mastercard
baseline,175b91343b21902b9c1b165cff6689bb32947370e6e1b7f24cf04b6786f6f10c,visa_or_mastercard
baseline,18d0b84de994527ac61aaa11e47039eb3d59f8cf0fa408fd6ddcf3f17afe7b3e,why_verify_identity
baseline,1a1b7659a2725e8e9aded7a05a38b8fa4016d67592a904ad56b9ebd934edca0e,visa_or_mastercard
baseline,1b5c24361652281ac5fb2b7174224f034a2c8a5f4d496cc2978c61a21ef9a06d,visa_or_mastercard
baseline,2286cffb18bc6ca35086fc432633e5eb2403c4a58732c20cbbf8ec059ba355dd,visa_or_mastercard
baseline,253fe81d8148d8c276abdf9e7be569b7c27f05ee467afbfa31845c79a326d679,visa_or_mastercard
baseline,25801c7563fc08ddc962d5694f297f30cb3f45f62958ad1566b48f4af8a5fbd3,visa_or_mastercard
baseline,261695deca9b0475d6a45f2cb1b3593e035d5a060171791787ed7d8c3ae95d67,visa_or_mastercard
baseline,2999972cd962985c3e937ce4ffc2bc73e48f344d4dd9ce6705a3878494477e52,visa_or_mastercard
baseline,29ac33a3d77cb9dd2b76992012137d97183b825b6541c1e0a8ba9864b818fe99,visa_or_mastercard
baseline,2a08d6739014ff2e5f0ea48c0f3517546dbcbca141ca868bf325e894292657c0,visa_or_mastercard
baseline,2a17f64b0e1622271df008d24a4efe231e4d840442485804be19e46b8fad2cec,visa_or_mastercard
baseline,2b8258e988d90fa1d366ebade75b7f2ea5f3422edd9ff877de04a6f46a915ad4,visa_or_mastercard
baseline,2c4693b5699f6d63435cd15f7315bd25fb2142edfad651bf3b30e61b2004ddfa,visa_or_mastercard
baseline,0023d07146d84c052027ca7ef2f2e3da77ccc8eefd8c04c136a6f5a5838bbe1e,why_verify_identity
baseline,022ae20e1f6d1f831f15cfeebbb86f2946073f7568ef4c53d258069c19446a9c,why_verify_identity
baseline,02a6519e779c10cee8119de1c03dbe07b0c3cffaac8d0c309c53e0f86c08583f,why_verify_identity
baseline,04ac62ede4436be14959fc877dc1d77dbe3bb06705418df5ecc661f19c9678cc,why_verify_identity
baseline,04b8a6510dfd4f81863d50c7a24402a641040a8e55d7ad3fcd263388e7b6dbf4,unable_to_verify_identity
baseline,087ad670fefce061f38be245ddfd1b16c84a84d0fdf695e30468b34e60f2029a,why_verify_identity
baseline,0a3a89fc9583db0f276ddead229fce331c0ce095a56b2ca17b71d14a3a57e198,why_verify_identity
baseline,0c3154c0e8abc78b25de218cc80f8e5d60c267684a2f03dafa4d6144a5d6edfb,why_verify_identity
baseline,0d4ed5fafab0cb4493d20828e301b9b173f9eb0b0d2200286e6582da1805e7f6,why_verify_identity
baseline,0de8791799bdd7cbb5c44ba4852dc7eed551f866013fba8c02aa472e5a3313a0,why_verify_identity
baseline,0e154943a001a260b8c367bfa17c3e2b1dd6d6d70f1f693a0cd3ee154d1e751f,why_verify_identity
baseline,0fe12ea8e24001e978c583e074b1f91199c7fd312ae3ee9b40e32c98e03c10f2,why_verify_identity
baseline,10ff79233576d1a8c96fd8ab9e13431541c55354b099b8a3a8e4d9ea3030d10f,why_verify_identity
baseline,123b14d6fc608398b0d627efdc26649a838f44b91086db98123d09f30d845460,why_verify_identity
baseline,16e227759bca2a47023b400bb0b579071e474ba94328cba0da15da4ec1aa87b1,why_verify_identity
baseline,1a6840e21d336e48b1df074d65fe9e828cea72592a8333c05da16dc6b9e560e7,request_refund
baseline,1ad1f5dd99bd48d117fe155ea3edeb73a6e62c64e287e149d0405564efbfc44a,why_verify_identity
baseline,1ef1ebb971cd5476219fd494adac61d1a7829d54bd7da597d446f915582f7c50,why_verify_identity
baseline,2078e0982e096204c1e2c2c9f8ccd59add888cde075ba5f3983ccc794a7e886d,why_verify_identity
baseline,22169cf67f6c407d34a56a66d2281550470ac244208971ee400d0997a8908b55,why_verify_identity
baseline,222f7094b35d8857cf43eace888cbdb69e407a1c7fbe83de4fd823944a060e9d,why_verify_identity
baseline,27e08de05881a510e6950357993a9e8bc49229a77d4cfdaa558966ee39cb9a7b,why_verify_identity
baseline,283b78a4113f3769b3daad8e7352efd4d760ca7f489c062359332deb784762a5,unable_to_verify_identity
baseline,2c8b86e1d141d447388d277bf35cf6cafabbed84300760bbd4c234c4b3e46c82,why_verify_identity
baseline,005bc163e3dddc8752251463e5aff411562d62c2806ac1816372357f9a6d52c6,cancel_transfer
baseline,01e54d77bad8b62fb226eac5f0bb34d8a588fbbf69a7db1e3d5f28c3068deb57,declined_cash_withdrawal
baseline,0381f9e4668f08cf017908645933ad5068db195d3cad9a630c8a1369f2070f5d,wrong_amount_of_cash_received
baseline,04518a1c2a2b98f3ce89c3aca561140158c7e0e76a044f72e34ec7c2bb19b594,wrong_amount_of_cash_received
baseline,066b358ea15ab12416a008b4d8da648a328564f05b4e2596e6ee395d73d5450d,wrong_amount_of_cash_received
baseline,07c2e7640e62fc11bb0a0e4d736d19446ee978aa8aba99d5069e6d91260c9ba5,wrong_amount_of_cash_received
baseline,095456e13192b723ea3e1624d73f76005c412353572fb6bfb3e64d3ee8e322ae,wrong_amount_of_cash_received
baseline,0ad9dc511a1497fba75fce93dfb9efb522bcb52bb44f5217bc28211bca7a5ed1,wrong_amount_of_cash_received
baseline,0c5860c8ad402ccd915e1fb53745970543d99308eb736909c8cfc38b8daeb9cd,wrong_amount_of_cash_received
baseline,0eced8c76c625a7fe240b7a8184ad7087319b031dc1b65898a38564c65631dea,wrong_amount_of_cash_received
baseline,0f20d264b6ad531d1dfc687eed12cb49abcd82d6b9e60168e92da92e720e6ff6,wrong_amount_of_cash_received
baseline,10783260c83fb26d36adaa16a5222bf70442a43a7e44e0aee495a79079529b12,wrong_amount_of_cash_received
baseline,10a1cbbf7c9c99909a8cf6d341c35ae0855d7d0211ed64da3e3e6802c18cea31,declined_cash_withdrawal
baseline,11a28158b4804a9c54a349f6df14a8883a4dc76fb2ae466e4141e18488992981,wrong_amount_of_cash_received
baseline,166b6e2a7892bebffcd40fca148b1e65c1eea76886b8fab4e316c1e79ccc02bf,wrong_amount_of_cash_received
baseline,173221237ba94913e8fd2c453d943c86eda00be407a14d95efbc33d737f2583e,wrong_amount_of_cash_received
baseline,1939c03eec2f10d715fe1476fff6e1504a07d123465e4141af909edf2dde0505,declined_cash_withdrawal
baseline,1bb097546e7e359628f4c04cdf38eb596ab385ac5d5a43b170ca68809f388adc,wrong_amount_of_cash_received
baseline,1cb0fb93f235d009c33c4faa0935ebe828aeae9c483d85f0c69ad83b2bfab023,wrong_amount_of_cash_received
baseline,1cb3f92bc6b14ac29f68abd8fa2d52ced0305fb8b1fdae5622de0fef71344a86,wrong_amount_of_cash_received
baseline,1d35b8fb0a1a7e5a028dce19e3bff4901e19bc50553afa5a30743c937d239a7f,wrong_amount_of_cash_received
baseline,1fafc1e2167918f460ce3ef9571142128771c25f23ab25aa6341e61b4dddbf5a,wrong_amount_of_cash_received
baseline,20a8b7b484b4c3dea7cc8da0a288bc4984914f13ee337cc76add91720d5078bf,wrong_amount_of_cash_received
baseline,2285ba022e96a14c5efa53f52f913ca6d1061ea24668fc80e47cf9232d717868,wrong_amount_of_cash_received
baseline,23bb77f58971fd6d99780ff5953f1a1ccd71c1c25e364cb6499690ee337dfb1b,wrong_amount_of_cash_received
baseline,257675f1a3d8f9986bc440c4e3b35b4d1fe426193ba97b7e1256120fbd7b65d1,wrong_amount_of_cash_received
baseline,27c2b650ec9b75c2aaf072c5f07412123d336441e89e991711e8ec024a790227,wrong_amount_of_cash_received
baseline,27df69cb212f1d20ee1e930ad152d381da3207da5d47d44a120f19cdf425db5c,wrong_amount_of_cash_received
baseline,2b8d68a51aca174bd768dbc5f6b0d89bd243ff91c1ae58f88935d57ac24a1696,wrong_amount_of_cash_received
baseline,2d12af2b903de5b24fc03b78e4818d9d393205facf020283b629d672f17da672,wrong_amount_of_cash_received
baseline,2d9a7cbad81a30d47a498898e2fba18c443196b5d76cd50324e8a457d059d7ce,wrong_amount_of_cash_received
baseline,2df9171b753821d338b2836a311ec17cabbf5645e7ce4555cbe9bc16dc91c65c,wrong_amount_of_cash_received
baseline,2f8fbfba26c1d04dae65539f422cc1401c613c7b9dfb7c0ab6f3f320e4858ff8,wrong_amount_of_cash_received
baseline,30fba8aded9a09a6d9b45571944f6fcb755021c865f09b7317555eb76824d76d,wrong_amount_of_cash_received
baseline,31615f30022c13ea2c144f35dac1a340b0cee9e832a506e9153066c2fc6a12a1,wrong_amount_of_cash_received
baseline,324514e6b947a86d70213fd14bd5dee3b13f929b2b34a3329016eb4db1cd36da,wrong_amount_of_cash_received
baseline,00c4c527659c793d1e5aa1fd6e2951a3110f14c8ee2e68f6827a94fab162df39,wrong_exchange_rate_for_cash_withdrawal
baseline,03b9dfdaf67f6e8d2ed12b01a95aebd41c55656a84d18532e59110b5b91a8fcc,wrong_exchange_rate_for_cash_withdrawal
baseline,05674977e9dbad4aa06ea35d301417548d45f417bd2548f061d096c2a6619257,wrong_exchange_rate_for_cash_withdrawal
baseline,0780b843318666b29ae6ad0c6cb17b4dc2c95f8f0c61db9eea690f180b69dd02,wrong_exchange_rate_for_cash_withdrawal
baseline,0aade77c0d0b9a790d4cec3853464f9a3a1bf6787fdb454bb1198486f652e85e,wrong_exchange_rate_for_cash_withdrawal
baseline,0c17441af4fdb83c062366a1014c48f5e88d4eef9a9cef140448d0458ed156e0,wrong_exchange_rate_for_cash_withdrawal
baseline,0def1ee079c81060f1c1d1698f3b602c38d997969f9e2b187e59b2680231beae,wrong_exchange_rate_for_cash_withdrawal
baseline,106ece10f9bd51507726877e172b9d7a8c5bec1f92e35178c077f427ed42d823,request_refund
baseline,10ad9a33aa8f9ba865d31126aaf1a7fef1a5d11e87d3b4fbb2d281b568911886,wrong_amount_of_cash_received
baseline,11482aa0e4e8df21b2f6f0120ecce24e019110ce27d1fe5093703bb7a4c305bb,declined_cash_withdrawal
baseline,11953d1ba6de4198b2ddf7ecdfd8010206a561fad895db1ee28c64eaa2adeb0e,wrong_exchange_rate_for_cash_withdrawal
baseline,11f6eda34c45edbb86ec4a107a4c94c88d65aadc9ba6311d726da4e7da703292,wrong_exchange_rate_for_cash_withdrawal
baseline,167254887a64c196d5367a504efabebdbf75c0530883a1bd751ff0ec8c9e9ddc,wrong_exchange_rate_for_cash_withdrawal
baseline,1799f051da517be546efd2b58657d39dc7bd72ef2f1d950e77b875e500713f8f,wrong_exchange_rate_for_cash_withdrawal
baseline,17deecd32f61d88a156202e8fac802cdf640cde84131ee9e2c8717e382b59eff,cash_withdrawal_charge
baseline,18f219b8146f324e0502374bc3f1ff895017978176fa4433e810d9a349d8ffc3,wrong_exchange_rate_for_cash_withdrawal
baseline,1ad99ec524d08c3ebc4c013141bd8b9123ad5dc786cefb66a2ba7c605f23ec32,wrong_exchange_rate_for_cash_withdrawal
baseline,1c8f455a0d63c09f0762a8af131fb8b39c13a75ec6b25a25d9f6cca8857474c0,wrong_exchange_rate_for_cash_withdrawal
baseline,1e9c8fa67e802c287184ffde128eb77b860bec0485399d453859a3763e9b6240,wrong_exchange_rate_for_cash_withdrawal
baseline,1f41786918864b60920e87aa199f4eac5327f8a432012b88a7d78f57cdfd775f,wrong_exchange_rate_for_cash_withdrawal
baseline,1f63151c71c3f2f98b625be369fc51a005d91c90e7225d7bb16f1d714fdb747e,exchange_rate
baseline,219e18148f3fc1aa678d7b3267a610fb50cecec6dbfaa8b435bc080cf10187e5,wrong_exchange_rate_for_cash_withdrawal
baseline,21b5d4152939b59a32af9d7f8921fa38de22e944367bb2bc804aff4845f167d8,wrong_exchange_rate_for_cash_withdrawal
baseline,22f57222513cb6cddd4e8e296fb367045a62e421da032717bb8f3a82792529bc,wrong_exchange_rate_for_cash_withdrawal
baseline,2368baa0f9bf1c369a578979ca8e60bdd3c94b0c9f4d641beae663bdaa6a5cc0,cash_withdrawal_charge
baseline,26a32bddc74cd2311aaa8339d0a60b7b02d77d7465551d128bc2b19edbbdfb3f,wrong_exchange_rate_for_cash_withdrawal
baseline,26f0f043e7344189cbfc70188115c7ea088b427bc5ee705fe56d51dac7f76b30,wrong_exchange_rate_for_cash_withdrawal
baseline,27222dfb5b3115426a601f21fec230e9ee127163236dd60eced8febcebbc2331,wrong_exchange_rate_for_cash_withdrawal
baseline,2857623395f194dc7aac906044a0056365603fd20e6dd7750f2ac32ebc1cf97b,wrong_exchange_rate_for_cash_withdrawal
baseline,289a1d8ccb96d9053552dc694e2f918a20426c82b47a147fa6aa201c9c62b2db,wrong_exchange_rate_for_cash_withdrawal
baseline,28c95eff68202d488b56410be4400feb73ae2856d43f7cb3bfd48f5069a0ef53,wrong_exchange_rate_for_cash_withdrawal
baseline,301923f56c1b410484e0b8563badbf68fdd607daf1a21a97b7c5ab1089371684,wrong_exchange_rate_for_cash_withdrawal
candidate,00a2e95e11f3baf8b0521bd61a0520d03507084546c8a97f5d0cdadbf9ca74a4,Refund_not_showing_up
candidate,00dbf995008e7fa3c4d241a3ac80829b4bda2e45e8e502a4f02f845a399f0f97,Refund_not_showing_up
candidate,012a1def7eab2536b129b19ece84972f5551a29aac725ca8c73bab0512afdc2a,Refund_not_showing_up
candidate,0253f8cda071a0b166586de3478c0762a6dacd7e917172af4f8a258ab920cd57,Refund_not_showing_up
candidate,04232eb16c22c381014d970ac0ea873ece1d89d0eaf6fa67bafa6fe715df9f6f,Refund_not_showing_up
candidate,042bcff59bde14e249f30ac475ccf9093b6c33e5258d087433b97e508ae7478e,Refund_not_showing_up
candidate,04c384d38ec23cfcef041d0511215d6f49fed84a0ccce62f24dfdff36c6db87d,transfer_timing
candidate,07001da72bb3851899f6d32d430e035a127c8519f2127b67852a40aeeb9995fa,Refund_not_showing_up
candidate,07bd1ee2a2cca02356ddc28dfc856a16feaba9f7bae89edd9579a713e5aecca9,Refund_not_showing_up
candidate,0959165500f4d760f102a4cbfc997135d567d34e6f2189ed26e04d529ba37684,Refund_not_showing_up
candidate,098532b789d1ad313ba0efa2b9d6e24405fa46010b352bfe720b02116ed903d0,Refund_not_showing_up
candidate,0ac5f12c57f32e65e37141d78d48f6348a482e8d2361ae678326015c0b146619,Refund_not_showing_up
candidate,0b1cbc8311cc20f3b12860ed232eea8ae3f926a2edb4ee27c3a3f32e0617d941,extra_charge_on_statement
candidate,0ccd8719a50932bea3b4b50dc3b8e8be1208d34e640c1335d72e69ecce3e3842,Refund_not_showing_up
candidate,0e218b9c9fcfed75ca9400f4785382858d186957ddb5fdbefbc647e59875a116,Refund_not_showing_up
candidate,10217aa3700b333848fcc687dae8dda4796656b19f162b9ffd88fa539c3d28ab,Refund_not_showing_up
candidate,10e049aa0c03b6393fba48cdc18145a9b83fc96ca9cfcb3fc12671a31e3860c6,Refund_not_showing_up
candidate,10fd313536d4e8dd77f5bde9707beff3f8f9731bc7dceca3ba6545d00623f548,Refund_not_showing_up
candidate,114e3ff633e401891622c9e6b75358238f70a75aec027b6691d03a9a0018b7e0,Refund_not_showing_up
candidate,13686dd3625f9bb7d8a84fffc1d21deb8db8ce7c3bb3a852181b4fb0c5aedb28,Refund_not_showing_up
candidate,1599cb9bb7248f97017751513ad5d0982ac24baf47454f3c875d641b1cd234a5,Refund_not_showing_up
candidate,1713fad90e23f1f9e7547ebaeae09a3b5adec9830544a72be42aa25939147761,Refund_not_showing_up
candidate,171f9735f42e7167dfe0288a6d4e94bb4e8ab877ca31204119d7b5603cdbb0b8,Refund_not_showing_up
candidate,1bcfebf1e8bede498a43a52f454d55ef30c0a8e91826da04280d4ef06f5f8c7b,Refund_not_showing_up
candidate,1c5fb1a614ae2894cb2bb081c8d0e344cb8d8a612618ed5a514c81ac968628a9,Refund_not_showing_up
candidate,1ec0bdb40a63d70f1c4091f1f9501f5b36d8c170682c68127db232e963567c30,Refund_not_showing_up
candidate,222d6dc3a166a011666dc43c0ee00b6c285500ecab7cbd7a0f06338c970bde3a,Refund_not_showing_up
candidate,2306927110f4a60e3198dcc7fda5506e7d1576ec1aa145292c91206eb28d5c1d,Refund_not_showing_up
candidate,230db189397b800b779156980d9199d61b1d37ce092a3779f944b8d2b4dc48eb,Refund_not_showing_up
candidate,23f7890e8523ad1f976155cae93809a7de8187be3b718b573611aa1a96655cee,Refund_not_showing_up
candidate,23fccf3a26f0022c6d47674b9a8b4bdb6021330b05a1f5ff7570ce00915e56b3,Refund_not_showing_up
candidate,246c516c3c3099092e6f8341240cef45177e0c7d5aa4500ba37e8a4f656404bd,Refund_not_showing_up
candidate,0734bbec2de638a126f4e4d61480b2424193c5740a3c1bb28e113bda66cee353,activate_my_card
candidate,07b034c93f7179df8ac93296065b373c2eed044183fa4a7b952b729bc958139b,card_arrival
candidate,0973ef336de875d07233b9a435db2c5c01e108172214f4a68103be8c136dba67,activate_my_card
candidate,0a3a9bfc930b5b8c2d88d805e12246ceb42718f8071cd4d2ea71a2676f9638b3,activate_my_card
candidate,0b6324054c9eb5809fa0640d52e5f6818831fe9d3f8a9db5035363e1c0797d96,activate_my_card
candidate,0badb866d4ad52b53e1feb05b615634d4d415b7315dd4a70c44d80d1efce5140,activate_my_card
candidate,0deda3cfaec320d9c13ec4ce65a01f43e31ca2c1f0da4d0a057965e651ca104d,activate_my_card
candidate,0eb58130e7fa00222db033c8f5efc9588cd87af0e17720a76935b86abebf15aa,activate_my_card
candidate,0ecc6e4e5248e40b473c1ee395aaeac54306203ee0bf19f37b0ba3ccfea142c6,activate_my_card
candidate,10de621dd39d1f68a85cf244b3e02b3457c6f8bbaf67621d10f7bffbc3ff5012,activate_my_card
candidate,11c3cbd1071b9b525f6112d39c87d7070880a08ae36190581bd0463f9d372cd7,activate_my_card
candidate,13a10419f6ee3e77023c8510b2bebe044b6f19acb2ed8b7755503f93ee8884c8,activate_my_card
candidate,16735ea94665e25a9b2f5a800f7b22f6b3979cd7032f09884e6967d1516de372,activate_my_card
candidate,16a6aed88ff2e35f08b645a35f991fe931c57550323d5a7a94d84f6c0cee5430,activate_my_card
candidate,1cce6381f3781e27a4d4798a395cd5b1b48d5a259c3a31d766b9399cd38ef702,activate_my_card
candidate,1d4be43b21e6a3b2e1b26986a00c1ec0f642cfc3b48dd52422d190ab7fb39b0c,activate_my_card
candidate,1d650c8090cd8b32a3a15d12261c8c4838a2d013835a869ce92e30527903f3be,activate_my_card
candidate,1ecd03e191c5b8bc093b80d4bac62c10625802f6a2a97505953b58e23b262fe6,activate_my_card
candidate,2139d4c62500be0b108921498831bf5b12a14a43108fbc44a50a6d3a38259517,activate_my_card
candidate,2208c71b9a742f71db71b687292b304381817fb8fe5faa9fd06f22cbecd623b4,activate_my_card
candidate,238c8e8d299c251618e93b408960f219e08cd8eac11972999d8869c4829a1a49,activate_my_card
candidate,28b7cbd0275e3bff55f6e27a495be16d73543c5d88e549f01e9500677ae3ebbd,activate_my_card
candidate,292c15ef6e925777cd5821077bb839f9f7c10208aa8f188c531c4a14d3305a67,activate_my_card
candidate,2d0631bd9d515f9d9f01d2325a5525f97ffe7c7a88b6180a35a4f9ec3a0d281b,card_arrival
candidate,2d179fbfff05044d033b0bc157ef59f59a5e2bf053465313a769acf4d0259392,activate_my_card
candidate,2d96619e96a602f23f96648b478d79571634b277db8d1d4f1fec320140354255,activate_my_card
candidate,2f5309df0521e110cebf9b1af2d66c07cd9c047f3662a44d7d3e9339c4140c04,activate_my_card
candidate,3100d51c485c2974c69cce3a882409798fbbee7c373f0224b58a3b0945779bbe,activate_my_card
candidate,31f556528566e092f53992f93abac113cac55c9e5ba04dca26eabd134f4bc1a6,activate_my_card
candidate,339f542238c8f3c0fd1b0bada0444314f179fd465349ee842082aec20422fd0f,activate_my_card
candidate,353a89ecfd40689f2600b0b17a03a25830201ca1a005055c10becf24792dee04,activate_my_card
candidate,0320f334a31f41520de6eabc46ad957f489cae40c9ed68d8daa17c695953ac1b,getting_spare_card
candidate,0849f3523cb56b1e3767cea61e734f225cff4d0d6fcad74084ebddaa2fe215e8,age_limit
candidate,085f7199895e1125cbec4c9766a974fc0e53c9488363edf8e3ffc1271b7b7133,age_limit
candidate,08db44e11ac9e0277874eaac2453c017b067b725e9b1350ac5e59ef16e0256aa,age_limit
candidate,0a437b4b016113b00f9b3c8a0c7ea20c18fcf5d45bff39616bd6f9ab18b77887,age_limit
candidate,0b3130cffae639c1ba6dd5e69540431cb1ce79eb64a3abd4cf6c60413c6d67ad,age_limit
candidate,0bc49769981d344ef76397fbcf2af4f80098c579df60c4873a49eec9423cb3cf,age_limit
candidate,0d433970485f82ab56084b89a13d0e8903ec712d87ba73d6e8f953494d42a262,age_limit
candidate,0ede1c7fba5ca07a3ae36cf1b7dc68c603cf1dde8a0336a2b2d205680013ec0a,age_limit
candidate,18d3893d7f06b78c34e69138257afa8f5410253497db18a1985380bf0e25d047,age_limit
candidate,19684adab578c8cb3e0ccdd42e2c76436f3e90590a77e6c654914a57a65ed59e,age_limit
candidate,1b3c870cf74a90b751b32cf0b030e524a65c8d021e5fa835e5365b5f4e9f620a,age_limit
candidate,1b89fcd84fbf6faacd982bc0c3de9c019ebc68d23905ea1aec36dcccbf9d505d,age_limit
candidate,1ce35fa17ffe41ebeda71b2513996e4dc26abdaaa7733ff2e3cbe2410373b0d9,age_limit
candidate,1d270f7efb8fc1b0d0f59d50a25857144877f7646280c404668776f3008f3478,age_limit
candidate,1f1a8da706b0d11d97abfcb59ff6b3cb775bd8872c69f9029e4d559be7f18d88,age_limit
candidate,21894a36590638323401e61bc7a81b505268a3077325efd94d0973e231c232ac,age_limit
candidate,219ca051770cd85ce8fb73ac26d4f061db511b79f09bd30d9029febd0b21a28b,age_limit
candidate,24452fcca1dd307e3e371155936f3662946ab062c755a35952d2ab582691d75b,age_limit
candidate,24608396e4652cfd998741046d3bcb5216fa088fa1d058f3006ec9925b938fd5,age_limit
candidate,31f8d913bc279084a6496649fbefe1aa52e2bee245b1551fba7aa047d6bc4332,age_limit
candidate,372207c06a19ea0abc5346554a79e5da231419b92f4e5e7466999a80189cae19,age_limit
candidate,0196269bdb63a08ba539681bc89a25a402c5679d4333f0001ddfe232d866c89e,apple_pay_or_google_pay
candidate,06d2d8b41e4725293b31737a5581d45b833c42b329ad63bebb2aeb848a44f688,apple_pay_or_google_pay
candidate,0851dd45aa86e37d4c02bcb47e1d5a894e0cf00690986803b51353756cdb80dd,apple_pay_or_google_pay
candidate,09c997afe674d100963abc2484f60a353758225ffb5874a3b51a5ca32a1ff734,apple_pay_or_google_pay
candidate,0e22bf124d2e742770406be35ee7322bcd57cd79eaade047685fc0773980c4d1,apple_pay_or_google_pay
candidate,0f8e44f5a9fdfa7ea1569db4f36a1569985ec46f2cd8cfa04f3413cfb6d6e0d1,apple_pay_or_google_pay
candidate,14759bd1b613b3a3f42509ccf2755261a0317d25d9575217fb125cdd9ed2eb03,apple_pay_or_google_pay
candidate,18378b316ce72a67a0c16a618c10fd2c83f043f4e7e710d9df286a7b3e041c18,apple_pay_or_google_pay
candidate,1943c05498263165481e09e397eb4a9c54923228695fc5d3eb8b212e05e3b257,apple_pay_or_google_pay
candidate,19655e53c3fd35b29587bc7efdf43bdc2e4dd00bd77bde50f7c779666b12a42f,apple_pay_or_google_pay
candidate,1a49d4f3b7bf2aa3fbbef75bf73b88a733680981161c2764e6d887f9b6487704,apple_pay_or_google_pay
candidate,214a7636eb18dbd47e0582b83b86c0d9d5808197b0beb29af1646bfc87a432af,apple_pay_or_google_pay
candidate,243fcc3a8033620460586a6b2fa035f1fc69fff55d9159223067dfbdf1d90a03,apple_pay_or_google_pay
candidate,245d106b300359852d701f5c41396c0edd821be2a4a0ffdb739da44645c2b81b,apple_pay_or_google_pay
candidate,273b920059ed8c4f8835b9c04c278066707219d731e6239ac3a2bce4d952cdf5,apple_pay_or_google_pay
candidate,27f0765f261cc561c13909eef79b7b8966579f799a20b8d35241b030192ef803,apple_pay_or_google_pay
candidate,2aa6c106e80b0b6ceac2dcde0fd6fd206a85f5aa861470b5141edce9011c100c,apple_pay_or_google_pay
candidate,2b9089854069ced96f33fd039ce236445be14eb73b2c3365102b67b198db8203,apple_pay_or_google_pay
candidate,2e232d9576d789f9b6bb0318b98b148f39149519d993c4588c3b55238c0cb345,apple_pay_or_google_pay
candidate,31d6124a57d059d80782d4bf5c7d3a7daa774bd85d241cc4ae371cfbcb229df0,apple_pay_or_google_pay
candidate,321b10569bbc2af4d7dc2554aa8d2354e300188209858a0e0aba11a53622380e,apple_pay_or_google_pay
candidate,32fc5af14d7c73d287da975615d6b071d97f0671ca2696d84ce42a9bbc65783a,apple_pay_or_google_pay
candidate,3690afa824ad9c247d4f40d7bdd4a9772389b71feb4d14b3aaeab31df966ba17,apple_pay_or_google_pay
candidate,382c688fb839f430cfc05498eb0a027de70d96d1ccbda756b559b72ad8f1826d,apple_pay_or_google_pay
candidate,3c0eb04776cb636f7822b69f6c81c2198c30b7c0871d36caf990c4b74dc9fbf5,apple_pay_or_google_pay
candidate,01f3edd6f66fe8c79e5c91ac3eabd5d37e548b0a2ae9b1cf6d26e9f4d8d1eccc,atm_support
candidate,02621c5dbfb6629fdcc344fc8897420d92388528c7293cb659a7b49ef6646452,atm_support
candidate,03add7f03523421c7e811149e603c92e5a2e248f00ec5f6e0d05484b8dd8b6e1,atm_support
candidate,03bbe6c3658a7c50c3144f13abb0c8fc8d338fd199163f776ba509076f054197,cash_withdrawal_charge
candidate,0613c85977eb1a24b7b07be70c855cd79820d574e4afdd8672a727fd6e28e09e,atm_support
candidate,0681ad7cd02e3e5cff56c72b0951519dabf01b617b67afbbf9267a0d5e03cac5,atm_support
candidate,07b2c3ae90310e6442a4b312723c0690963855d3ec513dd991cc674074cd2c47,atm_support
candidate,083315ffc8095de2121530ae0517b4806faed3e26fe0300ffa03f493ac574d00,atm_support
candidate,08c3930f688e2debb53cc7a75001ccb9c0a624de51dddc8ed17f2b3e61842cf3,atm_support
candidate,0afd10bbe12ce2b247e2c523d068e28f5d3ccad55066c3ecce042948f58ae45b,atm_support
candidate,1c69806f81a714f7936dd6b26dbee1f04c2bb2108e2ca425d2fdb31e3ccc0ac3,atm_support
candidate,1cadc8c2606ee67dc0a90b5c16610fe8d7628d8a1bfeb0c3cd6605378fc08d57,atm_support
candidate,22dfb689f0b68ce669db557f8946fb423bf5b5e4c2934ab2fb034ae5c42d0909,atm_support
candidate,22f3f2cd9c71099272d23d5189e8af76f33bfb85acd2de1ed03ba022ccf7b749,atm_support
candidate,24bd034c841f06f13737ed7127ae297d3ab5929dfe157811d10c5f72392dd767,atm_support
candidate,24cfe288c8b2ec851c68f3b33d80faa095e7dca8ee8426deb6062392cf39973f,atm_support
candidate,2a6198f6375f0ebfca2696e6b1493aae4392c22494310cbd1a6a003a6040fcde,atm_support
candidate,03e8a34d1f4758b35aeb3b58dff4309ef8b068ffaa5d0ef352a3e381dae419f4,automatic_top_up
candidate,044d01c5a9d1f69df896964166c8de94b46674326d86cb6fb932060c8c9ff8d3,automatic_top_up
candidate,05a40fa6aeb88732b847ab1d96b1cefa05feee21ef21885d9e1e51c30e71c624,automatic_top_up
candidate,05ce0f71e682507e6445aa4976998a2efeb9fd4631d7d61089e9f72957de26b5,automatic_top_up
candidate,070375567048ff34b930f2891c75509fb399f11afd5c66e6b75afdaf7c27bdb5,balance_not_updated_after_bank_transfer
candidate,0e39ed489254467112bf6f34f15a992c78875251017dc43ffe166315b00946ba,automatic_top_up
candidate,0f06373f2fa62ad77a1fbf218b16b389722b562558ac98db584bd7e078e0fa19,automatic_top_up
candidate,1121f77774524f76f7249b61098ac6b7fd4f1a3f0c5887dff4ff4e0f6bcc9bc9,automatic_top_up
candidate,125808e5695f31b3918d575866f8ead2f963f96f9e34e048323da9af0a13198a,top_up_by_cash_or_cheque
candidate,13fd5ea7dbf1508d501c6b59304e9808c459e5d7ff486073e9eb6e9f5d7c866c,automatic_top_up
candidate,14a66ae520b52a2a5b2a384308a8d598ba7102998406fa6e6e3f39ab232961ca,automatic_top_up
candidate,1515e63dd091cd36ce5bf6f368c7ed42e2b22eea696673c74ec3dac44fcf911a,automatic_top_up
candidate,16bbec41eb4126a93e321429f23e34471f3c28aac2234382410d27139674e6e9,automatic_top_up
candidate,174a99cfd5b1da83bb90ed179bff5c1a5d64842eb58ec936a04fd114e25e7ef4,automatic_top_up
candidate,176ef63d4b713fd408e33f86597410ff0edb8ba52fcb712169780669941ea34e,automatic_top_up
candidate,1c5cccdc866d62f486bacdc8cf5751a1d6e44ece762a92df5c3fd64ced1eec27,automatic_top_up
candidate,1e3feac1c71bb53212d3cbb4c85cec9c26753a14e0671be26bb0b48c42c101dc,automatic_top_up
candidate,1f9871526e56cd2cb7bef2dc6192b357dd54671ead1d61572dd8ca3e22c4a9d0,automatic_top_up
candidate,205e2b29589bfdb09540f9ac1ee451de1682e9d0e36297871d5f512bdda00ded,automatic_top_up
candidate,216067cbd758099a6d6116ac2f49c4baaf66d1c9cf9223a111b2fbb2930f52a5,automatic_top_up
candidate,284bf9d2dbc2b32449b24024043a29a3f8919c194e7fea4e52db1c7ffd2dda9a,automatic_top_up
candidate,2be081d9b0d0cac32d6599ea2e3fdb84025e73643f202dc442e8b3d5835618cc,automatic_top_up
candidate,2daf7395d97a8f48aac70f641005f44e1be25027170a1bece9cdafbaf7b3a63d,automatic_top_up
candidate,2ddf49c01f0256595411a9a81e7ea97dfbf26f7e0005dbcdb3a2191c22faf1f7,automatic_top_up
candidate,320631d59fad45b7d0bccd1b5fe236be7c0dfc87133cca1205092f4e8138dde7,automatic_top_up
candidate,0134607bb4c3ed32de8050ebe09faa204bfd7728f5147b6aaa6b3c009bf92154,balance_not_updated_after_bank_transfer
candidate,029873d9b6d96a552303a5d89cd94a4c321b650931fb503817e7f3c08eaf5213,balance_not_updated_after_bank_transfer
candidate,053c550af6f9dc86a9054e2191f80df6530d8f6d46945639a200850b8a63f937,balance_not_updated_after_bank_transfer
candidate,074051aad3a5e4ea3b924e391e33de885d51d0274959ab0c27b8314e1025426c,balance_not_updated_after_bank_transfer
candidate,07c3b112fcc344d04f07fc908b460f113bf796ff170774e211082494318b7136,balance_not_updated_after_bank_transfer
candidate,07dfe36f435dceaa2c624bc72a9d960fb1183a291eb82ea78b3f3d90b5d29a39,balance_not_updated_after_bank_transfer
candidate,080cbf93c822f81c3e3c309e26d32d8bc5ca1a2bfcc1a065afcda23d81a21d7e,balance_not_updated_after_bank_transfer
candidate,0878be43961a5b2e3a7985df842d5bfb2bb52c7d5057852e927645ff89cb3a98,balance_not_updated_after_bank_transfer
candidate,08c1e29c6566e66462b6bacd082193a7067a61d89c7e2a21e10d56e9f1ffc05e,transfer_timing
candidate,0adc29a9307b65ee1a022ab63e0279ef86abc74e8f67045533652694c4d6a3de,balance_not_updated_after_bank_transfer
candidate,0b0b0ed6dc617e800c18125b1ecfdf1f0bc931fcefcb281bd936f9dced6ea112,transfer_timing
candidate,0c05636985071af8d291c51ccbba43404edc4526024ea0caf86cf32fc9af7141,balance_not_updated_after_bank_transfer
candidate,0d3d16a7af26d56e7ee1904d5646fc6f85beacba784e0cec3b5148f01e9c42bf,balance_not_updated_after_bank_transfer
candidate,0e18519ba19597f82b40eed1b8cb7cb19223ab91d600da93830bba05639b3cfc,pending_transfer
candidate,111b9120670b698a09208d1fda072fc9b7bc0515ec88230ea88cfa82238912b2,balance_not_updated_after_cheque_or_cash_deposit
candidate,12b927050f68d8e0613dae7ee6ddf197225e01e0888aabb2334222f50cd46fd2,balance_not_updated_after_bank_transfer
candidate,1374124cfc01ef6499f3a94ae7e9c8929f304e43e2dc4742a5a2455d384c84ed,balance_not_updated_after_bank_transfer
candidate,1b22e7b011ed2c5276700e175e67f965ae0fb578df73cca9fd9d1616ac326ba8,balance_not_updated_after_bank_transfer
candidate,1b448692205b60d676831bdaaf2c882a8f8db1ed7b9e27bff5e4e416434c3cdd,balance_not_updated_after_bank_transfer
candidate,1bff23d1bee18c41cd54eeee922bade77fef7cdf1bbf9efa59714e9ded549e02,balance_not_updated_after_bank_transfer
candidate,1c670f74f12c6431132b3ff77b2512d76d2835999c585c945fd4dcc54f000904,balance_not_updated_after_bank_transfer
candidate,1ca96404b66a6dbd8aaeee89cec7685fadf701a337a18341efbfab45ea61d635,balance_not_updated_after_bank_transfer
candidate,1d9c32752eb9db4ecb8aa50e64c926a82d626762b176c42140cfeee6a5250b2e,balance_not_updated_after_bank_transfer
candidate,2396a39fb767d6d4bcfbffa1146416a7e748133429b88077e7fbb76f2cfabffe,pending_transfer
candidate,24964cc2223e43dae8087416c91d5e7bd3b6fd56a5d451b8c6e77be2bea6aadc,balance_not_updated_after_bank_transfer
candidate,24e0df558f266cb5dcb10e6717bb38bbd5f607f70e698a790c8a6ffb494b7f43,balance_not_updated_after_bank_transfer
candidate,2679b23ba39baf2988364d064a4fd64f33d3912c18c9a124f089598233925230,balance_not_updated_after_bank_transfer
candidate,27c6c42c5f52d08ed2c7fb62acacfa2a591b3410d7c40b9704512e1737193d6e,verify_source_of_funds
candidate,283a6fc1f01d6f6742732be8fd4ee2115dbb2296d9aec286e5392c0913f46e08,failed_transfer
candidate,291ab99aa1c3bee32da51e37a5e31ae4f4e524b92bdde694f51d193f02a3df96,transfer_fee_charged
candidate,2928d36ad546d1015c12b734d0f1bbcaacfbcf821f2d3ee318caa350ba2b4c76,balance_not_updated_after_bank_transfer
candidate,2a46b2d0a2fbd4f4bb5ccc37993d86b9ddd5c08f2d7fdbb02e9964deb5398e62,balance_not_updated_after_bank_transfer
candidate,2b7052b8667f33d226f45cd5ccd1d3d7652635d2d166e4b0e4b17daffa871db7,pending_transfer
candidate,2bce2828bc5064dc8aa0e480b0f19c9efedac931e70faf59d0fc71352cf362b3,balance_not_updated_after_bank_transfer
candidate,01782b4dddbb07a280523ffb84dcac521285fa2338e111821f9d9b94fb88cee7,balance_not_updated_after_cheque_or_cash_deposit
candidate,019dae9932077ad4ed292fa10932545f6fb2ed7226d73505ef727030ac9ef0d7,balance_not_updated_after_cheque_or_cash_deposit
candidate,0cfa6f87800578d5833af959f1337be80074a89630f2db67d5cd6277eec9c2ee,balance_not_updated_after_cheque_or_cash_deposit
candidate,0d7fc8daa60b300346f2d39f2301e1a4fbce81c006e650dde2316930bade488f,balance_not_updated_after_cheque_or_cash_deposit
candidate,0e4f39a2c38dc02147cc789f95392504b73258488f9ca4e3fbfe1592d7659b9b,balance_not_updated_after_cheque_or_cash_deposit
candidate,111914190b27b351c538cd9ce146f40adcbf2baef0bc8b9de00a8e538fcde9b1,balance_not_updated_after_cheque_or_cash_deposit
candidate,136daf4cd8907e01ba8f2b89533a5a9411065be943fa2f769a9190ac2d3acb81,balance_not_updated_after_cheque_or_cash_deposit
candidate,1399593d984f381fb7d627c5a0fed469dc83c19f0992b2cfc7af2c4355fd951b,balance_not_updated_after_cheque_or_cash_deposit
candidate,1428f18091eb0c5dcdf80976c4122c95b14f5cfe631847fe1d0cfe572992e1d5,balance_not_updated_after_cheque_or_cash_deposit
candidate,145d64c66e978af9e2d31deefa465894449c52543f5bb8154f25d966e55cdd21,balance_not_updated_after_cheque_or_cash_deposit
candidate,17092da1aa0600f9ec10f8d292d60140cffda1b886dd30f42e207713031829a1,balance_not_updated_after_cheque_or_cash_deposit
candidate,19f05e1d2cdf2a2484911aebd49f0e64f86045fdd21827b37685bfffcd3222a7,balance_not_updated_after_cheque_or_cash_deposit
candidate,1a1b6d013e565423769e1dd9791b516f0cfde9c1d6f8b2fc3fb6ec2f74d9f252,balance_not_updated_after_cheque_or_cash_deposit
candidate,1af7045f91506889c010a4c24ad7d74ae778a9c78e29766a03cd9c764bf89ff2,balance_not_updated_after_cheque_or_cash_deposit
candidate,1bbd34a4d7842dcf23351356ce6e9fe4830f56a346a64f72ea91c3423bf2ed9e,balance_not_updated_after_cheque_or_cash_deposit
candidate,1c596b87d2fcfa8b16acef6e747feab57dfe5c81e3781daeabeb470ac4ac30fe,balance_not_updated_after_cheque_or_cash_deposit
candidate,1caef5cf026be27d3c5116b5d14c84b5acd176ab5b85248ad750329b8df89081,balance_not_updated_after_cheque_or_cash_deposit
candidate,1cd2057e119248879faaa98e2d58af98cfcdf1ee99a9b2f52770e9a6b0c20818,balance_not_updated_after_cheque_or_cash_deposit
candidate,1ddc757b04e31cee5f0610b399f00f4a5d4f7a277b3317b1cf705c0144fb78b7,balance_not_updated_after_cheque_or_cash_deposit
candidate,20f5c8eae0d7f5e26e77ee887b170f8cf50b8c3add5bc4219b53ea2b0e62af2f,balance_not_updated_after_cheque_or_cash_deposit
candidate,21ababb6061c2dc35c3b484b1a0bd16d45d86758f080f4b1736418301f12059b,balance_not_updated_after_bank_transfer
candidate,21fd59649b25e45c85151115f11910749a03f126a86d41da6acdc32ac4f210fc,balance_not_updated_after_cheque_or_cash_deposit
candidate,2537104139705e2fb894a8daa579cc8934535f9f0c3a165591d2bed76c5d77e7,balance_not_updated_after_cheque_or_cash_deposit
candidate,2711db60a043e15cee1deef356bed8503812e24a8eeb28d73dbbabf989fe3280,balance_not_updated_after_cheque_or_cash_deposit
candidate,284c7f0fe69b01ccaf84356742a6c69c419ade05d833e8ca933e204bbf2f690a,balance_not_updated_after_cheque_or_cash_deposit
candidate,2c0a3040231f4c18709e27048b0279bdd7d5d3d68db7aaf2f13ccc2339b43b9b,balance_not_updated_after_cheque_or_cash_deposit
candidate,2c9b75b53163b3592f81564524f6b5b85f9851ac2adcb54542064130912c6f9e,balance_not_updated_after_cheque_or_cash_deposit
candidate,2d3aea96f3359e2e084bd44af55e7857fa57389e677a35cf4c4e6118f11afc91,balance_not_updated_after_cheque_or_cash_deposit
candidate,2f23dcb0f4bfff092e28c6727a75550ce7476dcdcc195117bd1d5ca212bc40ce,balance_not_updated_after_cheque_or_cash_deposit
candidate,304bf37db7a0fa38376c92e377b9a5da11faebaf0502f74c3f27bfee5ed825a5,balance_not_updated_after_bank_transfer
candidate,32a2d17f2331da7114db2e2d7842120dc6ed36ecef0e1c156061bf3266aa8802,balance_not_updated_after_cheque_or_cash_deposit
candidate,3544ce11364f0d21369652a8b2e9844b46de2261c9b8fcc3e45c99eb2b966caa,balance_not_updated_after_cheque_or_cash_deposit
candidate,356f81e71d067452c799870057e90da8e5f379f90ccb957f6e4fcb73e7bef797,balance_not_updated_after_cheque_or_cash_deposit
candidate,364bcee584ae8259ef8d1cf618aa2351d07c27c1eed971839695fedc6c4c6f94,balance_not_updated_after_cheque_or_cash_deposit
candidate,3773ba2a15ce8e0dc5071e8c92db12fb3539d9d1cb91ffbc40bf23d97ed69db1,balance_not_updated_after_cheque_or_cash_deposit
candidate,38455c7ba473253ab735bf29812117aa3f9f5f3f4dd30a48ce027b187b664773,balance_not_updated_after_cheque_or_cash_deposit
candidate,001fb5e79ab4396a4a4cfc3181a7b150168ad974cf317f726098ebc2f4892a07,beneficiary_not_allowed
candidate,007d59f89aa62150963e0e03cb01358f36cc30ddef13524ccd047e4bbd46d136,beneficiary_not_allowed
candidate,0124b78b5b90f411d8abe548be9c2c7f8442c767653795490ac994014303bf49,failed_transfer
candidate,04122c659fe47c0245b9a12c6e8c7ecf63c07d996bfeed9724595ac94793859a,beneficiary_not_allowed
candidate,04251e4f65892445eb4a4af93853ad380fb3a3aa9145198df4ad07b9fec2da87,beneficiary_not_allowed
candidate,0b5eab265f3cade0edebe975b25c5876aea07d46755a5e77490434c22571aec5,beneficiary_not_allowed
candidate,0e82b1c323d6e104e4af6c6b77e4d3053fe1462cecd91ce4bec47c88b7ac889e,beneficiary_not_allowed
candidate,0eb1fceceb4ef7d48eba74229213483caa51a67f742e91098c64c703dcef9ee5,beneficiary_not_allowed
candidate,0f1cbd0ba657db347b235fa551bbae3437ca166fd452675909b0fad56b24da1b,beneficiary_not_allowed
candidate,0ff94d6911c7128a0b579710f92ad8b34e57a95ec509e07fc86cab7e38322db6,reverted_card_payment?
candidate,1010e58a51a134e8bdd6bf4685afe11734240e81aefbc7b9ad2637349e8fb5c2,beneficiary_not_allowed
candidate,1040a5c555aefc95b6237b676824bd8722b185ff0edb7457791386e20f317293,top_up_by_bank_transfer_charge
candidate,1650ff00033356b0800a8d2a06ff499eba45a79b1bb7dd2daff6fb3352eebb9e,beneficiary_not_allowed
candidate,19729ac188ceae2e868ebe120ad8725a3bc6ddcd362fbe0b621756ce72bb566b,beneficiary_not_allowed
candidate,1d7e4f942de6c0e3a4a808e5c39d2d68eca577e2bbefc599225037b7ee586e01,declined_transfer
candidate,1e141f73fc274f7ac2396226d1ccbf4904775e9a8ece1fe7270a002156f0fd2c,beneficiary_not_allowed
candidate,1f3da13c03104c9f9df9b782635f3c685a903897a4afd060b495a2f5caeb87b0,beneficiary_not_allowed
candidate,26db0ead3650c1fd024f3533498ec01ed26c84e88c04190bf7c8921f25c1df28,beneficiary_not_allowed
candidate,271b28352dd4dab22075b83bf3c94db3f93f6c40660b1b41940e522991589676,beneficiary_not_allowed
candidate,277e83a9e3f97917b3c73b84b9cbfcd83f5bdbc775e0b7f05e92e913133cf0d1,beneficiary_not_allowed
candidate,2ac17bf8eebf08972294ec4f0306c356ce1ceb20b34ae8b997d444bb6d44a895,beneficiary_not_allowed
candidate,2ae30c1cf046b66ec6f2b8ce2012a6e5476a2ea0faf320636a05674fff76a216,beneficiary_not_allowed
candidate,2b04388eaa4ec914810cdd7fde89b7582fbd093d9661eee3cae54809a92592e8,beneficiary_not_allowed
candidate,2b6cd37c30de623ca74eba3e5ec8fa435506e43b8c5a1913fbb6bdcbea622a78,beneficiary_not_allowed
candidate,2cb95e28f0a578215d53fe0ab3190ba3fd159e655f2a74709d972b8558e42465,beneficiary_not_allowed
candidate,31d7474611fb0a6c8e20cf949dfbc9217349ec5a9392b227e4eabf76453d9556,beneficiary_not_allowed
candidate,32d2c3b2029c2683a464b6b38c2302ec3f416bfb9ba6ec2b13e5e9f32cc1d22f,beneficiary_not_allowed
candidate,33a18b24deb0001b29e1b5c300406c2e7014d1eeaf894e2de84a9f6c5c6d85ce,beneficiary_not_allowed
candidate,348045b0911662a52b0178eff6ebcb0240df55a9ea5bbe306303a84a574ffc9f,beneficiary_not_allowed
candidate,364c01be642197fa772e38ed7f690793fa893235a83fde5ef1b9a9196ae2738f,beneficiary_not_allowed
candidate,370a12cfc20703b41557bc899236f781e3e74f69f72e066dffdb8f734a63cddd,beneficiary_not_allowed
candidate,024690d09eb5fe18c179f18a7dfa87bfb995092c3aec23227b910667af936a31,transfer_into_account
candidate,053592dfbc06996e8e24bfa537b9dc5e6dfee4d17c8acfae65ebb15785bea1a8,cancel_transfer
candidate,054911af037cd80bacd40ddbfb7deceee8c9b88ad510a4e8de6937b95ff97fc1,cancel_transfer
candidate,069b6a9094989106aa1cf98973db6a799e697c1e15104a968d6ab70f72c46dd0,cancel_transfer
candidate,08168893b398e2b54f6017b87551c40bfebcaabd0fc2f2c135b9d92215ef9ff5,cancel_transfer
candidate,08b2c85abecde5e87c592c11242dda90eef98c64f788e41e9444f70ca9745131,cancel_transfer
candidate,09b75fbb92c320de4ebbdbe36de4cdbe908232ff2a599a0c3bfdded120a2a7b0,cancel_transfer
candidate,0b6e5a254073b1eb10820f113f678671247e5e8affb2b2872ac2e57572be5ba8,cancel_transfer
candidate,0c8c8e1964e233636ce7e8ce4789bfd416d69bdde63c37925e004fff62cb00c7,cancel_transfer
candidate,0cd0cad2fac6af07d2bb009ac7185bd10995e37a4a4650f2c6bb42bba0722539,cancel_transfer
candidate,0e348413bcda2d8468a9ed50af0cd8b394a409b52f3fbef659e680cc8fe14243,cancel_transfer
candidate,105878885e5674fe9f6eb4c598aa1308704ebd4fb3db938a63750daee59000dd,cancel_transfer
candidate,10f6b4ac0dc7f64f3b682c2642d586005934070093c1d28b6f320ddf42493837,cancel_transfer
candidate,12791763afc6d11cfc985dd3ddd08d80f804373c7f74af0f5938b504815adb33,cancel_transfer
candidate,1530b6f61ebc47f7b099e0fe681e919dfa570e8e726bb3e2de7f8374f5bd8d1e,cancel_transfer
candidate,160dd872a228aa6d2874567d1cb139fc2619efc070a7637d56270e9ac705c888,cancel_transfer
candidate,182c0f3846e32077a516a75080341b0283aec37c8b8a4a01ddd09e08f16d5dab,cancel_transfer
candidate,1ae7ad3da2dddc5e369ecbf2b5580f307b7250c4f53be38d0c6fb4c8375ed84c,cancel_transfer
candidate,1afa3ade0565cdd493db195ad32cc8e8bbd054bdecfce59c17ea83495eca9cc0,cancel_transfer
candidate,1ca803f55137c074c4b235dd70db4982e75f101c4cc03180e81a28e3ac241aff,cancel_transfer
candidate,1dc5267db5defe2c75f194b631383a8080935d6aadf26c5a80845d61421f01fa,cancel_transfer
candidate,20743478c2a763cfd3cf3e6961c81a1e2e7d3bac2feaafcb56a8111da16071e2,edit_personal_details
candidate,21826f54936d94379cf7780c8d80b570a9bd00ffbab26a6130593036cde22acb,cancel_transfer
candidate,239c7ba60eb84f8987b5b13cdaaa4216af97c7247c5fb62e1f330a8871b75dc3,cancel_transfer
candidate,2539a63450f04a290f8f1dd0df8d922a632e4829c4d97cb42cdca8c0914315d2,cancel_transfer
candidate,2696e0ebf68f981f7772b429e32ca79a7c8ccd5e1a43546b6263b37b44ff8f83,cancel_transfer
candidate,28d30a3f152b87faae5f94113279c5c5c26d730111681b3dcaec810695509897,cancel_transfer
candidate,28d96fe32018793dcb049bf49af98d03cd4a815b68e41ba77cb9d3c181d7038d,cancel_transfer
candidate,291abf0adf4139fa58f500ada21280acc3b067e47e283c087ce65e06d18882c0,cancel_transfer
candidate,29d5630dd9e19c4bb33b63cb6e284c5972026de0a38eb6837e2c43a46d85b44b,cancel_transfer
candidate,2a389f29241e52bb9239e69669b6380c1e3a5cc6c8ca86397e262be44933e62a,cancel_transfer
candidate,0253541ef3eb7c6523055190076ecf22fb304315f0c9ad179f0e7f17a5369466,card_about_to_expire
candidate,0267411b3e74890b3c20fa8569fc6344bf9d1d2ee0052ab1832e01b6715b8e01,card_about_to_expire
candidate,02caf3c73e719e6d5ab80eba755ce79f04e80b3c792661e9dd0d2db7e99e145d,card_about_to_expire
candidate,0431021710448d640979604f6a962b46901d9ca3c9c15ce70c2f797fc0848ceb,card_about_to_expire
candidate,04ed783a829a8560f484b45914095e4144077420d49b51d775528497840d1d9c,card_about_to_expire
candidate,058c54e969dbafc4af3e21eb9b581ba8d37a8374a0275251428351dfa9a315ba,card_about_to_expire
candidate,05cf238103de00ec85d05584012663c916fb8ced5374fa642087223d59c9e1da,card_about_to_expire
candidate,07c6df4b247342e4bf29a339aff3051321492e5a0059cb9269bc2eb267d72070,card_about_to_expire
candidate,0b883dcace1d98aa6ff2c31fed3ccd0709176e2ad50d5c149ffa84747782e830,card_arrival
candidate,0bc65e431e2607e91b1325e57d969aaf88d6d4ad9206cc476fdc71c5f442e9d9,card_about_to_expire
candidate,0d8d37fd68268a5e05a601f6188a96e03914a5b11db245c906f4ef5e8496324a,card_about_to_expire
candidate,0ff2216a83bd4695dc0a89dda8f0369562b22d970033a25df1cd73f46fe1f383,card_about_to_expire
candidate,12a9d5d0da625d1789187a63264e2142af10ead1a1111d94994a74f200e6f40e,card_about_to_expire
candidate,18f47bea1c7ecd9a0feafcf26ca1bfa2fbf9ebb5d00960ba516723d2f58b4f28,card_about_to_expire
candidate,190469120d024b2e4e4814b1b29a038a59c92c5d9c85aac5c7f5df3306b0bfa8,card_about_to_expire
candidate,1965a920419c6e7592fba9402ca81311e9cc1261c8219aef76ae0d889071fec4,card_about_to_expire
candidate,1a3b9a997cb41dc1a763f8f9c8634b2255a6af0cb3e5ecfe868dc459ffa80d95,card_about_to_expire
candidate,1d5eecb9ad99bc306f20b513befc9bb54a31baa6217365bc78d4d6df6d612214,card_about_to_expire
candidate,1f18c0bc1b8b889c2fa2444744313fd632af061e876e7378fb62fc5d22574199,card_about_to_expire
candidate,20dbf7a883c563cfa8fb94e9c9d7dbf427c21bba3d3ba6448ca29b7355be8d84,card_about_to_expire
candidate,21c8dfc653abf895c77c0019e8890590c5b675ae0a12076fc32116ad2e226c58,card_about_to_expire
candidate,24de826fb595af669490f186dbae6458c0c1f392ae7f26b30d54cfd6c329a8c9,card_about_to_expire
candidate,27f8772950eecca1904520a707617de23baa93acbe988bbccb8af1ff60bb18b3,card_about_to_expire
candidate,2b5be6e31ac5bbc35dade967225b1d476e4f09c88e60496ca388c4ef2a61e352,card_about_to_expire
candidate,2e60bcff2f87959262113f9c56d96859932b29846f3cbd7dee628c5edec63ac4,card_about_to_expire
candidate,064db59c7196d38a528a41e3ce14d08eaa785ab8aa6fc287d687226abe8a3d98,atm_support
candidate,0c9ef9f63e14c03da9ab2f26bce2380695d62a6b8afde25aea91d663219f2a64,card_arrival
candidate,0d7da3d873ae4825a3c22dbaba8942f5a125c552b8c7e6b8b5cbbad9e57ec685,card_acceptance
candidate,1544655ccfd299acdca26151a662aad11077400d737ec40e80c6bdf68f7cebda,card_acceptance
candidate,190502364c60fd751d7b7ab21ef2c799a18802e2c2c2e5ff01c398e923cd0717,card_acceptance
candidate,1ce3c35720ff0c407234903e67c9f338041c9cf700da0737914b046a2eb1b2c1,card_acceptance
candidate,2139638da9c0c579388dc709a8c7d5b7b2dd0dbee802b224185f52b654387d68,card_acceptance
candidate,22d92bfd310fca4a6dbb3a44b505aefe4de0ba1216269c04f2f7018754ac1b06,card_acceptance
candidate,2321e181fdc8d3f4d261eba5edd6052021ef2cbdbb1c34f2987f235f78ee70ad,card_acceptance
candidate,2d4b914af7f86e4f4b336950feb6d5c467880d81ed8fd834e8620952f42c3948,card_acceptance
candidate,2de20aaf8c316c139e6990f14f4d6d30e59e8ff5a8ae5ff457edf13f90622d8f,card_not_working
candidate,0032217aa34bf6da23e0e4c8b1807160a725bdd1e3ca6003fc49214e48234f74,card_arrival
candidate,01818d6cd3df3459188a5a2064d34f4b4b8bee0adf23f8b3e1e54cbda642aa95,card_arrival
candidate,01d96e06cbad3c6dca4b1d6e8119dc72c13bf8f4378572ca60656630b6f89486,card_arrival
candidate,0424203d2c9a8069a24ce327acddb704e8b7abcffcf527f78ff81c1c5ee6d758,card_arrival
candidate,05d4e9537c2b6a940bb3c24196b480269a20ca49a71569620ae6df2ac8609580,card_arrival
candidate,0730d841f35d21f200b9c1ebaa53ac1f551e7aa29fca2079d3f203416af43a75,card_arrival
candidate,07421ac6c4cd38d700a12e88b5521aebed7411bf92dc62958eab4c61407441b8,card_arrival
candidate,0742dc1c8f6fac00426fd23e2834ac7186a62d601d8589f8e8012e0cfad21919,card_arrival
candidate,078aa7a6111ee0de4ca247739ad2b3097b59f4fd244565739b7276c8ff7f3ea4,card_arrival
candidate,0a003bad4208aefef87489a1d1635c4fcb144d644f71d3b49faace913d4542c4,card_arrival
candidate,0a3340864102a729274f127dfe371ba6e00c5ab2e919b05ac681b54b536d2a26,card_arrival
candidate,12affbcf4dbbdca3c6706e6019e1498c7cb47fbf06318b79a3aa953ea738f619,card_arrival
candidate,15e6840ac96fd19b544ecce8fdae9872fb6301386d3bfa4c6fa94a1357ae4c32,card_delivery_estimate
candidate,17fd8bb541ec718b410907700affcb1b6ab38433723bfef0281c25ed29f083bd,card_delivery_estimate
candidate,1c06b95718aa887533fdd2f53f71a660f3031aa4e32aaeba0480ae6b8f750502,card_arrival
candidate,1c3aee5ca8ba7569c9cec5be29c65507771bea2b0cc08aeb58194d7301a8c362,card_arrival
candidate,2174234316eb739eb74f56e150bf5fdfabd5cc0d049b0eb071e4245292e311c1,card_arrival
candidate,22ce19e9479aa3dfe051eaebafaaa5a3069e1e4d5a1b807bfab6c56a59455480,card_arrival
candidate,2425de6c0d01e62f9248c90a362a852f2546fa934238a36fd4d79b2009c6d6d7,card_arrival
candidate,2567ef24deda78247330f6afc711d768f66658dae1c8538de1c6c13093e1bd28,card_arrival
candidate,2669d9ca769f7f07e8888db15ada18993aac2c56da49d23914557b55e209fc35,card_delivery_estimate
candidate,26f62871909685e7c2424ece0d4c99b5987a2ffe7ec7362e20d19b2194505a64,card_arrival
candidate,2a58a62e8d6fcf5ad9394b4104cef3e1ebde7d34eb6b4e99657cb9c5d80277b2,card_arrival
candidate,2b495712a462ed62a9cdfbb7934c68d122cfe877dd2494101058502153ab8cc7,card_arrival
candidate,2c86371ac4f35d720b03e590ad306fa34966bf863d28bff78c143d71f747e4fd,card_arrival
candidate,2d2a4ad6afc684ee11276054cac5e6d7baec5b68bc782f315b8963367dd5014b,card_arrival
candidate,3013f5db398b9c8dc66900b156844a84e40b1251c961b360e7b8c3d382538054,card_arrival
candidate,3215a51aa2bc09532516fc4ef4be09518722075472a45a90c5104c0cccdfeedd,card_arrival
candidate,338ad3dd9542e4b0ef8042193bc83dd58b41580093f07c9924d323066bb21185,card_arrival
candidate,33935e3982df6675d72eb38cdfcef6c691aff16bdc32216a3c08289537bb84c4,card_arrival
candidate,005bff9a7bfc30430505bc5e26244a8799239dc189e7e52bd4cb021515a617e5,card_delivery_estimate
candidate,06d3a45c40041a8d6ba7f032a51b1edcae6652c9706249d4113db9a05d087283,card_delivery_estimate
candidate,0dc928e5e7889a2aa6f8a05788c5954a68f9fe50706f34dd69749e30c36dbc29,card_arrival
candidate,0f1f7148e0a12c646abc323c15335d228a38c96725b90b3369bbb3ddcbb746c8,supported_cards_and_currencies
candidate,0f60902c96d3443995cdc752b046156035ec9b8d009dbbcd6b97fa1aa5ec1812,card_delivery_estimate
candidate,1076b5f151acb916510bf74b3c8d26a3a1e474eaff3a0bdd3d98059de9199b66,card_delivery_estimate
candidate,11fc764c99bb943a99125c72106ee1332ec263f1ab3f90392bc66593961a1e17,card_delivery_estimate
candidate,163bbadb21d9151f999b38739288e2cdf22799e19b069e8ceb054143adb531ea,card_delivery_estimate
candidate,17939c6ee5be328ef05cce36b07d6509cd9ff898b4381568c2d1ac222e0a300b,card_delivery_estimate
candidate,1a814ac336377b1b3b955c786bccb80178d5bd0060a3ae3ab7b245a6a31f6976,card_arrival
candidate,1accab347edaf049298826c4ad3c5f83298154f99734d4da2253e2ae2f91f39f,card_delivery_estimate
candidate,1c1f1bf25fc136116c2f71ebf53f2ec2424f20bba2743480d73c4b34e6d6aa6b,card_delivery_estimate
candidate,1d1d1b684c0ff9920a936cb537a0e1819104f889e9bf26d2d26f7c486c054a34,card_delivery_estimate
candidate,1d34a82858dbfa54d19e867e69b88d0595e45b6ec9b9f932a382382decdfbe3e,card_delivery_estimate
candidate,1d7761d8a717014abb2e08ea37ac96e8bb4f6dc4ef7b0d0c0dff590bbb265321,card_delivery_estimate
candidate,2173250cc76f7051b3eeaceca67dc0e65fe1554f8007112034e8c0a14f809e03,card_delivery_estimate
candidate,22da5df924cad0a45957a579fc3d911eb7f5557993cb64c7be582113c5cccafb,card_delivery_estimate
candidate,242a08cead5770938f365c72ef0b7edb1f3fd47644b0460fb9eb17d7fa70a954,card_delivery_estimate
candidate,255404af44ff967a723c7371a3bd2a072e096ec9ff076f202ca237650b013ef8,card_delivery_estimate
candidate,2684c82d668307b218bc04160d8585906aa5f043692d968354b264d26357ff1e,card_delivery_estimate
candidate,2a9821327869da59424e8aefa9c521eae79813a38b2368deeadca1c30ed5b5b7,card_delivery_estimate
candidate,2dfda2fd98624d8386c45e5012eb6b1638e7a4d645750be96eb1790fb587dc97,transfer_timing
candidate,00b59c837d3b80b8ed5e25ae7b04cdae1572f5f9c2b8a1f8b0fa7d74999784cd,card_linking
candidate,015389c7fb4501fd395dc024076b7c3b8931b9f74e1f925a1f4d51019be5f19e,card_linking
candidate,02873613dc790139b8d244a6443108c0336c8670576e141548b0609434a72d12,card_linking
candidate,0325c6aef31b7bb0a5b0e91ad6044d0ee47271ea31aa6f5f0abe91dcf8ecd5e7,card_linking
candidate,05d68cb00e3756d62fe6abcd5b1d0f321b916a960c51d56732393c5e3c97d751,card_linking
candidate,062191247cc8db3e46a2fa31321288211105095067904caf3cc3fdb27c51122c,card_linking
candidate,088115457a92f69e38fd8296fb87d9bb631487cb7c311427d855d17c3a38af3b,card_linking
candidate,0a50c459b79e052822cae9744061d7d71017cf5a8e999f6420661c8923bcb29f,card_linking
candidate,0e314f18869bbc4e025466aa3f7d1c299d1e82520ed64f95a183bf296e5d7586,card_linking
candidate,0e77eadec3657e69b76f5990e95bab3c6700b813963555ca3087fabd033fe300,card_linking
candidate,0f083ec6d02c215d4fbb6267198adda216413b0dd986baa39527ab0d401ca25c,card_linking
candidate,0fba2e02d3c4158ccd64c0cc5f4d5ba8f8e9e130e66c951ab40fdb3c038462fd,activate_my_card
candidate,1483188e8a81931a89c016ad4e3208279bb94dba1647d562f6e562b109e28697,card_linking
candidate,15b8c4284e9fa5162427e11221716fa5c981455fa4b2b30f12a3cf1adba4b50b,card_linking
candidate,1cf6a40e92a9e01764ad68af1caea96617656f00f6b2b45a0c422503062ac17c,card_linking
candidate,1e7b6ee14306e9617720a5def5780698f83ff18039ffb87fdfd57cce59a67ae4,card_linking
candidate,1f874072aadd98515b13b77dca657fabfbb4944ff15d5034062f64d4d187f3e1,card_linking
candidate,223bb7d840753ef5acf2634148a7d46e086da7cfda8cf01b687cfc454036f99a,card_linking
candidate,262dd9af1062e7810ddb5b14ef64907c767e28c61140c2f88a4bb21b44c8bea9,card_linking
candidate,273eb6f4cc6d7fafe7c81d19ec62a4faf7bb46959dd0fa32f5fb8fea59f341ca,card_linking
candidate,2bbb890dcb0a5157954f0c438224a52dc442948fbb33ebc4d5cd25a49b77dcba,card_linking
candidate,2e090f99b4032d97fd495dba5efcb8a51b5fc71fab7332f6eaa2454111e477f0,card_linking
candidate,2ef252a6b48d9ec0c286184f11697d5800a463032c69c6dea2a95ae81f04ff4b,card_linking
candidate,2f32286b391425651cf77396c78ec310b1428a6247937ec9cdbc37b2bcf2b1ae,card_linking
candidate,3190afc0ab8ee7df44c19779f452adfbe2e51cba9c57bbc84bd9f12954f916f5,card_linking
candidate,324ad2f8529f2c666d908063bd966541503e1a2bfec3a1538533dd6018d57b9f,card_linking
candidate,35d20b1b848daa0e6c6d0865febd427b9d39b7932a6555289ce6fc9c799d9901,card_linking
candidate,0147a7ca0ad72b724222d4582045df0d0135832f1412c58ccd66cd11edd08922,card_not_working
candidate,037a1f9f86e80946aee2b10373cf59c1de21951f8ab0764a4e93bffabaa3361e,pin_blocked
candidate,04949ad67df42566a795d186fbe80f15a64e64683d517caa24a8bf440f23f1f0,card_not_working
candidate,04ed605807d0b3ded10c5e9764c654b735abbe8d878cf66d6607ace7067f809f,card_not_working
candidate,06ffb5d381350054cf444ab83a9ff0d8cc01013a55cd5bccd4f1b9a30a87598a,card_not_working
candidate,071120cfbe3e93330eb57ba30bc4eaa86c4ea5833cea40d14ebfedba11741e87,card_not_working
candidate,085d05921d451f58996a4568fd3dae907ba6d07f716c3e73daa5b69db4625d29,card_arrival
candidate,088fdd335641886f970672c029d0adeeb43d5e97fcea4dd29c8a5bb4e36dd10a,card_not_working
candidate,09d4e2fb9990dd9380c6b9040cca886ed4af86017f8b9336210ae209b086c45c,order_physical_card
candidate,09e0a207f060dd85acf724ea1826735d7c7ee4baf50abcfcd9aae2742b0cf120,card_not_working
candidate,0bab212681e6cdd58f0ef5e84d6f48949e83b44faa9696cccc125c7d3140bcf0,card_not_working
candidate,0ca4979816f220ebb02a2951293519a2b3c79ca577170b01faf2754d7e630900,order_physical_card
candidate,0cae9504f1f69f1a72978d3bc759a3230b9ca3d6e17be1ae631e4310ac439b1e,card_not_working
candidate,0cf4ad09a1395b3626db6873621b90d3a26604814771b1ec97c953133e6d7e01,card_not_working
candidate,0d7b2522a5445570dbcda42d936ee6926bc7ec50b2272eed2b0e8b29575b6181,card_not_working
candidate,10e1cb7c8c417ca690fccc0be9d2299e855ca23b8036646d8a88bf703367d4e0,card_not_working
candidate,1197ef8a22e7b547f8451f8f2256cfe39f5f625845c7e5d66da17f7e603f846f,card_not_working
candidate,12cb54b5f3ceab8d0967a28539ad2bdcf14719824e0163c3c51144767638210c,card_not_working
candidate,1b5fb1712e5e97bd5ffc7c188282e82a2e7ee428351f9dceaca0b92001ce46aa,card_not_working
candidate,1bb2b0915959129aa5b841e04c54e35dada57386c585054a22aa22c9c802f690,card_not_working
candidate,1e9105f2074616537dde95402043a84286c3d3849706a0dedb22a0d49ebf4ad9,card_not_working
candidate,2074efacc74525daa5da42e4d0fa36eccc3d5d5f16d1e4333c4fe4c8f2d083ad,card_not_working
candidate,00eeea68b5e7d7b373aac7960b1f2c15ff65c1bef9cf5e4072cd72a9b7ac1f2f,card_payment_fee_charged
candidate,00f4b4deebe38710c4c7f3d3d729a779cd98e3f92dddea8f714886196f56ced6,card_payment_fee_charged
candidate,012893504bf9f33f114aa519aa3527805e566147933efb4a84fc85f9b66a1c24,getting_spare_card
candidate,02c135d7b74f0a80427091e859354b92aa714034923e9edf95e89a77ad61f890,card_payment_fee_charged
candidate,03e3397ef0f8f8886de988e86a24fe2af82a7749f29c93e41eb8dc782e251f9d,transfer_fee_charged
candidate,04097d7e3a5eb60dc7b2ba0c0e417b7eaaf29abca98762103b010ebe27e6bd2c,card_payment_fee_charged
candidate,048706b116ea6fd66d933c29cb9db2516ad6c9699a95418e11c61b2405726c2a,card_payment_fee_charged
candidate,06f07fb78be5c6b5326f00d23aed68ca2373ee6b106ee1d2594e58a34842b524,card_payment_fee_charged
candidate,07df2373c6437e963737e8c5411d6f90be50eae576ba7a17d78ea7be5246b4af,card_payment_fee_charged
candidate,08f7e02047cd9f6b7a552788af2608e5cfdb8c7c94929aec810c06ec00fa1295,card_payment_fee_charged
candidate,0974e041681ac47fa5e1ba7a668a32d144115479e5d069d22e384b19cf79612c,card_payment_fee_charged
candidate,0a2bee51cf7e513f79156fbd24065a37d206546a685dde7534a41cfcfb813003,card_payment_fee_charged
candidate,0b148ea5b70c11abd883a20108c3fbe4eae903e2139632c68d4147e53fa4b9ef,card_payment_fee_charged
candidate,0b4d73763ff00c860227098875a899c89d296eafea97caaa8a6aa59ea8eb57b3,card_payment_fee_charged
candidate,102437e08b7c7ef97a0fa2949e5d7ddf8cda43831f21a99fadadd6eb39a57e77,card_payment_fee_charged
candidate,1058e6e7812a2520148207a772a1d193fe8fd9f8eaaa790522cc61ee6862d365,card_payment_fee_charged
candidate,115734bf9eb1afbfac84ebb2404850bd4c22dd3d15d1e78d9cba42d51a0fd725,card_payment_fee_charged
candidate,12876ff46bececd560953c9e9fbc927daf6d92eb681def3252c37b812a48de71,card_payment_fee_charged
candidate,12bc7bf4bde0f2518d65e25705245787eb6bef099131e2e6b1cdb4cbd3157365,card_payment_fee_charged
candidate,136b42285e287d390877dbb0ebfce56fe09ebe130c7204d77d632b7b5d1a1356,card_payment_fee_charged
candidate,13bc2f82fa25247bc03fc794f55a344cf8f037d781e2a7c7d138b70f077b2336,card_payment_fee_charged
candidate,13ca57cc34df93479dba1013593180c551a4313f1c9a83b96f3380ca536ef36f,card_payment_fee_charged
candidate,14cc3139c2f8d2edff40e8f9036f6bffcae5342fc3eb51e175ce415628792edf,card_payment_fee_charged
candidate,150264f34428ef7350916835207d2458d411c647a862c8aeacc3e70ea06964a1,card_payment_fee_charged
candidate,1537a8c82c8a1c5b9c9f48a894c4436f1f4e51415f71c54f89deedd20c60e352,card_payment_fee_charged
candidate,15fc00422151a7baaaa1c3cbc44311debdd8d000f387ccf48d209e24dd5fb59d,card_payment_fee_charged
candidate,17504fac1cafc0722f195bd15def7f54e95983a4ba9782e0c9a09902c3004f07,card_payment_fee_charged
candidate,18a1868084b97c6b7ce01f8c29b3203e4ccae37d334c117cf72734b2feb108b3,card_payment_fee_charged
candidate,1a04491dbc9ffa8f514b387bd6798d7d1c23e65ca0476c860abee7617e7569ed,card_payment_fee_charged
candidate,1a153dca5708dc21c042c15e1c33b721383da62cd005a672c1bf5f25bfa20420,transfer_fee_charged
candidate,1ae6d8978edafec57854cb0bc6eaef8429001f6367990931ae3f83728c91e904,card_payment_fee_charged
candidate,1b1a88f1358aeaea2c8745c372a47ccdabb7b96e2c16807aea827917f10cbd2a,card_payment_fee_charged
candidate,1c55cf6561df57198289fc79ea1f38818c3c16829fdcb262f77f108b778090d0,card_payment_fee_charged
candidate,1ce75457a40eed7130b76a07b18910badf0386cd3ccc88114e151a5d59d131c9,card_payment_fee_charged
candidate,1ee71d61e098a675a6967b632c5ee05aac486073fe365ff2a485235946502a00,card_payment_fee_charged
candidate,1f1de58a803ce97f579de5d8af98022e2b3a1f833d95dcc8e9d788bd106a8f0d,card_payment_fee_charged
candidate,219b2d14d1cbfc87efc3fada9a24983dda1ccd311e451eca474cb9017095d4a6,card_payment_fee_charged
candidate,015eaff2b2a6b99204f96c35d832e2218734e07791d2f1f37f44b7e8a03afea9,card_payment_not_recognised
candidate,01b4724e01c4dd0c49c799d64e707630549e260da074cff02245e8979f9a61f6,card_payment_not_recognised
candidate,03bfee4873d7878090a1967d7bc94a83e26441757e40c13e2c6c2fe8a77b47e4,card_payment_not_recognised
candidate,04f09bf50a596fd69cfe7dbf7c90f38531ea3461e5c40d935ee33933e9d00dd5,verify_source_of_funds
candidate,07599a3d2eccf931a2920cc693f91b5a5f9838146c30fd907cbb6db0de13d2b9,declined_card_payment
candidate,0835aa0c82eabc8c10f89af42dda14a4612ce4438e495d55b57601098fea84af,card_payment_not_recognised
candidate,0c1ebe320c285ed736627b559395c3167c0a7946e16653472738eecc9bb83d64,card_payment_not_recognised
candidate,0d7d91c15326b948d81479ab914bae12bbc9ba29fa77c58940cf32c27b4e827b,card_payment_not_recognised
candidate,0fc31e9cf18c1b6f3d9b0f9343bb83627aff58799dc7c2f4fe19949404e97491,card_payment_not_recognised
candidate,0fee3f5e2b2518a1a93b028ef195e035d96f106dc40ffae9e5b4e60580615f8f,verify_source_of_funds
candidate,147f50cbf0338f7c04fcf0f95fa7b03bbe41e8b66cc7ca5ab9e51ba617569bb1,card_payment_not_recognised
candidate,150ca5605df2eab4e6932dd2e831aa8540d95cb93165247d6c34f1e34e0199d5,card_payment_not_recognised
candidate,1830f92cbe42e1ea00f09488760c6ac37df9416a1bd99ec2ae67ea0d9cb46818,card_payment_not_recognised
candidate,192f4bd96eda281e0ff99baaa3c1249b5fce3172290ea0703435b714456609d3,card_payment_not_recognised
candidate,1a8b6899939688f09c3760ab29dc76fb7ef448279c5922ca9431f11eb5a2592f,card_payment_not_recognised
candidate,1c33865f4122db6dd355cd7bc9851378ef57c5c64f217b56b4039e756c55a835,card_payment_not_recognised
candidate,1d2be483bed75b0491bbf907e2088b9b7a660f81baccbd272f8922d056367812,card_payment_not_recognised
candidate,1df4fcc717534db0b2a54ab97cbcf9a7a63c74e448290204c28e2b5f4cb2162b,card_payment_not_recognised
candidate,2028f388d2b15eb1b95ece01f39143b77358e053e0d4ba75e3f22d597dab9ff0,card_payment_not_recognised
candidate,2032f3b47f204f88a67b1e3c2bdad0812341d48fd94bb8f9a9b6b3dc5459cbee,card_payment_not_recognised
candidate,214c1ee0a4c168be07fc7afcd589478164d537525789a7599c0b54a30729cc0d,card_payment_not_recognised
candidate,21d18fc84b26f2d349706c31d98ed590ba0bf92530fd265b1d036e9f1c4699e2,card_payment_not_recognised
candidate,21f737fffcb120da48f26987288a0ccb4ea0dbf66a1c700f0c0dba31942c1a3f,card_payment_not_recognised
candidate,23695420a3b053445baf97e6b00d3731fb3d7626255f4da7de461e0ae6fad51b,card_payment_not_recognised
candidate,249c15b911d1b0259a43bf2f97eac111c8968a5c462c6215978fb617e75b2f29,card_payment_not_recognised
candidate,2765a47d4faaf88476f96ac10d8cdb490301f5fd3f3502efa59664d8f5f2deae,card_payment_not_recognised
candidate,2786338bccf5666b14f562a5eb628020f31fd9806d2af40a906b7132cc0672ce,card_payment_not_recognised
candidate,28b8a2743d0feb854000c7a67d386e073134b3b7bcd7d1f03a368a4bc3070bfb,card_payment_not_recognised
candidate,294cadd72eb32ca391920d15f9ecda8d9a189bafb466f72854cabaf3ef89c5c6,card_payment_not_recognised
candidate,30c88aa065d72024cff9c6575c8068698e46097584dee308204cb73553fc027f,card_payment_not_recognised
candidate,333b09063f9accac1c0cb3fa5b3eb5c8ac7181fec6f792ea4e95a69213423a1f,card_payment_not_recognised
candidate,35465a67f53ec6df6704a92ee76dd885bf2b023398fbf7cbfaa8bf5cea4aefcb,card_payment_not_recognised
candidate,366d76798e50ece2ba4a3419897fa249e013393eec20086b7c429f41c89a4161,card_payment_not_recognised
candidate,004bd3a5bed73fb4cd7adfd8d41d6ce4cc6cf8bb4194f74317351aa33867558c,card_payment_wrong_exchange_rate
candidate,008da7f31345b9135c9206482c8bfed22a5037208c1e9136269d2e2c2f1f1811,card_payment_wrong_exchange_rate
candidate,009d5d28011b99ea4ccba261c784c635e05fcd9c7e784d18cf8eb642f27070bb,card_payment_wrong_exchange_rate
candidate,01fdd77beb4e1a27fdda2fc462f0fd283355b2657054d3f9c54f3fbff8e79766,wrong_exchange_rate_for_cash_withdrawal
candidate,0414990abc38a608b9521420d931d709302b34b6ddcde16b55390f9f777b583b,card_payment_wrong_exchange_rate
candidate,041b98b0644d67db312d809cb6c813a484e156cf9a98b359a4fd8cc6413f0037,card_payment_wrong_exchange_rate
candidate,05599664fd867ab21cdb984493677c6f67a40b0a6d705ff4f6e9f4685f058bc1,card_payment_wrong_exchange_rate
candidate,08599a1e790ff223118a8ea4c694479e52ddc20c2bef32b537bd5aa6f3a0c3b6,card_payment_wrong_exchange_rate
candidate,0cb101ea65e2e574ec5362253cfe1d78c4f5533093d123836636a6d4fd482bde,card_payment_wrong_exchange_rate
candidate,0e3ff1c57d10f3ba7cd9f506acee76508b0bd4b0ab7fe7595b70211986babb0d,card_payment_wrong_exchange_rate
candidate,0eab4343af43a4f97d24016fa425dc3185b9213d8b0e7287278687567d60ecf8,card_payment_wrong_exchange_rate
candidate,0ed81eb5d8e0294b87042560d23d52e8151cd47082c646326e4c6d83f756558a,card_payment_wrong_exchange_rate
candidate,1093c32fe3e9e98adad3e8fa423ce181270607bbfb4154cb7ac93916d3aa51a6,card_payment_wrong_exchange_rate
candidate,11bdc5d275651b1096013713693fb2f656a3b805b6600ad358b972c3710db6cf,card_payment_wrong_exchange_rate
candidate,1268a72275f760fa7f4a53128e3e6c91542fb3ec9d1f64f942ea53105be3ac7a,card_payment_wrong_exchange_rate
candidate,12b842344c661dea47a3bb5a03bfd962e9b86a16d75405bb8c33cc75e7a0bb87,card_payment_wrong_exchange_rate
candidate,156c321ba4e4fbd57cff8b8148aea1304a0c7d9666d8482b5f202ea80ed55210,card_payment_wrong_exchange_rate
candidate,18948f877bbf88a31dcb5d0498faff610a4813e74400ec2c568a9ccf6002889c,card_payment_wrong_exchange_rate
candidate,18b79cecb87354d2437c0ee26c1b03da9eca09c591c21667f47b6007c391bf5c,card_payment_wrong_exchange_rate
candidate,18cfe1b195e45b7dc3b45ce6d8b61b53aea4a45b6f776843f21c0496f0894462,wrong_exchange_rate_for_cash_withdrawal
candidate,1a5df12300c339a040f89bd422c3912afd326619a6b6ca5b6b20592e256d4047,card_payment_wrong_exchange_rate
candidate,1d496b92c505c38684d0ea86044473a1a581f6ac76621bd8e4b7aa0f902a0d21,exchange_charge
candidate,21b1938b327fa17d3c8e2761f6f1fac610378b4e9285afad5b265b9f4d3ab0ca,card_payment_wrong_exchange_rate
candidate,21ca81b197e85445f565ef43e35604f6313bd45f20e92c793328bcf66d94630d,card_payment_wrong_exchange_rate
candidate,2463e703be4f11574d7de256480de465f51f4c40a957688b4a7d0dcff5a1a254,card_payment_wrong_exchange_rate
candidate,2614b9a590d1596c641b57e6fbd4636652bce066fd6732edd6237aca2bd34f13,card_payment_wrong_exchange_rate
candidate,27e34a226999fec40f3b97b34091f733e98af852f6431c66382990fab017aa29,card_payment_wrong_exchange_rate
candidate,2980327342d3b3029b4cb76ca8f631388ab11480c7a603da60d109057b15e22b,card_payment_wrong_exchange_rate
candidate,29d14dc08125f7da187ede8da17300e16dfead86e61c27e5be2a77171009e628,wrong_exchange_rate_for_cash_withdrawal
candidate,2abc28a2169674ca6d9f9535fecde2f5ffc20cd88b349aeb00083a8277d8ad3e,exchange_rate
candidate,2ed6d19f4088aadeae43d819841c2667da7eacce484c7b383ca629aa06ddb2cd,card_payment_wrong_exchange_rate
candidate,32f1088f1dae66428d46fbec2178faf8dbfd3ef2b5c7cf6038f42a8f36aba328,wrong_exchange_rate_for_cash_withdrawal
candidate,339cb8efa7e3f9985963ee3c8ac3511ad8c4eab19d19605d1f77d043345e5a82,card_payment_wrong_exchange_rate
candidate,029edbf2904b613784ae07f36c5097775c9112bf768f183a6cee777eb86c29b1,card_swallowed
candidate,04587ce201961080d32844f24142eb8a1c89d4c332e438b65a90d45f505ab21c,card_swallowed
candidate,0c99816f94fa98b913a379c4f1ebb27643a54bd3c3cde5bf8d92220161827150,card_swallowed
candidate,0d8d062c771c25a6098e0faa82c81dbfdfe77cc4ffcc3e223f8a8035909a0860,card_swallowed
candidate,104df0989a0143d42714695cdc3b9d299a85bbea88ed79529e82f48648e4f169,card_swallowed
candidate,10ddda3b7679aeac0a51f6ab73559eb39dbc8f82f7aa43a08b0de893e1641fc3,card_swallowed
candidate,1e806b4e708c26d89647de0107f452a44ff4d9028cf23ee93af89bc760488cdd,card_about_to_expire
candidate,217c5f16f93824901db5c9810dae4510ee4912d0fc93fca51c2b040461952474,card_swallowed
candidate,24cd8350541596dc2f07e0fed04c9174f75bacba4812b324324cd871625ace81,card_swallowed
candidate,30601258d281e17432f3deb1208ad02c4cace37ddc20c80a8570b177ec3b04a8,card_swallowed
candidate,3e7c3fe084bb6902b0ddf0be8fd598715433c69715518cde362f3caff84539c2,card_swallowed
candidate,413e335b33b900475f86b6b52aad8ce074797ccf10713ecdcc48ff8462e2a2ea,card_swallowed
candidate,00675ce25036fc18102ca46e1aa3a762dbf008402d867d1faf12faa4559128b0,cash_withdrawal_charge
candidate,019f3908d2ed5379ee8605bc742f6ff5b03916a9a05ec19edb70715dbb991e85,cash_withdrawal_charge
candidate,094dc464b5ea9eb812cd1e113e4bafea3e6705b12461612460b2dedbe611ea9a,cash_withdrawal_charge
candidate,0bdf08924e579c58d66a57fc9cd142076fc27c348dfc84c148d810881ddc9af9,cash_withdrawal_charge
candidate,0f0c01d844e2b53b7c3e61b2a22350ec26fd1d5618390ff2757b003f20fb6024,cash_withdrawal_charge
candidate,10b1135a7522fa6d6388bf7375b228eb95ebb743dbb67e221f94d5aabbd84767,cash_withdrawal_charge
candidate,12e2c1416b6790ae629b7de332875fb0ba38c2866d5a7023be6cd173aa9ee3a1,cash_withdrawal_charge
candidate,13011257ab9bc0510becce415a728f0b23e00ce30d8c8f4b14bb6efe0684ce9e,cash_withdrawal_charge
candidate,164dc9d2d217333076230200327a458f19aab3252b2af0138491d668bd49beed,cash_withdrawal_charge
candidate,17b2686620536fafdecb913cfd60f10c4ff005fc106e74c6cc7a69b6b8c99a51,cash_withdrawal_charge
candidate,18371e274a9027441ad631afe263c0f702817b80d7d595fd6716c3a292c50cc2,cash_withdrawal_charge
candidate,1b8234f537c4ddee9a2597e4c2fd49f586cb3b6f49f9642d875c23170fa4493d,cash_withdrawal_charge
candidate,1c1accfc0ff182c81bf8c9fb36d2ee1a5d208f8b919224c89ba3862d533ce51a,cash_withdrawal_charge
candidate,1f15e958efba977f0cafb70e3e98ca9e9fd3bba0493bb1d3f55ed630d7a48cdf,cash_withdrawal_charge
candidate,1f537723788a6fd08452cf5cbcc1073637b5d32ac0d81510a771cc95d71c5dea,cash_withdrawal_charge
candidate,20027a92871120faf9137291d750b7e7a01d3586aee3a806f1929f1df818c742,cash_withdrawal_charge
candidate,2224384f1a7c0c83d5e0a527c9c86799681de2665c106d711bdd98847cc29de0,cash_withdrawal_charge
candidate,22acecb5bcf28d8c162254eb48f14e004275bec16e7a10e6cdae4c3ec1d669cf,cash_withdrawal_not_recognised
candidate,23b5325ccd601e1332841cadc390666d8399d1f00da0b66900ecf34748ecbdd7,cash_withdrawal_charge
candidate,255a34f355a789415989eb25123a685feb2f88d63a75837e5d4f74748a5f254e,cash_withdrawal_charge
candidate,25a53becfda4e7f337cd2f2876ad2ec60f88c16de93834b4777b8168d995ca1d,cash_withdrawal_charge
candidate,26e77b919ae196d1f2067501d454fac110dd0d94ebe78c70193b9d055edc3e91,card_payment_fee_charged
candidate,26f0a8d4d5135c9350cfa33ccf054415eadd3bc0b87911dd17174ffe56805bdb,cash_withdrawal_charge
candidate,27222650d67c519f321db1f0ea2b6438ff3d8e33d0f78ace1ae0cde28ca64a48,cash_withdrawal_charge
candidate,28f49b11762e2c6d9e7f580c60b80692e63b31516587b0cd9735beea4e575f49,cash_withdrawal_charge
candidate,295abf6ebde07fb0fcc5c17db0688c5bd020473eca5fb02d3708675785932166,cash_withdrawal_charge
candidate,2d8a9f1d7fe0ef69e58c3f17e18d43d4bac375e6b7f05904f140e19e8ae86ad2,cash_withdrawal_charge
candidate,2dd6b606fe1b2d4684eb473e7652a851c8e4c5949795598b9f288184e67ceb34,cash_withdrawal_charge
candidate,2f85940e524ceceaf64f6f065f63cf1bdc4aaa1a0819a4dd4b2597e1f45e6758,pending_cash_withdrawal
candidate,304d082034c49076c6149e39057bb1008649cdaa7e7c7a95d6a874c11136b34f,cash_withdrawal_charge
candidate,304d31c1aae7877141bc501ea978eda0b57ebd7e19d2bc5fe757fe1b8d24102f,cash_withdrawal_charge
candidate,307142e55dce3f305c7add76bc4b47055e9cd0d00c7710a2bc82e68a27d9182a,cash_withdrawal_charge
candidate,307460ed5ca9d96c621a9d19b72a2c6358dece7eb16e6cf263cceae9bb3f4c72,cash_withdrawal_charge
candidate,31f6f52f50ef7735b6beefc9a7d7e4bb86d4262723992d70a2a8122b3e4470f4,cash_withdrawal_charge
candidate,327e93aa60da964c2ab00de9b2efb63b32074577c3a4e3784892f8df8bc4688f,cash_withdrawal_charge
candidate,016e4843db934b0b5c8995542b30f32d08f606d6145542ab9179aee1bca7469a,cash_withdrawal_not_recognised
candidate,01d6666db9303ac52a32ce360c177e3558c2e452ad29093725fc89c7c6611763,cash_withdrawal_not_recognised
candidate,052006583b8d9e36343c55ffa09526c1c7edf2506cb87250b66eafbb80d35318,cash_withdrawal_not_recognised
candidate,062699ab524ff540e19c5cfa0fa2354dbd28be18220031fa416fe063af8ec46b,cash_withdrawal_not_recognised
candidate,065ce77ef84e342a8d4b45407a4cb47f9cb1024ec8e2b946c2773a1ed8f86ed0,cash_withdrawal_not_recognised
candidate,06c642ac436b08840295c92668063b593633c5890f1010566801c7e7256929c7,cash_withdrawal_not_recognised
candidate,07d86bda2bd15fe4ffd77c24912d90fcfbf97783e10594582eff32684ddb333f,cash_withdrawal_not_recognised
candidate,0815653e8355dc9dd7ea18302e5cef6c76f3ac41d1677c9b919563a882e1e356,cash_withdrawal_not_recognised
candidate,08d75d9d8a441e129a4242bf7945bc4382f8bb83d688b853de7fb66934e8c351,cash_withdrawal_not_recognised
candidate,0be7d51625d19ce14e6478dcc30ba78b8aa99808ddbdfd3c6ab6e557f91608f8,cash_withdrawal_not_recognised
candidate,0d614b9ee341ed40f03152c2e6d606e38f4feb6385b11243ed8931a433e6d08b,compromised_card
candidate,1a330c194bfaee35f604e47c179a9b0319e7e556ebd2bf364904e07234328133,cash_withdrawal_not_recognised
candidate,1af23d4a23c427d3732b0a72bd2d9da6ce74034061abef2139eda109a7cdd304,cash_withdrawal_not_recognised
candidate,1ce1610e0b8a7e42beea14eb99183d36f9d2b62a78df28ac281b72020fd7640b,cash_withdrawal_not_recognised
candidate,1d74458e14ff51176ce4c243eb3df3c35a7dce14342d807284f4b69420e25713,cash_withdrawal_not_recognised
candidate,1df5561714f1307c6dfbff96aff4f32256d4b6977203e8f89819251bfc6a1111,cash_withdrawal_not_recognised
candidate,1e3c6a9e29e0f946908371f959e63c33b0af9c677a597edc4054be75c4d4ba75,cash_withdrawal_not_recognised
candidate,1efbc23491bee8010207d8aab85bf8bc6e9fd489f85567cb2e4101c7f8f6254a,cash_withdrawal_not_recognised
candidate,2065d175c0cb4765393830429a48689c01f852e8a1e7d0b869dbbd126eee6b80,cash_withdrawal_not_recognised
candidate,20b0ad43027ffb573a8d0aa2cc0b7132fe9675e1361ba266dd548fc6a1ff39ba,cash_withdrawal_not_recognised
candidate,21f9f2b858a2b2c6ddfbfd20514ae5d92f31b84e16a5dd124f93a58a3d57e5d1,cash_withdrawal_not_recognised
candidate,222bc449f275833160157c0553ceb6dc13be457ed9533828be0228b1297ab011,cash_withdrawal_not_recognised
candidate,23cdf1ca75b6e4399004805790999a64bfb7c5ba2bde55792d4ca80573f15547,cash_withdrawal_not_recognised
candidate,253ef6954cb88bd2a3361c01830f84dec1675a998f37e4916ba27e18c72034dc,cash_withdrawal_not_recognised
candidate,26f4430a21236894120b3ad1ff4a292cd7262a4f3da8321489823d6ba40b513e,cash_withdrawal_not_recognised
candidate,28174fb554bdf76740b5b86a3b714a654cac746e0afed5c0e4a746b0b70feb41,cash_withdrawal_not_recognised
candidate,291878379325717c37dfc8c34195e153d6d1e9bf09d77c08089af0a020cae284,cash_withdrawal_not_recognised
candidate,2923e232b396b7d0badf32efc92b34939cf70c60047e7f67a9a5607f8751ea9c,cash_withdrawal_not_recognised
candidate,2943b639c189f03a01c27d812336a94b1d366675d70b9d027ef31cffafc22ed0,cash_withdrawal_not_recognised
candidate,2be153bad46e9bbd849dc67998dd9e0949332abed089a47cad1b0eda0720a75c,cash_withdrawal_not_recognised
candidate,2e2d8ff8ec7c13c3f6e81af5e388b0f8bfb4acdeda404a621a6f3fbdffee2c73,cash_withdrawal_not_recognised
candidate,30de3f98b3c050c093b074f43ce742b5cffc57d88834285e3b98d93e0ee92263,cash_withdrawal_not_recognised
candidate,027c71f0a65209f8414ffc29edab346067b902fa96b672ca19e4af3a8d6090cd,change_pin
candidate,03cbcb64d0c56fb522c5f16ac7f2cdb06578f7452e2a18fbed5fde82f49cc449,change_pin
candidate,0470b8886950919a5424132d5a3d444f62c57a5e759e81b6ab12dbea86f44ece,change_pin
candidate,065dbedf9423a4994c0848cb57d464afd25b1ff89ea91c6d5f55b8b290ab606a,change_pin
candidate,069acd12dbd7e88ca7c65e90203699439cbf78e7089cb6fbeae2f16694158ad6,change_pin
candidate,06caf8c0bed55ef087abe64b209ef986b9051f6a37d72f38457365cbe14aec4f,change_pin
candidate,07ba7b1c4bf9321a07f7298056ddb760d1d4cbf02511122393522547cc862ea5,change_pin
candidate,09820f26f693806723c2b027329036bcf87842a2be4af77d42c584cc2893663b,change_pin
candidate,099546dec92a03ac491c4dda6c38675c86cfa36c090e172c056a35c849ed39e9,change_pin
candidate,0de88c378797c4d21191171992d0b788f2d0165fcde1023775e9cf856ebe0649,change_pin
candidate,1023d35cd8130ee4e28d132ee76c9b814654948b0a2774c1e1ce98b0ff7dc00b,change_pin
candidate,136069cb16b3d0d14c05974b79ade53d3a2f618eebe4e1f3c33cdd3304856213,change_pin
candidate,173cd9813c174623224f5b759a2f3c2000e894b813ada3d1f30042a7c48837a2,change_pin
candidate,1c03a78691c9a0db7c2eefeedd2d262556e084fdafa24de76a01a02ceb31aaf9,change_pin
candidate,1cd572ff3944e85a2b898c07abdf02d2496b38f38ec448150320f1674f9af1a1,change_pin
candidate,1ea65bdbc051f88db6163984b0aea12d488f7696de7b424636b0e4943846a5dd,change_pin
candidate,2107174e94dc3e0d4378996d0aafd1b555d5c15eea69faf1e69cc942808ee102,change_pin
candidate,212d6831a7e15c8fa582d410a5cc7ab9f164639bb33c79c1fff44cbd0b7a2c5c,change_pin
candidate,22acadd48bd07c61d2a2a5b341c880946753b9a8c59bda741b07c4a8f01321f2,change_pin
candidate,2481c353adbd0f9e5dbc3ecef14f0fdb9ca45d8e5fc5bb4664a36dad4d37504a,change_pin
candidate,25011d665388197d6cc210f5d44bf64afb22c782ef4e342e9aa8295c115fc064,change_pin
candidate,2ef6debf0f3744e59c4b84806346194876684c96bfb53d0348cf9d4834488872,change_pin
candidate,2f03195622ff2331f11df7b98ebba4af99f62dc497b0051de2afb009fe456030,change_pin
candidate,342b7e1a4c2601b0ac00241952e8a91a2fcbd7e8918cf3bf12b968b277241d94,change_pin
candidate,0693f7ed1a42c318b97cdfe262d096cb674917128b9148a12f4942f8e1212ca2,compromised_card
candidate,14c64f4f85f4a8594b86b486c612350b3a5d0aa26824185dbdf7def97c5d5d0e,compromised_card
candidate,1656ae0fa34bd9b52569d7b11c4053a56d8b3a8cd7a515d0ed68735741425494,compromised_card
candidate,1801c8ba01528df8ebaed9bd108d891d2685713e0a61de959a22458a70a462b6,compromised_card
candidate,1982a9ccf83b7c72ba691d3b56aa74d4f23b6a0b1d35474fe68b1cd1a39582cc,compromised_card
candidate,19dcfa572f589a3ffb71a7b04493ae8ae7487aae94d13b1d8a5cad205f6a66d5,compromised_card
candidate,1d01ffc856078cb9765e8439a4d2871d980bac57e9f52152c57f4d09d024e537,lost_or_stolen_card
candidate,1f796505cff2acc46eff13a6b0cf4814abf09a6777ffaec5eb8cb6244aca6f95,compromised_card
candidate,20c35d41baee8a4e436e5b4ed027ce02138f958c5bf6d924829e7371649588f3,compromised_card
candidate,268bc2b5106261182444bcb1615def5b63fb9dfb7122ce8cc3e3041a9195c2cd,compromised_card
candidate,27d97adf15ab21a17a4aca6833902b61722d105cdf1aeaccb6b3ab67512dd508,compromised_card
candidate,288a1ac850c1914dc7b6d2b3fcdb88693be48e86466d4812680fceb05b2fbbf5,lost_or_stolen_card
candidate,2ba021f52c6df1822695a33608bda09c0967e3369541213910329ea14306882f,compromised_card
candidate,2c066f11d76ea5131427b8cb475260e060242ab9305a31f6ba15ccd115981c6e,compromised_card
candidate,39063d3b7912d41b27665a3bae6e3e272b4e477f6f920d3e6fed1618088cef3c,compromised_card
candidate,3c03e0bcd2a7512f856aa686fe6c4dc21a4765d78d715dff20bbd04bda1554d7,compromised_card
candidate,4554ebf1936fd4e446c601bead7e20da5ee15b52080358ca3090622ef559ae65,cash_withdrawal_not_recognised
candidate,18ebb3106cb5ea3f38dd397aad9db53c719bc9a67b728e7d4fd6ee13ad1bb16b,contactless_not_working
candidate,24c124a3c57fe607e9ac893cc1016b43271efaa55d8dc1a51393e7616d462c00,contactless_not_working
candidate,2989820c4b50aaf3147cb859719b3633c1a8390f4340a7ffba2bd17bf053e261,contactless_not_working
candidate,30c337dd9ebeca0c9452656d046a55288d03318ea8577285de723a0506517ef3,card_not_working
candidate,316b8cea3c19d07fd5388cac19ee30f106283700f23792aefe9104d2ec4c9a33,contactless_not_working
candidate,3e0c7eb231b8fb867937441a685edce0f470d76d88e574cd55ae1348ba9a1551,contactless_not_working
candidate,511c11d245308d41d0b4553171bfa9e39c10cad6d37c8a123b85823d733d4097,contactless_not_working
candidate,00eb686c708b669c35393d3b04e0d52c37a55ef4ba1d014be76c7fa7fd104149,country_support
candidate,03888b0a6731c51ebb488e626795229dd8f88b7b081d75363857857291aef254,country_support
candidate,0796c23ca80625763c1515247601e37e48390fe54e2e5654e1c019bfb0428230,country_support
candidate,090fb60c6860af33fd6338539901fafcfb5bac4309e45ecc81bc4f280fe0dd9b,country_support
candidate,0fb17e7629eb21d1fbc1df553116c282d317446a1ba910790d381efc0cd01d15,country_support
candidate,1982e251ab2e3c2448dd493e58181140a820d0bec7e66c99af0861d54610be8d,country_support
candidate,1ae717bc5f186379ea97afba0b71cae81cfa75b9d018ea20366e7a1654ad220a,country_support
candidate,1b29faab771b7436a7bedb76bd6a21a200fff81fe34d9c4b0328d461c3c6fc87,country_support
candidate,1c3297e42e81f16b33d5ebba91f3e1089c907854da52c0d9ebe7b78f48a5a425,country_support
candidate,1c60363f2531cda9625c6143de15b45ae98b2d446f4fc27d53592001affb0d90,country_support
candidate,1d597e495e34a004954d56f0afd23e5d92659e4350fdba1e759f068dffc11bdb,country_support
candidate,1efe544853c5465146b0cc50e3ba1ac046b3272e0fe0224c1ebc1d8397859115,country_support
candidate,1fc72718caa328c19077e66330fea3f458598bd1e432b90877d51ff56f31c639,country_support
candidate,205508453396b53c72cc3fc11725501ff131d859a759eefd294baf1e1f43949b,country_support
candidate,2193d377c7334a9236601d06a9b8e5b735958ee8feee7aeed2665beaaf88f649,country_support
candidate,221e489e945a6a7c017028a171aa6db5832fa79c89e2a6562856e367587612ab,country_support
candidate,23054bfa65adcb94d80f938c23bb3801eb87a92a409ec7c99b1cac8120a59284,country_support
candidate,238e8a23320d3655b4f2b83f499c83a0ccdb7995e975ddebfae6b2a4591de685,country_support
candidate,2445e25ba263a2133f7f8b16cfaa3077ec5464b8c463d4a3440ae635a7f4b5f6,country_support
candidate,26a5ac3545bbad24f157052392acdab52e923af438fae98be5f0d30c4be70b09,country_support
candidate,270c4d3ac802f84272bd1cb169b3b9443e75bb1fcefd4633c53b65fc44c5e1f8,country_support
candidate,27365c49999baf1ed2f49d6a6bca86bff0946c3b783721c350fed3ccc778e94c,country_support
candidate,27b7e99dd35f995548cab0fa8045977d5026fab30d918ada68a83c67bb62d701,country_support
candidate,2cd784bdf57316c18bbfa71761d6be3c885845c5ad46d63b246fc21331f0fd2d,country_support
candidate,2db7a14859674717b0460e26d8d62df1e14ff0d6d45ded7a616a6a60a88d6aa6,country_support
candidate,001d6a5bb5ef41dec133ee97530114c8e2df3f584d4982229bb50a770b6e3124,declined_card_payment
candidate,00fda9048358991e55f359ee7103d8594c84192ba52d1215db5a3e3973ea29da,declined_card_payment
candidate,047e98d554e68fd060ec19824e4693ceb007158c14aa8dc1d5d4f418346ee0de,declined_card_payment
candidate,04abf5b512f5b749a6a970f6c264188736a004b944ff187338160238ac3376bf,declined_card_payment
candidate,096f755a542cb4a7c15a8632c14c0ee3e1063c635fbdf8ed24b2adb3d6132fe5,declined_card_payment
candidate,09a9a8b86d2a5abdde1b119cace16f812b7246d5cdca28e84a2b57f689c5bdd8,declined_card_payment
candidate,09fd10abd9e64f044892111fd67ec70ebb3eac3fc64b1f4aeea300a00623847e,declined_card_payment
candidate,0d0ae7bd0c1151ff8cc99fd3b6f35fe13d99b35969ef7a2c6991df923adc137e,declined_card_payment
candidate,0d421c2953fc50f222580b0411044a57e9ad742d38246843965b1377b1cde4bd,reverted_card_payment?
candidate,0e97352825b06ccd592b4d3f5b81b2edc2670aa711db7ca5f4f582786eff3ec7,declined_card_payment
candidate,10f7f522369b47eb185f2e5e8822d666346d384cc8636c2f30050d6c70157997,declined_card_payment
candidate,15932742b22dcc20909f18fba36debb263e487b5a00b4302e24606de09a16c45,declined_card_payment
candidate,1679e730accf6a3a493602881f6342ae156dc68465db5d830179c6d92b03cd06,declined_transfer
candidate,1779e49cc5512b02024babd2f5cc282a4e453d0f7b904220cc88011ab81d90c1,declined_card_payment
candidate,19764a66b594189f60f8ac6210d6113d8bfb086ce155867d2733290570e6b8cf,declined_card_payment
candidate,1bb19efc6cdf08e15fd5f51d10c673796b1684482e13eecb6c69b981b64511cb,declined_card_payment
candidate,1cf4334fa1ba29f2f082813bc54e8e9ed83df511fd7676e3a4697aedc87c713c,declined_card_payment
candidate,1ea4324973d4cf23ee6c1fedc37b486e6d81ca57a4189a877a07c9156494e63a,card_not_working
candidate,2457c20e1833b522bb61aead054ad3def382cd9ad5ef558409a1eda7473b47c5,declined_card_payment
candidate,2abcc5d579d2703c7cc88fdaa423d112e5972ed001acea51629381cf94445b70,declined_card_payment
candidate,2bbf2667e56bc90a12985e285542a7af0035dbb96b3450fe85f31e2b7132a857,declined_card_payment
candidate,2d9f743ae4ee780594c3de0447ed23d1cabcab5811e89fbf37235f2991dae1b8,reverted_card_payment?
candidate,30869780f37cdee5b00d63b26a09d7c46a7313cae572939a983a9615075d531f,declined_card_payment
candidate,30ef977a46ffb9ed1304fbf5e7dbc2759104ed8da45d2396aa4325cf2b2d9d26,declined_card_payment
candidate,32766520c76b0183c13f1cba3e434b3ff1f043126680142853e87652c3067144,declined_card_payment
candidate,342a7954611dd29a822bbba9c8ab44881002c4efc5b18def908d4ab0ec8aac94,declined_card_payment
candidate,354259d915a0586a55d8ab651ec58314659edccf63a124e2a2a1d0f7e6d97175,declined_card_payment
candidate,368d462acc2d9a4696efd5763c7d000583066b7895e15bc4e9cc5173722b2bc7,declined_card_payment
candidate,36a8ae9ec124fa357f3b09f409fb4387fc7d3e544524a7bfa020fde1c8327c6b,declined_card_payment
candidate,37b4dcb3619b99cafb5db691fef1ebdc94218d3acb3f3d994284b3d309f687ee,declined_card_payment
candidate,006a90f85ff6519f38c1e19e866cca2c60a37882383b13856bed20a4fe299d2d,declined_cash_withdrawal
candidate,00927a51528797b1ed97af14844cb5158d855606f8a4c866f43c6d94f083dac2,pin_blocked
candidate,0634461951cbc76d2fcf6ab4b378705c16842d85a94238fcd5aafad31e11521a,declined_card_payment
candidate,086aa7898d65b0cf9ea1a9d2e7ebdffece6ab2efe1237e0ab034237d5e32a8b0,declined_cash_withdrawal
candidate,0abc1f8ab7e4bd7c8efebe86783dbab15c78a8795e355eeae91909d7f87a1c36,declined_cash_withdrawal
candidate,0af9a286e0ba57824cc6c619c68baae0c3f41d488dccaae42e54f01438593417,declined_cash_withdrawal
candidate,0bdfbe1f59e8c0f8e3cacf9e504e7fde9e75a3f5dc3ae810294a1a94e0756ecb,declined_cash_withdrawal
candidate,0fac823a5cb0baba7f83df525d3e8c7c13e5d3b94c1da624defe074436f43a2c,declined_cash_withdrawal
candidate,14765007e416b70975630c1acf7ec0b76552b83b1addcd9924aedcee9b43a5a8,declined_cash_withdrawal
candidate,14d038e5413050203b50ef177ae8f5fb73cbb624c8055ef5a23fe11c1809ed0c,declined_cash_withdrawal
candidate,196107f57ffd4e7ac50003e8898e5636cee91ba7f1d7d5058e7f2d16ff441fcb,declined_cash_withdrawal
candidate,1d4f2e6e981daf7de959c4d5f30a80bcf913939edb0fd2b42bb2597070e93e06,declined_cash_withdrawal
candidate,1d50156a3089cc3ef6091b8d9cc1c508cd71fd92502c1eec3a35ddf4c03e8903,declined_cash_withdrawal
candidate,1d8e2c98860ad9d183dca0b567a4a8c7984079518fff000dbc8ac59a26ffd1e2,declined_cash_withdrawal
candidate,1fa9433f7731b5bc51735f81b07d637168282daf32ab3c152805b381a92ee04e,declined_cash_withdrawal
candidate,225692c5fa4788d2080fb22de4d3617ad6f8bac52215ec0a0537748a5fc99c0d,declined_cash_withdrawal
candidate,22ee88acc760373cd67d5301ee4d809b7defa8423060651678149c3780b574a5,declined_cash_withdrawal
candidate,23d3c458241a881fe12cc94fad621165c44ebe20fa5141e384a9539bbf48b64b,declined_cash_withdrawal
candidate,25b30df743fcb8d88b5d1c218f4a16c2128a71472a76847bd8470cd11ea7e39a,declined_cash_withdrawal
candidate,26255d01e5c12c812c95dc2717630c4e8e720b1896c070280ffbe053c7818958,declined_card_payment
candidate,266b891c9e76a4b374089d5aeff215623b52d63405514aee4046f090a83c3f82,declined_cash_withdrawal
candidate,27018419a7f424eda008181005149d629fd52df74f8d4e76426de70bf6866170,declined_cash_withdrawal
candidate,2777ad27be97cc698720777ff103fa4d8d06c350842357e9408853357e095cb5,declined_cash_withdrawal
candidate,27dcc11ded395d2d3aa4a5dbf8dc2239c76795eddbbbfd3c6dd5dfc3b5a59608,declined_cash_withdrawal
candidate,2842cbf40d7bddad755e4327fc484314723eca10573df26c308a27c3660d2d29,declined_cash_withdrawal
candidate,2877d64454f4c783e45a30be764fb5fbdb2cfdc393d9a43c2b739bd0a72b4337,declined_cash_withdrawal
candidate,2b2213b806ea346da259add62381ad1a19b98313eeb34f6e293046b0182f9b56,declined_cash_withdrawal
candidate,2b4b3abbca6158c09169038deb5794479b204961e35cb34dbe423f8b31e7cbc4,declined_cash_withdrawal
candidate,2b8984b04750dca3ff0ab7d0c6ae27cd582d26142c99543dc53eaa1b51c72797,declined_cash_withdrawal
candidate,2d1ba1bb8884e29a8b4e44d965e0951a52a269eedca1796dbe46099e0df631d0,cancel_transfer
candidate,2d548706b4e32aa4123502e9ba9fa0a09c1ac47824af533e280a1bd6cae9c779,declined_cash_withdrawal
candidate,2e93677ef5d4b15393377478ead4f551256a9fdeaf8b6c834cb05959ac86735b,declined_cash_withdrawal
candidate,2ec98476c8fba122613d999104a8c0fa42cc7456eddfb42a8885f705e1c798ec,declined_cash_withdrawal
candidate,3077c1f442415a07075d0dc9a3519918b86d0b8d32fcd1a9a9c9284c2c11e3bc,declined_cash_withdrawal
candidate,001f36a310217ca9853f7d4bbcb50a3f20008ee23521742136c9c0aa1db60311,failed_transfer
candidate,01c02e8cce4be9aff75e0ca9acea77ab640ce86ab55c6bbc1d59cfd6a6ba605c,declined_cash_withdrawal
candidate,025309ba140ffcd9b3572e6b5ee77076f90192c168a5914e8e0d9e15636edfab,declined_transfer
candidate,046db65814ef550949d92d130e7020ca40fc0487580f2a0daf8648fe49f56bc9,declined_transfer
candidate,0881dce04f09f02370850bb10cb514a409185fce63e3babe176fdd5fe734a595,declined_transfer
candidate,0ae3feecdcffc8d3153c5aaf5403e26e89f1fe0fdeb7539d651c7a3c7b5ec405,declined_transfer
candidate,0ca8320a67eb2f2e408b4f60eb7a33e9c4bd50ecba32c3542335fd4da15005e1,declined_transfer
candidate,0dd01516ea0edf4673b5fb920e2957270375f414d4eda90e7a6013311047cdb7,failed_transfer
candidate,141a69a5d8e45e23656f5d3b2e29f0f6325c0a68d26df2d29c77e69879e5cf39,declined_transfer
candidate,14da8d9499d24d82d7e147bbc698a34b7025df728ae8b4259dd74bf58857d69a,declined_transfer
candidate,16141e7da0bb1ac21c77fa4719a12f28777144ee30d0d5ece1035c0864cd1787,declined_transfer
candidate,17995315af6e25937beb1f8d004b7d7398b0a573cd21435ed187c5ddccef6baa,declined_transfer
candidate,1799efad175fcc72856089d4dcc39d1d7dbbc4f81037f0f9e7d0025cf4dcabd4,declined_transfer
candidate,17da2472dd02e82204b6f1b6b67b805730b2057cca3fbccc39811b1632d55466,declined_transfer
candidate,18c3d65c659c568a55fed58319b3d52f10096d7f7fac5f08aac4a850d7d0fb46,declined_transfer
candidate,1b2766050856e2d55bc9327f3b1c90a99fd3065ff0aa2e8571808018ce1059e3,declined_transfer
candidate,1c99a93f20fdccb6d4b47719e5f9e181996fe15ae9e692d576f41fe97e89871f,declined_transfer
candidate,1e807319ce24610f28498c2a486179cbd01bd4555f8e1a61b7ad0d443e64048d,declined_transfer
candidate,1fb098990fe4ec1f27197fe34b8ff5fc3d64f9a48b5e95ae4101baadae4bd393,declined_transfer
candidate,2159f00e09088730e54d964c7a2daa554347431560827f512f0e8becac6b1f8b,declined_transfer
candidate,2164654e39888f359d61ea8a70b51a3505418bbda70929ca09c9e6689dd0d09f,declined_transfer
candidate,21dc88a26078b6e1fdb5837b035ec5b790e985c97f1a5ac655441e5898998d23,declined_transfer
candidate,237ffe6cbcab5d3b4449ba42cf331889594dcc5014e766bfa1af6beebeafe861,declined_transfer
candidate,24760e0acce4c05afc264f3e886fadcd5714622458a79e3f03d72c0f22d34bc6,declined_transfer
candidate,2677750854ccd706b5d0250d01893ab14ad1cf6a9c609bb4317b5156972966d9,top_up_failed
candidate,26c47adf73d8e84f185370921a78d1dfe2ea96eadfd7e87d9bac39b71a5af160,declined_transfer
candidate,00074184c022be4190989bdb45747308b6f23be45c6c12cf89a1e29c6dc4a145,direct_debit_payment_not_recognised
candidate,008b0c61099c38a0742140a530b622445e877de7e8309828ded558fa84145f13,direct_debit_payment_not_recognised
candidate,00c7e605aff04bce1850e40b2af6873bbfdbc5336418ad78d0f451441a21d4df,direct_debit_payment_not_recognised
candidate,01073ebd66831e71a9d7ded29e725c881190eb9e04c0b5bf5435d0e678889a13,direct_debit_payment_not_recognised
candidate,0241d6347e639f8d55b9369d1e6d325bcdc5e94695da8df4056d173098c87ac0,direct_debit_payment_not_recognised
candidate,02485eb6b16394f6b67e02f81f0759c7c474a818944280afbee60835860e4786,direct_debit_payment_not_recognised
candidate,0414c4038a4f49d089e12f08c5afbb77e6f035a223561bdd5c8cd5171cbef202,direct_debit_payment_not_recognised
candidate,049e289d1e1eeac31ee5f837a519d5b8d7e0230d99ed91f930b4d65c922a6100,direct_debit_payment_not_recognised
candidate,05be6c60550d70a654ad21bbbacfca438d95dc632057278bab62b260128a9a0e,direct_debit_payment_not_recognised
candidate,08d5a16f24509b635777bbf55e4c1a7528bcdc49ce04de31afbe2b88cbf1f509,card_payment_not_recognised
candidate,08e20dd90f348052251b7b556b5bdf9a1565f9c8be62776d3dca90ff7e78e6c4,direct_debit_payment_not_recognised
candidate,0a1bfe0957c37fa15a7bbedf9a41cf7c2ca9a7fc4a44336b36e2cd6560ff1280,direct_debit_payment_not_recognised
candidate,0a7a456058a75b97da5ede9718d69c02526fe9084e1fa54c64e6201f9e6688d2,direct_debit_payment_not_recognised
candidate,0b2230570daab66fa7381e3a5a12b7786cb1fb83054a9713ee831cd3e869c069,direct_debit_payment_not_recognised
candidate,0c001c64c2de46d026d79f17a9132ddd0a792f5cc9d52345178836d649815d26,direct_debit_payment_not_recognised
candidate,0ed93d42ead53225aa72252b37a67642effec9e765b46beafafeed400565d663,direct_debit_payment_not_recognised
candidate,1061e876514d28f84741060b2608d00d4e58c890215a76587e5b110f16e8ebcf,direct_debit_payment_not_recognised
candidate,10713eab0bac087c113018575099b550be1699df4b2a51153fc5a2970f9a9897,direct_debit_payment_not_recognised
candidate,13505c56603afc74cf09b0202cf65ae9df01c5f6e6ffb386dcbd7434c8cac595,direct_debit_payment_not_recognised
candidate,13e75cb4cab70f23493bf6a420125132f7a23c9d74dd66fdab5fcaee0ca6e855,direct_debit_payment_not_recognised
candidate,140ff1f5c937b0c42b76fa9c989f9be06daea79f462cf6f0c8ae048af99e1736,direct_debit_payment_not_recognised
candidate,14c305711e9113ec328eb91fd3baf11b7db3bc4ba5ff60f185658d593c08b69a,direct_debit_payment_not_recognised
candidate,1550ff620fe6d6a0b1a096ddc14f7b4b4cc25b1f8941347dada06ce66c6ed169,direct_debit_payment_not_recognised
candidate,167c865fb7a76f8d696f7e45517986e2098decde55f4367b31063ee71b663b79,direct_debit_payment_not_recognised
candidate,17bc1290c0dc44c9aab6c6c5da4064a07200125c8ab122267813b6f10ad28965,direct_debit_payment_not_recognised
candidate,20a8f5f2e8371bd24ce7eb5a571a672e798375c724d649322dd501fbd0d853e0,top_up_limits
candidate,2127263a80161f69981fc83350b886a8518b01a0591e51a1b1c350bfd43796f0,direct_debit_payment_not_recognised
candidate,213107b6b039c70a60dbc599f73009f99b37dc0bdbc2f072b284ffa74c49e155,direct_debit_payment_not_recognised
candidate,225939eb3b387260d597ed6fa2798389785bd50a91c0ce2f1b2a052a54f1f36c,direct_debit_payment_not_recognised
candidate,2685c5675c9a14b95d2a200b0b685a6798f78dfaa12b568f016b5e93057bdbde,direct_debit_payment_not_recognised
candidate,283508694ab9acc32c2b6336d9ca4e216d447a1ce730a85a6051895a2546ecbc,direct_debit_payment_not_recognised
candidate,2ba24736bd6476feaa956bf5101a7a025b374dc57bccf794aa37f3f5227a9636,direct_debit_payment_not_recognised
candidate,2c72a65eccf4c63796451641c953587554788a64a00ead3ac0c873ddef6b4f2a,direct_debit_payment_not_recognised
candidate,2e0585af992d8c2001933d80c4b01f8a7ab32ff5f19ca2f294216a31738d730a,direct_debit_payment_not_recognised
candidate,3416a7f53ba919c8e94fe4b5230520cbfb32ad11c5e912267479ac59f41523ba,direct_debit_payment_not_recognised
candidate,34be50cb7ea57c2fc5c34452cd17db59351bfb0892961a8d528c3a13d841da22,direct_debit_payment_not_recognised
candidate,00c94cbdb28baa442d04297c09a161b110608ee22f9223c407e31a808f2e1931,disposable_card_limits
candidate,02810a2d081e23370b86c6ef01ceee7f1ac1ab01ec3612b3830e892e77a78dd2,disposable_card_limits
candidate,0361d791fb816918b06bb5fee812d59591965bc7db8ae594e29d77616fa4bbbb,disposable_card_limits
candidate,0744a512c5ae64823a6d635746dad113336525f0c5ad92e9c7cf2bee8bda4ef8,disposable_card_limits
candidate,0786434d92d71bbad683cdf1a02b13909d08c119aed46d0ca28b647f0987e6e4,disposable_card_limits
candidate,078c64d7252872ec440aa9a658851a3dea6364c7a43cb2af2b40649e37182e00,disposable_card_limits
candidate,081228702bb331ef959a61a9fac776748ef4428f33643638b6b6e401323cbf29,disposable_card_limits
candidate,0851deb55fd575a792b0fb6a5f961103960767ce7588af96976ecbc47bc40d5f,get_disposable_virtual_card
candidate,09e2e40aa3feec5ab369db7ca43b03b2495755d550d92ac07b352917d5663981,getting_virtual_card
candidate,0b0f2c6f530859d99f7a77d8611f90a068df77f60c97c5b14e3da9e481f6460d,disposable_card_limits
candidate,0b9acead43818f0b99490dded6aa40983600f1816b2e9c25f8e7185769d71af3,disposable_card_limits
candidate,105e6c746a2d879979bd4e1e73d365988d32ff527e23eb7851043c173e6ad983,disposable_card_limits
candidate,12044a6e5adf8ee570194561d697eb423ee9f6aa3e305444517d042deae14863,disposable_card_limits
candidate,13d03b1deba5f7749ca3c147a7415515a906938132c1996e51197b057b2c64a6,disposable_card_limits
candidate,19460b061e97a00d6cd00a7904b1acd17773835a786f594dfa584ced4e3e56fc,disposable_card_limits
candidate,19c5cf0eab95d8c2f7850d3ebe0ae0f3fe00e762d2ccbea3bb4819774d2a56b3,disposable_card_limits
candidate,19d8914260219a06571bbaffd5fae69fcca0136fe1cb551aba748a8cbf29a6fd,disposable_card_limits
candidate,1a40a3beab4618f571eb58d8169eebe38aec0185b458c0b4ad1e6b23a1ce7e32,disposable_card_limits
candidate,1a92493346a9ef524703f607b76d4d089c47cfcfd959b59f27cde9200bc40f44,disposable_card_limits
candidate,1bd22837b503da10b03b2922e4141cf898544c44f931dcfa0c01dac3371aa797,disposable_card_limits
candidate,1c4bfa18f49fe79e25858d36891738d620f1e8877fa7c368a99b9215fe52b915,disposable_card_limits
candidate,2503242906a738d44c31b4e43505687c00488109b82aa5a4e9547bf924a2d3f9,disposable_card_limits
candidate,25a9f2e3e0b195b64bcf0842403c5b8bff6ce5bf612f34477699528eb585f71e,getting_virtual_card
candidate,265d9924ef33121d487ac17e5a0c4a0c20ca4df1e4eeb6208ca6cd6aad121fe4,disposable_card_limits
candidate,0124875bce30e5c7295363664765da1834dc9081a9a26f9f26963717c408ac82,edit_personal_details
candidate,0201ba5bc3e6829d51915feb4b8bc7a8c4d04271eb4b4a73163f2149a954274c,edit_personal_details
candidate,08a818dc2965fe7e07aaccfc0aa27d3fbf0c5dd7824a5390cc06531d88d8407f,edit_personal_details
candidate,0b668892b843c3b4cfcf6d06275e82cd9f120b5b0d71ca688c961cc487fb5cd7,edit_personal_details
candidate,15a2316cc0bee082f2e506799bcb4d6e18f0cdb51b263cebf4259c73e1c663de,edit_personal_details
candidate,1606cc8c5931b0555bb29cb658e80ac47f641d58d87e318d14401f29c228b9b8,edit_personal_details
candidate,16f8353c6cae86961f14479a76e9f93b6f3d6c95466313f1a41b42ef92a70552,edit_personal_details
candidate,17098d3ce94e98ebded8bc4f40db4051e1ee9c028553da256e9a960f28befc8c,edit_personal_details
candidate,17fe8993a1f19db892776806bf435940c122774f264d6c6420c0a2258a36f085,edit_personal_details
candidate,180f403f3596653691e69317578a61f120649989c88f1b290c56d96ee706721d,edit_personal_details
candidate,1a7298d9bd6a5b601ce79f90c92314d650c018714fee4c9685a891055aa8cfe1,edit_personal_details
candidate,1c6bbe936101d6e5c82f9eb80f91bf0afa20146191d6dcc004240f41994f1f1d,edit_personal_details
candidate,1ce96412f6514d88fc58281665d1dbc1a6bd4a52c19a677f6540f066d346e622,edit_personal_details
candidate,1f3d0ad63bee9e2a1a254da5e94a362fc8c36d772f2b9d40b4270aef178ef6d3,edit_personal_details
candidate,217d6400f6a5ec169276db0e8255b99ec61cdfa881438e54270d2f1907af3f0f,edit_personal_details
candidate,28bfde7c9eac98e68318522a6fda4dbf567174750385c24376a0ae2d656c18c2,edit_personal_details
candidate,2957e48f3b01204fc917afe76936b5e8a485adf7d690134a3c2e73657c449588,edit_personal_details
candidate,29bd6a06f3af820b965025ab9e1bea475fa46e168ae7f7f662670fad9b12eea7,edit_personal_details
candidate,2a5110b714b2a0add4ba617b0232935ebf6d1dab522431951d4466d74f0d3a88,edit_personal_details
candidate,2da3651d25e14952bd44c276a8c5db431ebe95c8aaa8afac279c0764925abeca,edit_personal_details
candidate,2e20c4ba0119fa4b079d2980205bf66c98003f20feef0ce9f1e23b0741079be8,edit_personal_details
candidate,3066bf99b8ec683052901caf841f74d1bf89b3392ab02768b75cee3e2934cfe9,edit_personal_details
candidate,32979cdfa028bc9978eda8f56869391b874da34740d4abd3ddf768f69ddacaeb,edit_personal_details
candidate,364b9bf8187e67fe95f4e2c2d26fab3811b715c4800f89a7440dd47d971e3aee,edit_personal_details
candidate,01b5f89f1a915f42e829033562c59634d5c449d6ad0fffac4121dca88a081a3c,exchange_charge
candidate,031d3060e377d6465034147c08945d1317ddb2b455d99960491bb8830ddc9921,exchange_charge
candidate,04e93f92b69dd79c198ce91dc99be79198aa554d453de998d5ad25e53a99b361,exchange_charge
candidate,081f92a5eb08fca8ee00ccd7b9a53f44d50e34f97de82366db4d5601c0ce2b6b,exchange_charge
candidate,0b564c0705c2c0ce387a93d2fabf08ec7869d2b54c87ef226a3b4b088dc96b6d,exchange_charge
candidate,0e7b6f56aee67d565e46c7555f823d1de4c4d0f68b5ac09032107da47e916fef,exchange_charge
candidate,0ec76873825b15d81463238e14823be2c3f397d5576fb8ca28c8d3d2263ba390,exchange_charge
candidate,0ef38b99fd8dfbaf124e718ea0472b96ff8a61f96a928ae5a5ad002be466c82f,exchange_charge
candidate,0fa2d6a823585bac3ba45eeb51d0bbba11ca967421fd0d904c6691859d699ee0,exchange_charge
candidate,10f44e65d1647c89e6af1a916e3998eab815f9945d1c5c3444daaabc93d8bd1f,exchange_charge
candidate,12d04414356cd6d19933bfa7acbbd8b30318a79b64dc25f466ea1f8a4235db36,exchange_charge
candidate,14e0d01a44ae8918caf5e003d0101f29bb269eb88a1aa46b217610b4bd4d418a,exchange_charge
candidate,164af6d0980c2f68be3fba2b6c5374ee7d3111b820b1ad258840718283498cd4,exchange_charge
candidate,1728243c37b309a4881cf55e9529e09ec2eae81a4b165b3734701c176c3918ea,exchange_charge
candidate,18fdb80b1f437c1d81f16df545320c2d9b1c1f12655d250c387adab823712bf5,exchange_charge
candidate,1ba48621394c2f727db435b60397f44e3746b03994629e24bd584168e9bbbdc2,exchange_charge
candidate,1d1ca3e0d96fcc10ff5212b474d71dcbef07d5f509cd191705c246fe4eda34aa,exchange_charge
candidate,1df273609cce818550b0560cec2a09735d9465c53a833b28f4178a5796743a67,exchange_charge
candidate,1e7d262898601085fdf0fc0faa6e6b82beb61e814aa0438b511548940d9721f2,wrong_exchange_rate_for_cash_withdrawal
candidate,21adbc321dd6ffb4b2d8a0a4afccef9d1b4c641831f9de5faef6f924fc01edeb,exchange_charge
candidate,26391d0a1ff41f2bc9db5eafeea2298e4ae9ef632c652c66b57dbd778ed57720,exchange_charge
candidate,2d08f6d0582bc7b88fe43405407391616398eacc4b49a6a4dfd49421cfbd842c,exchange_charge
candidate,2fa99b53723527e293d3ae44b68ef8a0f6a3e2578f25be3b6fd98c34014954ef,exchange_charge
candidate,3318c9a2c6a891accfe55eb3dfa5c3f0951c80a29edf551d330521253bdfcdfc,exchange_charge
candidate,0756d34d2af91f400f936e7c7788c552f7b42192b18e064e3c6a4efbedbbb4f2,exchange_rate
candidate,07fdca46566d593e1edcc84cd45680f049b51c65feed914ad612020385919ae9,exchange_rate
candidate,096d099d9a2f73a000ef9baeb3608e3d6490097e7a6980f28901710a771ba65c,exchange_rate
candidate,0b4f354f83d93f1825695af6c2f5a06f229e75fe87a28338585742e315209049,exchange_rate
candidate,0ccdb07efe1c26c8191126a0b92c5b1962daf1a88a71d59a5b7b6efb64f52ffc,exchange_rate
candidate,0ee4e19446227159367bf280d5d34f5b9a6e0717b16eb107a1aeaccc98a431a3,country_support
candidate,12248496ac65144d28f70f8ebeb291443083b5ea6ee9171045451e2a308eef70,exchange_rate
candidate,128c91696e6b89948a2bce374dabf7fc5fe6f41f49b331c4780596bca77ac55c,exchange_rate
candidate,179f53e37ed21a95a923300426fd7877bed4d5b6e8298de9fa6acd346bd6432b,exchange_rate
candidate,1919077a418e35437adab3f8b57cc43b066bd7c3270e34737ac0ce1d6e45ed2b,exchange_rate
candidate,19309ce79ab8881cf49f77db0e6a9f2ca4ea5e573b89bc23c66ed95ef5d2968d,exchange_rate
candidate,197be07eb71cb0266d5a773dde2c75a39f8e7161a0ee3255ccc38981869a0909,exchange_rate
candidate,1e875a24dbf11837adc7ca939e35b18ed357698293e6f5ccbe4ee3ea0086f78a,exchange_rate
candidate,2371a93d1453420281f3a6d9d52d74303341951abe21f2f0bc75c880bf16613e,exchange_rate
candidate,24b496d37d764756130d5f2aff4ea616f441d6b17f9b84f0f0707f4240b1cbfa,exchange_rate
candidate,2592b892a9e78ec70412371bcf209ab4dede9efa1b5309efc6e3c95ca3667062,exchange_rate
candidate,26d5d0d1ce6bbf824a234ada79834205ce37cef352b3961886fca2e204190448,exchange_rate
candidate,2a3e0801664e31b7cab2eaa28fe6a7b79b71415e55fb16a86f1b3b51a00d94d8,exchange_rate
candidate,2af10001ede03590084aeec0eeb31f2116ac6cdd7e5f35b5f42c622a7706acaa,exchange_rate
candidate,2cee5326c0836394659b584e018d4d45abc19701ef854d2300a961cc418eb924,exchange_rate
candidate,32c65b3c58817beaf56c624889d567ed261ebaa7df0b4c8602bd6ca64a89a433,exchange_rate
candidate,336f4aaacd242113fa7173ff8a16f538e2f9284ca4a806a32cf78a900e195dd8,exchange_rate
candidate,0138605459f8c2e4fefdeb59a947c847cb3d0915b10fcc0ef270f4f5ef27dd37,exchange_via_app
candidate,013873903b590b12bda0e91f6f5973a2380d9a8b528e720f9a8720e57a1c5834,exchange_via_app
candidate,025ae06113fe61d06c47a3e3ce8ad171fcc569342394374aaebd4c9482fd374b,exchange_via_app
candidate,061758fa4ddb529f69b38aeac2e7f2c49ce0775a5c2bdcfaf1a7977402808df6,fiat_currency_support
candidate,06d41b4480a736abfd3a6ba0025257029cedab4230fc37a8edb007374b7fd480,exchange_via_app
candidate,06e23881cdf6f82acf619ec8cf89b3820fdd46f8d73074d4f161349652531a9a,exchange_via_app
candidate,09866a5174e73498503f3537951b3f380ade023c425bef02e8c47c9519316327,exchange_via_app
candidate,0997a2ae7fe1958a7053f86a7b17e70b62700586aad69f4e0fbc147b4713d0a9,exchange_via_app
candidate,0c0d1039ffa75bcbf23f8c31314692f07150f0c848f6feed1ea93fa075e7be0c,exchange_via_app
candidate,0cc0bafad1c63ec41fe826c3c491e6e0db162a6c42479cd49dfef03201b117ab,exchange_via_app
candidate,0d00df64e2d56ca5a8b23cd09048788cbfe86ad7b2b037fcc5885ad8bf3b6329,exchange_via_app
candidate,0dbf3aab2547a5ab1da52de95270f4e8fb9f80e98fba303b1dc477ee02aca5e7,exchange_via_app
candidate,1032a42c8da9f5b371655f852f3d5dd2310d06c14c0b1ee3fb4229e5990b1336,exchange_via_app
candidate,109aae09bd2773b1d1e1cd49fd92086a8e40f47000d7a763f908e5d34b6c7a2f,transfer_not_received_by_recipient
candidate,1196b8040c898d6ee62b93869c63f3c8441a1d5644dccaad3951128c5acbb0e2,exchange_charge
candidate,125548fc98ef960dcae332e377fb4fc062c887b3b0b475400b03d34ca6cb9148,exchange_via_app
candidate,1336bba165cd3e3e1ba6734a5ee4df72a7d7c2b281c90fbe3d335f4d3ee10eef,exchange_via_app
candidate,14cab713ebb11532f46c9f35160bee31d176c38b685b500893917e08a19f8c1b,exchange_via_app
candidate,1c037958aca6e0374f132b150973a8ae4a276ba376c4c0c22979f3f0771180c7,exchange_via_app
candidate,1c40eb7bcf5a38d987b74b950b3e0b9d1065133f48076ce4ad7a91a7895c8377,fiat_currency_support
candidate,2071758545e351ff87c35ac106feb1c770957f5ef22fbdd88f8d0d1f9ae396b4,exchange_via_app
candidate,2144fd4248b507e26588517a7d390affa11a6cde9d5063aab69e1c8a39d6ba98,exchange_via_app
candidate,2170bb6a7f1074317f5c928c9f317837884597fb62af05532548e4a86160ef58,exchange_via_app
candidate,00b2cdd1b72418c6a2a18c5881d36758c084924cb2ea305ab80798fc2b4e458d,extra_charge_on_statement
candidate,0106e7273a24942bd8b3a3db7329c35ce3d7710317144ca048bf270d779a54f5,extra_charge_on_statement
candidate,026fcc50057ce2c620dc248e9d9779f8a088a50fa27e82d0faa248d1ea163718,extra_charge_on_statement
candidate,02a0832fd412497e11e9d8f7873514595b2e690054440154cb967c7b57cd70d7,extra_charge_on_statement
candidate,034a5391f0bf18ea772db4bf72c89b4324f9e4743aa7917aaa54ce24738084fc,extra_charge_on_statement
candidate,03e17d42664026e384355d71f36b68473c9ab67aa9c88584d895b03480e245e8,extra_charge_on_statement
candidate,0545695ed0b4633d242df411273844754c27a6685a5941aa64107d6cc8508e7a,extra_charge_on_statement
candidate,05d55048f67b8bf0e89496b770480ab4f127aa126c6b5b00232a807663ee8696,extra_charge_on_statement
candidate,0632da5465bf05870fa96e731981c2da52e3c04c725cba8780988a79ca40d5e2,extra_charge_on_statement
candidate,08733bc77be955bccf3b22a82c82eeb6f15eca612385b07c2362235dd0c49926,extra_charge_on_statement
candidate,08dfdd432e79eeb78f20a205cbaaf4228d4f72a5a8e7d519b62eae8a25f43af0,extra_charge_on_statement
candidate,097ed585cae60489ba1166a363758e8c58dad59d7e07a4a8106de521f7400f7f,extra_charge_on_statement
candidate,09de4df74b7fa850a9b10f69eb053da10df3b6c3748a1fd512c055ab4c482087,extra_charge_on_statement
candidate,0cbec4d2e25c2b95466afb5390f95b96fb14676e7276bbab6d472f416e94bcdf,extra_charge_on_statement
candidate,0d628d4d3935f058cacaa95391d241a0f6a34baec822af01a7df17e6b5cb1b7d,extra_charge_on_statement
candidate,0f781a72d32f1406f40af01746cc446a546809ee1dc1373417387e2dfe08c251,extra_charge_on_statement
candidate,151c245bc269b24b84f27e9c6197d19b6c75167c45c841c71e99dbe3e76ff755,extra_charge_on_statement
candidate,1964b163a6773cfb2431fe0be23f324f910407d0166e4d1328c5395f3ada5825,extra_charge_on_statement
candidate,19a885ea37b88845174cb30c03e5a1999cf69f35ce6a1c2468be05bb3af8fe76,extra_charge_on_statement
candidate,1a811c95b8075a524e1f23e574a0fdbc377d9db3e4834b9047c785c8cdadd000,extra_charge_on_statement
candidate,1b147139939d63f91939be676319fa19038fa4e6906b039960474731ab68a79e,extra_charge_on_statement
candidate,1e178dd72a747e25dd58867eae220221614959f6e6e7e3b61ebfd808f6706fae,extra_charge_on_statement
candidate,1e215188aa3cfd9fcec30c9b873cc515bad7537475cebadd6dec9e2741c075a8,extra_charge_on_statement
candidate,20175f4c0859c8b6021e3a76fdc54cf3691687aee7bb27e65244a268900c5fe9,direct_debit_payment_not_recognised
candidate,21ba71813b904b9c3d369ab1e0f1433f39c802cebcefd174718651b3a27920da,direct_debit_payment_not_recognised
candidate,223839de568e486e63cf48718710dbb74b2ba394e7d4b8df29d12074acde77a1,extra_charge_on_statement
candidate,2298260b4117879767c612331ef6df1f1a63cbae50a6a8d97665a2bd3581b167,extra_charge_on_statement
candidate,24086dff64c30fae6d55b665e6a6edeaedb4214becd12977636a38e566b10b8c,extra_charge_on_statement
candidate,2586d1c5e2a7e6ff6c255cc41a627942b6b38a26ef9cada6a390d62eb51e4a30,extra_charge_on_statement
candidate,27453bd8df99214733767c4e561b66d54a20cc6e0030dc30fe2dd31af612106b,extra_charge_on_statement
candidate,274f29c49bcb73d3b1305f1966e6302dc1e5df0d499b49ac791c52d0c19acf3b,extra_charge_on_statement
candidate,28a9883c1651fa108440b8dc5fb12d9beb91fa7f40fe0915c6aec64719d3ba46,extra_charge_on_statement
candidate,28f5ce5030da5da8817ee72742923eefd336a8b04335a3987fa4e6c998d4e269,extra_charge_on_statement
candidate,00664f5e40e13088df2fc8b17af36c4f5c115d6c94b024b4355310445180ab10,failed_transfer
candidate,030c73ebf1810e4380cb00da326b710688977e2f0768c8704f93cd2d6e67e87c,failed_transfer
candidate,03331d57a25849a0ea56af39fd9b2bba0027797c16788331ac939cb49cbf5c40,failed_transfer
candidate,03540f5a0720ce1e0a1ac591124c738e8de4f3bef59aab20fd9a161573239c85,failed_transfer
candidate,059f3cd44bef4d8bddccb395898444a576b32ec6edc834cb569fa1ce0900c32c,failed_transfer
candidate,0b6a0a0a2a3ebd98fa80d8f5729b6fd59ae6154d8d2e2182c8d0547e865ccd7c,failed_transfer
candidate,0ea78a526dbf872645bef3051d8280523ddf6755a0e1eafc89d96b5803adc093,failed_transfer
candidate,0ed72e1f2f3761ce4ff5b40374c3da6af1bbb7dae208c3d825938e776ae8481b,failed_transfer
candidate,0edd96729e763b55e2b28c9889bce4a21ac979bbfb0ed71ded5befa4a0daa0e6,failed_transfer
candidate,0f049bdd09c3d2dca14576954b018908397ebe89e6e8073d7fd08975e754aca7,failed_transfer
candidate,0f3896c0f099bcebafba37fc3770bfc831063c066ad857a4f3f1d9c2bd36d8a7,failed_transfer
candidate,1230b8c6a922fd5e6dc3cd8acdca599597a996182d3c17b3b5b3a6ae84118ede,failed_transfer
candidate,160d45ab7e8d580ca88b2b648a1a03fa8db10c248120bbf214024fcab81b42e5,failed_transfer
candidate,1b279eefa3f8993215c027ecea1fb4ef9571ab6fbda90b52beaa098b5b579631,transfer_into_account
candidate,1b8094acdc50be75a91c5218a7c9e65d8418b92e81116cf9546f86405313d1ab,failed_transfer
candidate,1cfd8e97a6561d5c782fcf278fb66b01c0a86230f0aab32f6b6e5a238dcc9d8b,failed_transfer
candidate,1e7f06c21ee2a859d9fe0a426abe18bfb78eb237ba2b3ac84f8510bb495ac28c,failed_transfer
candidate,1fd88bd850f36ee89a3613642ebff06a4be89c281431bad640d8378f4a13825f,transfer_not_received_by_recipient
candidate,21e17c5ba156dce6a7d4c69ca02d90d63bc15eb202121986684ec7231ae6f2be,failed_transfer
candidate,21f228f1650e331344bac904540bb11506c3d83973e157012cdbcc5a81d31c12,failed_transfer
candidate,22192d8fc5cb51f910aec039ad2bbdab98b7ba765ddef997bea9ce7ffcbdc021,failed_transfer
candidate,22d890ca00d321df1637723924cfeef8c3c4e5dc3f7e6092852d154c7b0086bc,failed_transfer
candidate,233f284f05abe174d949d4bf83dfee023b260b35dc3622ae323d48a97df68908,failed_transfer
candidate,2464dd79f1d4278fd5b3adaa8f30209fc40e46dad974e03e1d0bff0fd4865d31,failed_transfer
candidate,251a22671b5c8a09f98be210744d590f5d9e35faf46eef2fee3b8dde845452b4,failed_transfer
candidate,2a20851ad6408b8241d9ecd933aa35e56741ed93a4c4270d381de64732cce868,failed_transfer
candidate,2ebd97153db409650205c41d75c0ce201ec83e3dbb9cd3311a51ace33880d63a,failed_transfer
candidate,0196ce63d3acd5cfa94508f5a504c107dfe5cf3b58788a75cb5dd730e1bf4d3c,fiat_currency_support
candidate,03e8f48ba21426c7bf02f29e1474f481f0238fcc882206b7a900f1aa67e4d3f7,fiat_currency_support
candidate,08e6e8b9957633e4513c3ca2bbcab212b28656eba2e71993ce8531ebfac51647,fiat_currency_support
candidate,0c06e2f47e315f5f5a3361d660fc1f32a1b5df7c334b472f1771f7e9d6e36404,fiat_currency_support
candidate,0fb0882f689e0bde58347aae26a8ef345d035cedf710212863c387715371c4a3,fiat_currency_support
candidate,134437fac61b6251af02ea04c9a679d2bb27d9297c57b17a7ae2514ae735fdef,fiat_currency_support
candidate,149f0885512a8a8479eeece256ce487a7fb7fecf9eebc36ca78909177b81699b,fiat_currency_support
candidate,1616d47ac5eb535bd645f1dc3e526a0be6dfb93f9bd91ec26b053547efa602c9,fiat_currency_support
candidate,168da9857da3ec091f2ea8f5efef4dac7406bb33e76db6c13cd545dc945bea81,fiat_currency_support
candidate,1a142b78e6a8f7b48abb03f8741e0adf4e9a2c97fcf4537f1502af985182b7fe,fiat_currency_support
candidate,1fde3df7f133e11e0c752932da554b8fa87f53bcb1f7811160576aaacee24174,fiat_currency_support
candidate,20002011588fb930f32b99e7a5ae06075e31fe33495c5ac2fc4cabb0fba17cec,fiat_currency_support
candidate,20c0c8e97419080281b71ff288e5ca4411aa079aa9f0f8d56e65e0b6ec89bea0,exchange_via_app
candidate,20f8014432a5f74034aee322512ff65a54455671876849d8de7837d688cdc9bc,fiat_currency_support
candidate,216b4669951399df91e43946a2a04b7883263e4edf114717fd73fb8abc6e0ff4,fiat_currency_support
candidate,21a64fde88d26d4a283b128fe0475f261b5fbf12bf5bdaa905a0b2ede07a8f4d,fiat_currency_support
candidate,22c2a04c7e57b1dd755fa5a80dfeaa001ebdc519858cbbba72c6a34104c29d0a,fiat_currency_support
candidate,22e8724ef5917fc6b63b9e49b1b582334a72f97bed1eea96eeb955e224dcfa34,fiat_currency_support
candidate,2362baf964733c884821682d80ac5710d9254286cf0a32bd8bf105f04328e5c2,fiat_currency_support
candidate,2743372110170bcf2262eff28a65ed2c13bb648c943eb81a8378e5edcc4fee21,fiat_currency_support
candidate,2c7845ea87bf32d7d88d2faa66186338149585146a82bb35da0d012965482092,fiat_currency_support
candidate,2ede6f6b6d8b8ca266ca2866f04ea194274d2a91a627e949c112d6a9ba90e3b5,exchange_charge
candidate,2fd12acc1470bc491d14c15f19ac2a6314033dc15fb1b57725ffa8d31c457d66,fiat_currency_support
candidate,307ce9af8996fff6429f0f7a70b71370b300bfb7a3dc11b5bf2709c49139d4b7,fiat_currency_support
candidate,3298e35d0eb84a6ab04781233e4704214ab6cff21a96b918ce697973061bb21c,exchange_via_app
candidate,01254535a5a1821587ff1722ba69f29ea7a068328fac13c2a5e0b3bff2783d89,get_disposable_virtual_card
candidate,02c8d0a923fa7eb0bf83cd59f3496d55aab1603d87e150951c98625d2eb631a3,get_disposable_virtual_card
candidate,02d109f2a74ff8677d3554fb9e2b162b7cb8a40a34157bd2e75354cd16f0578e,order_physical_card
candidate,0681f01d828c2bbaa1abe411421680a2c9111517b175a90f0c1cd2d442acc639,get_disposable_virtual_card
candidate,0a7c5cd92166170478529c805d381a12aa99ca07427f8b6d927851b20064a6c4,get_disposable_virtual_card
candidate,0cabac0a4397353059299105be215f23d26be92f6671df4bdb2cbfa833f7009a,get_disposable_virtual_card
candidate,103f39a42ed0f5eaa7c1857679db2b3c5aa9cfdaa68dbe049923a0b8ed45b7ac,get_disposable_virtual_card
candidate,104f92f733263dec4f607edfb5cad68eace428068f11d9c09b2bb491b8d07e99,get_disposable_virtual_card
candidate,11a86ad781bffb7253718ca530c2d258d98738824996b88c9fb1fba513aa3d91,get_disposable_virtual_card
candidate,15d13d41f30bc1f5742076f0e47ac6eb8c39860bbee6e653c500ff4c28a2d150,card_payment_fee_charged
candidate,17a12dae64111137045626074cb5bd16c5da38d42cd29b04b796a258351b9f8c,get_disposable_virtual_card
candidate,18b527b24705df79b43455b1812198f7dc06572a19ea506f126461bd5e6a6712,get_disposable_virtual_card
candidate,1e89e082077658751a395a12b4f746644922e6a877a0cd99fef2775fbaf62519,get_disposable_virtual_card
candidate,1f23dd321f477a4ebbb51f047eb6033dec4f648386cd3cc4939291d1fb2cb63f,get_disposable_virtual_card
candidate,2662c1dad160c85d1c6a97cee3ad89d9a6ada3fb250da6ea2f93262990a86cf9,disposable_card_limits
candidate,271f8c6117cc61996772bcfe4516cdfb821556532940bba10547370ed35f57b5,get_disposable_virtual_card
candidate,277d31ad296a6d43bda9331dc978e701f8e45256d2b575afc3cdf5fea42c3b9b,get_disposable_virtual_card
candidate,286b2d2a13f486a1f414aa1e65dd2f31c0d0bc364391ccb579754bb4544a8ddb,get_disposable_virtual_card
candidate,29f594ed4d8ef5e8c7c706fd666f9a84d4b1f08131a6bad92a09b906a8f14e31,getting_spare_card
candidate,018af3213448602222809956237c2a6b226caaa89dc05588e916eab7cefe7c88,get_physical_card
candidate,01ed11b021b3a6fe8439569639dfad4b63aed707326b1ab9b1369860ec75ca52,get_physical_card
candidate,037f4d41d9beb34c726445c749c4ff81bbcd0c1fd54d685c8af665c52d9d28a4,get_physical_card
candidate,04bdaaba28142334495ee627aba9fcd05a12f3cd6635bc8d27d8d6dd2c0e622e,get_physical_card
candidate,04be4410ba4406995d0fecd131a1a87895202110455a28b065b1c28e92429d27,card_arrival
candidate,0974d4bd25e236ccf5d81df18f11fd1cad3b2f4a1cf0ab86a4094b00c5cdb0eb,get_physical_card
candidate,0adeece1233b686847fe4022bd4c5f3f0ecdc94c6dc846508f139e059d61562c,get_physical_card
candidate,11a3e203cbc00831af50e7d8cfa6f03e1f7d6b6a67c86992cbe8839a2392608a,get_physical_card
candidate,1994191ea3d0e10631d5b4795ff1544f95b87941e2fb1384be9cb8f7a08ca877,get_physical_card
candidate,1f2b230f1abcfe8295153998de08ff09afe91606cc4adad600aaa053b62fcbed,get_physical_card
candidate,24ef6842c60535eb1a2cc75f3f1987cb1a8f0e9f82766127080da3b0939fffa8,get_physical_card
candidate,24f249e37b12a7587fc2ae9a9accf57b0ef0c3179c3fc5ddd58acf0db22a7a64,get_physical_card
candidate,24fa84aa6975ab35b3e9fea82107750acf15a42e1998b1a5cd248692ab6de95e,get_physical_card
candidate,27d2940ff36fac7907cae56d7da9b1dce6e9647752912fee2e2f4657fc7ad36d,get_physical_card
candidate,295bea2657b4b8caf2458ebeeea8693451245977f2437b987043d7eaeccfad2d,pin_blocked
candidate,2b44e5e14b2351bb7770506e5903866be6ea7984a82aeab1048b050f8cf480ed,get_physical_card
candidate,2d640cec766329a9fe9e20ebc0bfdb1d0557ca6af92053bc31a498f266386aca,get_physical_card
candidate,2d7516bd8a135087c83053df81c6932d1bbda1c0c4e4bc3e2166a76cfcb1b0b6,get_physical_card
candidate,2e58e34cbc866558a83777f2b4a532e56bd39606dd1c3840a7be0c7696fb5d24,get_physical_card
candidate,2f4b3b21e600123e3975c8c8d757f24d6932a781c9662d88df5efcdf93efa8f2,get_physical_card
candidate,2f5eae1e01897747c380e8ffac2c7eb4151ce8d95d731d58967ad0268c265819,get_physical_card
candidate,06483d833714a3dac5f3249d1e2aa004a73f57a9275e8b4fe6f90c7c146765aa,getting_spare_card
candidate,06a0eb87af78fcc22e0cd71adf2272d59a3d9d5e0c1fbf4f9ae8c1e1b5d19341,getting_spare_card
candidate,07a6beda53c901edbd1589bd223ac555d1b6da6254e3c0fba831fe8e018248c3,getting_spare_card
candidate,0d0a4a10273d6811535d5c8147758ce4a1b6701f4026adf3d4ca7e6d6e090b80,getting_spare_card
candidate,0e03d5e168b58685f1f7996b1b848a7b3bb5ce072983ee9092e1954056b4fc7f,getting_spare_card
candidate,16560c4c780b40639552be08f89347dda4c081cdae518ecb81f987a83ef8b49a,getting_spare_card
candidate,18fd1ea33706296097cfaa1f3505eb489c8c05ef5c44d947175e8c6ba6b0bbd0,getting_spare_card
candidate,18fde964ac003951753a422d4b8d9480eb8ad8f9e3be78b6bdbd178cece97fef,getting_spare_card
candidate,1b3e4606752f3bec68c180e87036ed99f62df3d200892b04988c31f0af44163c,getting_spare_card
candidate,1b73c8eca2d60aa43a470a6661ca63b725de17aeb05a644a782d12d9990d1015,getting_spare_card
candidate,1c65a646b5ba14b3c5d693ecbbabe26827c068acdc8939014567ae0aee794c59,getting_spare_card
candidate,1f99ef891f6db799af5ff3a721e6b0ea7e4c7ef6d20152be95dd5388a35149e3,getting_spare_card
candidate,2158321887eee6b70fda73962481089b1680c69cf33af082ed910799d951cb80,getting_spare_card
candidate,23a0cff9d69cd1e92f5c06c57cd8a9dbc0651b9bbf0d44e0cce89c9af8bdd9fc,order_physical_card
candidate,23b9ef7895423eca8e09bffb4572545fb337140be98c17ab7063c3ff478bf3a3,getting_spare_card
candidate,2459e28420726b3b18baf0105e8102978a363d48fde129fdede0adf5c7be8a15,getting_spare_card
candidate,26500a01c2852869789529694f5e006e66a31cd036f8e591e3b7650c3652a6d6,getting_spare_card
candidate,27d91f27b07e839a98e5f350471e2b3410c7f86c0c9acaaada08beec5a44f34f,exchange_charge
candidate,27e3a6c04f47076db6e370b16d6a3189f11c13051906733e088064a08e2689d8,lost_or_stolen_card
candidate,282891396fdb02653b1199c084178eb6c772dc49973c0d9a6ec02c3003033a29,disposable_card_limits
candidate,297b967518a87e1c409d9bb721d80e56506db64afeeb67272da7a34c666adc1b,getting_spare_card
candidate,297d1226de126f6ce82fc4db03c81bc75830c98143c09e65c886c0a9f5baa128,getting_spare_card
candidate,29bd485a3cc2dc8f58e3d62bada610a09f8e3b676b035d160354fdeb5d9fc76d,getting_spare_card
candidate,29dc5f3c1ffddf1c7c355a17e5123c7c08972592cfa6ccfabb8fbf594bb5a2b6,getting_spare_card
candidate,2ea23a64d5404caf79fb7008380838dc01efcdba26e6416868e561210aa903a2,getting_spare_card
candidate,0038c3ebb2605da22477d9651f74824de84f8d301b5462bda15c3e7291a171b6,getting_virtual_card
candidate,0519e6d081854d12264ef4ae3689c851a41e4bbb6141255e4d60ff673ea9c1e7,getting_virtual_card
candidate,09f88a4d5a70cfcc7ff9d3ac217164986f9d6f1bba0cb4d743b1f1539e746021,getting_virtual_card
candidate,0b5477582e03648cf62f0e2aa05ee93f398973e96272354e8de92ad0ec6cde57,getting_virtual_card
candidate,0c314fe85e2a5e408251e32632729a07ef062637f148e20f891213a817fc1d62,getting_virtual_card
candidate,1034e0a95cffc5a0fec13b94fbf4a5d9f44e3ec5b0a6e7e973cf54180c711b40,getting_virtual_card
candidate,1343baa3bc667b0f5f6f5a1d4a03a544c07571656595d049c1b178075c5381f8,getting_virtual_card
candidate,13b5ff1137aa6a01d905c9160b54c6237915047b7b720a0d9918fb0db9a948a3,getting_virtual_card
candidate,17f8e59df17c5c32e015bc113535ab64a6244fff32819dac60a8b2774fb3e746,order_physical_card
candidate,190a641449015d97aff835a00c63f0295f8f8e1d041d902fdde2438e7242a703,getting_virtual_card
candidate,1ecdb61e296d9b38b8e9a6504b4f71e05eb407dc3ab323a0f39f0f58f91abf7f,getting_virtual_card
candidate,2099bc430bb698156c00cafda6813f33198a9c92790453ab8471077329658658,getting_virtual_card
candidate,2895ddb5951f82f73124daf31bb24a5e152791f51f90541c11bbc1f4a0630260,getting_virtual_card
candidate,29370ed8bbe250db47b8ed77eff6023075103e09a20b0d1f0ab3932ca9dda3a0,getting_virtual_card
candidate,2a3f93e1d0577d8827ad162546c8ae841eb50c0dcc8783dc3fcef31a35de077c,getting_virtual_card
candidate,2a768752e3c92c1d426e3d846b8bad9d8e269e9106b60a80b98696f9de3e3e12,getting_virtual_card
candidate,2af80a5ffdcf1b2f10b3f106866e102b98243863f33a3b0b54d7d144b0cf00ca,getting_virtual_card
candidate,2b3fc74fbcaa2f6bdd95e4194f2a548b03a18daffa5fc4296cadb92c6a731601,getting_virtual_card
candidate,2bac16946c84835622767c16983d31ad0ba72fd663f6e7bd9203f9f3ba623678,getting_virtual_card
candidate,0421ff78cb602cd78858d592c4fd0aa397faa48b217005c60f94352efc14d5a6,lost_or_stolen_card
candidate,0afa6ecbca343dd23a5cb55ece9740069ac848f4ac4b45630c6e4d87e7fe4ea0,lost_or_stolen_card
candidate,0b1b912653d31df36b1bed665d3b259a3ab3f32bbf5ab9fbb88379a57419df41,lost_or_stolen_card
candidate,0dde8502351033d73044a8e73aac1e0e7171556f676e4fe0e22f86563988100a,lost_or_stolen_card
candidate,0f33a5e6b2611b224b32ca1acdde4161eddae28d35a375bcc5f5a28575e4ef71,lost_or_stolen_card
candidate,0f685cd167a09c409bba26735082ed7edfdd11627ae3701b3f75d4ff24d55ec5,card_not_working
candidate,1082b7dd013dd12e04ae96658efd0b29e57025f67b91234faf7574d4647b3327,lost_or_stolen_card
candidate,15e9a204d52dae49e2b82a30945e3d61a28bf81477c29c8c4198373d3abaec52,lost_or_stolen_card
candidate,163f0bbf1ae950de5d165880d242d5c503cf1ac4cf18af2a88c8820450af1f49,card_payment_fee_charged
candidate,16f663e858c4f1b67a9d2312d48064bc30dfc33d5c52d83424faf978587850aa,lost_or_stolen_card
candidate,1706aee2017e390fd689677b61cd5c53c387610283f1fb6de03b23370b7844a1,lost_or_stolen_card
candidate,1fae648f25584dc9340dfb9ebdc4b3dbedef13de170929ea105744b4e9f86712,lost_or_stolen_card
candidate,22c0647d74f5378620b102a86cf9cfd0dd53107ad45e5104b946146db35ab06c,lost_or_stolen_card
candidate,2552441bc2a0065609a5aedbf3d23ea27886d8049786d2e510521d487f7a217b,lost_or_stolen_card
candidate,2865bf4ea398b2d9a530f21f82e92e0d7130748a4b4510324baac7f47d5b3050,lost_or_stolen_card
candidate,2fbef974df190cf11c8502a88918a0307a3d852b1872326231b275b849e01eac,topping_up_by_card
candidate,02342efafcad9ce21c4429a12fd8403be8e6f2d70599d7e19f261ecc3b784ccb,lost_or_stolen_phone
candidate,044f7406a844968f585a0219d24389258eabe03aa92ca72fcd3fceffc107b959,lost_or_stolen_phone
candidate,049dd10dd1ecd99977649a86afbc91b0095b5e65c3a283999d44dd4abdc2bf5c,lost_or_stolen_phone
candidate,04ad71dca2f286d043f643c2d04abbf77f7d256a7d7549ea307dc52614a55b44,lost_or_stolen_phone
candidate,075d40c9dc8afe18c06566c9228db29c458657f08f1943ffa1b94b3743ad55a6,lost_or_stolen_phone
candidate,07dc2fa03280cde5a8dc54bce8e1f9633e7e4ade709574f34e246fe6ee63fa7c,lost_or_stolen_phone
candidate,0ce97ce3ce104e5a7d7860ba16261ce3d37100f5300820542d7930cd278ab5f7,lost_or_stolen_phone
candidate,0e930a91412b05b1acade58ddd0dae1a6a09b054de0853a535ab40b87d80f354,lost_or_stolen_phone
candidate,0f75f28e05de5f1d030bae92602334daf5baf06bf672d2792a31944e79354f11,lost_or_stolen_phone
candidate,11e481a47e0005b8176851f068cc2feaf9fe6cf08c24b7dcaafd85ef4da8c07b,lost_or_stolen_phone
candidate,1699047565876c779ff557f21cea7ca9fed8542aa7124a7308a43c62a6d62750,lost_or_stolen_phone
candidate,1a91e717619fcdf750a3737d7c892deffefb855b755984235170415b740c13ef,lost_or_stolen_phone
candidate,1c959316f686789d15700999676202f9352ae2b4c06eae3f38b16b35568318c5,lost_or_stolen_phone
candidate,1d6c4b95639c34e7f1d25b973b180ed44a82fd139bd8f5fcddf7bead866328ee,lost_or_stolen_phone
candidate,1fc4f259a31a3214ef26d4d0ddb7a9d4feacd9e798860deab6db40d9ce1009cb,lost_or_stolen_phone
candidate,24fc4446888b3771b8d0e0acc6adfc96240727f40ff9f97c004750ac0d20796e,lost_or_stolen_phone
candidate,255afc3cda8fb48d56909b58371a030b1d435f4d4a9e2da9a8b218f1ba16d08f,lost_or_stolen_phone
candidate,2595384e94c11e633b7931aec241ebc5b33f523bc2a1ca027e9e50ceb339b200,lost_or_stolen_phone
candidate,280da6318ba372b7a7da31e543107f4fb5aaf5f9d46055709a0fdebc5e018166,lost_or_stolen_phone
candidate,292de3dd141dcc5d6507abc04f1ff868e448ef29a5c4365dd9ded4b87568c690,lost_or_stolen_phone
candidate,294dc6dd8d96b0ad6def4cd9765dd112ebc867e6f19caa10185ff0713e1d721c,lost_or_stolen_phone
candidate,2dcc2accdb3d94ddf530804a6aeb7fdd87888f3971e56fd7b40af924512a8b41,lost_or_stolen_phone
candidate,302e1d93f9420f48834b951fabbf181c739d0606ddb19344ea7655c160fc2c95,lost_or_stolen_phone
candidate,32b7973aa1b5dad0d6936d32b0b4930d3d62eaeed21e817407db8fe96de2f62a,lost_or_stolen_phone
candidate,00828311d41ff012c8f36301934200c9388bd325793d312680695524ed43887c,card_linking
candidate,04ecef3b37ae7e35c083b6ecba92272b21a21a5a8f8d03789c40a989ad66e343,getting_virtual_card
candidate,07da0300e4ec4816ee5ac07c9369bca835609d0a78939ea55da0ff9db9c9cf62,request_refund
candidate,0bd9687879c4a9a2802fcb1d626267bc90fe6f39c59cb55f7f1582ec63350487,getting_spare_card
candidate,1035cff90daa76d532be7360847aec10616993aa43d7b07684f36812c6df916e,order_physical_card
candidate,16fff9f13dc69cc2489d9e5bb2f32efb9faefcd7f6d65257873e12d1341f5312,order_physical_card
candidate,177e0b592dd72f31c84e902302f566581c335d46add8ce1961693ba826ce7df7,order_physical_card
candidate,17b7ea68c70ad09d5754f46e4553c8b2a31b8a485b9cf7be1515c72cb87877fb,order_physical_card
candidate,1aa687c7a29af0d6d826bb3884903c1deb6964179ee2458bc0ec031c8ce3cb4e,order_physical_card
candidate,1cf6f18f404508158742bd9a8d11fe14c9d1dfa5d146e55ad511eef1e0334ffe,order_physical_card
candidate,217c918cdb656e54385773f828bbd0de3420c17bf96e96d600eb248a70cc93ee,order_physical_card
candidate,230418962c62d6f48d7261eb1d74f2da0e9f311f410eeab3729b35d474c3961a,order_physical_card
candidate,245274ad45386b8ccd854a6a7fc8b1d17f2c33d73bf7cafa70f9385eceaf3d86,order_physical_card
candidate,251f5f59f0d199b7b2fd4db321d3c7c60484e2388b4296af29f14f2c798f546c,card_arrival
candidate,262c6c81e8c10cd48635334d33c50a67e0ef84295de20c98510749c0cb17214d,order_physical_card
candidate,262ea79e350ed4b4344cdf8c2b4d78d117e74858cc1478c74e9c11892599c092,order_physical_card
candidate,26ab962a8fd08bba6391759eb6730b3195bd3c3b41a998bf0dbf41c9d219de23,order_physical_card
candidate,2be774f9c5fcbb48b5f991726bf03f377ff0ea82f8809dc5d9b331764a999241,order_physical_card
candidate,2d37136ea86b3175a692154f75d63bc89f8f18668f6691245790590665b5942c,order_physical_card
candidate,2e191181214e134052079566c5775875ca16218b2cbaae2fcdd00da0bb14e79e,order_physical_card
candidate,319359ca69a7014b48fafc3f88ec18822020f3546357b2522aefc507b05a21af,getting_spare_card
candidate,356a0cf837166611b6737c98c815c79f1b0c8e9f4e41b95744627f1891435ac5,order_physical_card
candidate,36f6234ac2aa64dfe463cef74973a6f3c7e3aa9fac4dd7347613f0f289c5fd58,order_physical_card
candidate,3738fde44d80d41d2811597cbdc0af8f1867ef2cc2c7f14e4cd3364a1daae7e0,order_physical_card
candidate,02f7cadece72f384ecf97687c4056bf797e65360b5cb8ac3e3096ebc812561e5,passcode_forgotten
candidate,063f713eec280c946053b093cbb5d7721abf179ac6b9cc678b5abb3ac95ae476,passcode_forgotten
candidate,0d8ed43a73e5069c12348f3a8a91d510ae07b0e02b594f2df294e51e2e859826,passcode_forgotten
candidate,0e1e264928b823c3ee8878345bfc71f9a73b350126ac538c741b68dee5290355,passcode_forgotten
candidate,0e2b8219e9ce43d43dd66ed7531f0797984c2ba65295001b28c3a73be1c795d3,passcode_forgotten
candidate,0f49394c434b0e1c244f367375869c64107056455127b3b478d917c8045abb43,passcode_forgotten
candidate,0fd27a7cd8dad5842692a7de4064aaa0dc260f56d4db7e79adff05b6646bd195,passcode_forgotten
candidate,11e51c58af983b8a5fb119aa60de7451a907a22f929a0cc0ebd2b157dc11e0c4,passcode_forgotten
candidate,1592b118f22abc5463dc598c77c555e78a338ea9728f149e19d1ab0d977dd6d6,passcode_forgotten
candidate,1b6f55aa9e69072b5a062003e3a5eac91cf98b6c02870160b0442b6250b360d1,passcode_forgotten
candidate,1c626e78a34874c3d09882d4c4f0304e3ce953a0b4c83be170cdad6912455832,passcode_forgotten
candidate,1d08d789119ed8528e3bc3e243d2178ecd1612bc8ac2e275ee1d5d1d4768b7cc,passcode_forgotten
candidate,21b1f8152a59408387a4946884ea578f04eab00d1e93a986d69cd907f45fa567,passcode_forgotten
candidate,24419748e8ec208a3499c5265bcb57d1be3f507c11b712d784f696a74e1cbdf5,passcode_forgotten
candidate,25c6d63904e4f18bfeced28942a0f5738097734b6968c56e896dd92531b68149,passcode_forgotten
candidate,26068bb2cd6b6e710ac9125800af25428660abb5e5f5cf53b0fdfb5aa8b4ccc0,passcode_forgotten
candidate,288f62b290867a34000d5684f6e77bdbc89a014d2d33496abcc10961f989f661,passcode_forgotten
candidate,2a9269515bde6153607aa376a1d4531295fe9168bd1587b94416cc48203b39ee,passcode_forgotten
candidate,2c8b82a0a088558d228276d9bd9e2fa5ebe21a32b275f5c4947a9823e7a3fd95,passcode_forgotten
candidate,311066a858d8e60f153549a24480435b014697fee3c75b18103a7514f6d3c973,passcode_forgotten
candidate,31587cb81e26ff3fb015b3f7d42946f89bd9887b394195189787e39006f1781a,passcode_forgotten
candidate,00768d5e0c1dea2fd8ccb6aca5678527fa6e228ab5378b46565250062da37da7,pending_card_payment
candidate,00c6c48b96809ad7b8268a6ea1c73b672a6ddfec841bd980bc5511fa8da4603b,pending_card_payment
candidate,024debd13622d953f00ca4511aa282367f32e0901acec5af5127aacb5c927ab7,pending_card_payment
candidate,041c01d4bb059b0cc8f904c5a0862a72709a7a51c5fa5dceeffd459b9127dadd,pending_card_payment
candidate,0718cb1926874af247990961eb071fd5f01c435f61254dd30069275ffee24669,pending_card_payment
candidate,104e27cef611f51ba8df00f619bc62c2f7b86dcddc261a3e443d9c21d093c4f5,pending_card_payment
candidate,117a6c63353ffc9f69920b2bb6c96260b52104fb7fb051734ae159d059d90bd1,pending_card_payment
candidate,12722c3a6532a62c6a98bf97b60f15074414100308402d5d15bfc48621089287,pending_card_payment
candidate,150e78ed17c8284f3003b991abe60232c5ffa76b98b005b631e7cb0243ad9276,pending_card_payment
candidate,195dbc6e51d24b46921a188645969a83527f9177c0c265bd1411230bcbb00a52,pending_card_payment
candidate,198981f16f0b023393a374670c518f81d175fe905d5dc09d909d850f0fc9d1e7,pending_card_payment
candidate,1caff0571871afd50249eb8750c18c116ad5e094be5f706483957a18825da756,pending_card_payment
candidate,1cd2ced16a28a279aaf65445aea3615733af76f5139a023edd18a6cd4bf90fa7,pending_card_payment
candidate,1f31862da4a5eb6467e2d6bf7c9aa09554968a999c548caca2f515c32bdc723a,pending_card_payment
candidate,22331882160530bace3b283c6280609a1739b7fef364c8a195c579e73c7a2d49,card_arrival
candidate,2594e886cfb42d6527e88d52d64ab5cdc973893daba250cfd5e41141a12929aa,pending_card_payment
candidate,260262d3afe6179c4b78a53e0dc48885cf6ffbfd62b5f121bd14209b10c94652,pending_card_payment
candidate,2a7a4ab878490c8970d6ed39e329609d29b89f5a574cb17df200275c388cd5cd,pending_card_payment
candidate,2c021705badb8316d11d734b138d2c505185fc311205b14048aa71f1b8cc197f,pending_card_payment
candidate,2d6719e32893ff39718a5bbf4762f5c40da51ba7833caeab475922a141291a46,pending_card_payment
candidate,2e660438475a9f84b8e3ffd3c095f9e70ef1db95490b12cb7756e877d63595cc,pending_card_payment
candidate,2ed05e39bd21231bcad937e45975ed56675d088474ee9fbba0720ebbac99ada2,pending_card_payment
candidate,3025088b9d6c39cfd364f07c291f323c4c04a47696869256da09799709a15bd0,pending_card_payment
candidate,306c4bc0442f734d00eead4ed9852140bd11f7a928dde1aede8cdee9b25555d1,pending_card_payment
candidate,31a35acc6136914b4917bc9c5fa3f6ea2a747871ec5f11b10874826ad2c8fb83,pending_card_payment
candidate,3282c2ce39cb7df0c59c2a596792d7994c624926509b498c34bf532b5466045a,pending_card_payment
candidate,3342aea2c9b2900921594445a3aafcd0c778f014a8c3ca5bec50ec0d7618bfed,pending_card_payment
candidate,33ef52021bfe608f605522971c1909f5c528489cd64437505627981baecc092f,pending_card_payment
candidate,34f9e381d4fe93a94ff6b56acb9e7a05f47ec984cb47dc0b07b966efb524088d,pending_card_payment
candidate,351e2195121739dca7e2554f0bf08e3bd54eb15e2c5919d5ba044ac58df1ca3c,pending_card_payment
candidate,353ea634e6ec625c603d37f0e79ec161de595ec97c627f662800caba3ff9ff8c,pending_card_payment
candidate,017549d8e0eb31afb2b0002cd93eaea3175ac5f83826972bb17a1169d349ac36,pending_cash_withdrawal
candidate,071780e0903f55678c30459ccaad08a857707670fb6e3736ff5ff0f35e1023fb,pending_cash_withdrawal
candidate,09ed3c295a333eb8aa3128bad45f8d10ee5d97d78ae03e1a3ca096b7ad79223c,pending_cash_withdrawal
candidate,0a77b7db4e6e20e6c5c2c6e7c5bf4f6be28f1170b768b521eb72cf01ae65c5d2,pending_cash_withdrawal
candidate,0b93cb5c8d031b9251d22cb3ed6d2445a768e3d7d674bf1fed4a564df6f14bf2,pending_cash_withdrawal
candidate,0c7d283bff1c5e353dca58a6b2d4be3e422eb813b440e1ca540a8ec830ffe941,cash_withdrawal_not_recognised
candidate,0f97d8bec363e630ef312b4d11b47d78b1c5883446352c21fd329390f1cf3294,pending_cash_withdrawal
candidate,11a0e13ddea9ce33e2b5234463caf5c62d469157bd05e60436e65dc0d53af551,pending_cash_withdrawal
candidate,13641088932ba15aed12e57f15cab696de3694caa8361a876bad2c3942c654ee,pending_cash_withdrawal
candidate,16f10ff3862aa93f876788f40aee0f2e8784f2637f71002b270874ef080d11ac,pending_cash_withdrawal
candidate,17bf60e4595d818c4ba41d9c9089ac38aac548670135d381cb4793c113b3b4c5,pending_cash_withdrawal
candidate,1a2d008adf49b363cb1e2ef5f931cb9f391a2156ad5bb37b39b0cf013c6536bd,pending_cash_withdrawal
candidate,1af593604cb88db610489aee6365179fca26be9e39a737307c04d76ab6393c99,pending_cash_withdrawal
candidate,1bc4bf8e1a51d791a75f22505ebfe3f4b0c9cbb1c41fe20a2949b4b7526222aa,pending_cash_withdrawal
candidate,1c99cd0a25371aeb9056de13188986a2dcd97b8b2f2c772a57ea35f041ab7c2f,pending_card_payment
candidate,1e39dc3061feef6ca48a9c1916c12fa3d39798c7703f4a1dd31b59febba23f12,pending_cash_withdrawal
candidate,211f58a56a752d084f6b81974d152539209ff4192f873fe7013215710d85f800,pending_cash_withdrawal
candidate,220b84f11a8ce0be7c8d49bbc36958f28eea6f654058e0f00280b80dc3dd315e,declined_cash_withdrawal
candidate,224a4c759992a2cf259a1c598efb1d23d47a8e7338bfdd9e2a16de2559e28a29,pending_cash_withdrawal
candidate,24bd2f8242b2a2310db150e32a07225b0af9af6049e65b06ebf3ddf367c412bd,cash_withdrawal_not_recognised
candidate,25a4e02272960ecbd4c6d767ba4f11b128b2c5cb1b83df274b0b3802188c824a,pending_cash_withdrawal
candidate,27bbf7bfff5df3bfa5b782088cfaf390291c3f9aee29e95d97b58e575a84d897,pending_card_payment
candidate,2968032b7e183b07024c8deb19288a819cbf7f87efadd5b840e15608a9ba24a0,pending_cash_withdrawal
candidate,29c6ef1bede09aebad0ef1f75a02513fe8e1e50468e99827b6197494d74330cf,pending_cash_withdrawal
candidate,29cfeefe8d6d26395e72516c2885c3f96d3c03e570ca7ee633ab22482bc979c8,pending_cash_withdrawal
candidate,2b76217592e047a167e14b62e24ef9ead72d6f4584ef4e08b089465d195d7569,pending_cash_withdrawal
candidate,2d5717b758f2cf4192a8a8da92daa7cd1ead33ecd1bac9de3897a79c00694029,pending_cash_withdrawal
candidate,2d9e10985f14f1be0a196644417526e82b00b8d53172506753b418060d09936d,pending_cash_withdrawal
candidate,04c73168c4dd8981546d4c0f4cbad6ea65de7b34f7f9b900c928d9115eb6e423,pending_top_up
candidate,056ba352936d7c6446443080967d60750e194ebb63cb285d629c9fd268d74f85,top_up_failed
candidate,063d0ef6a6f7abfc54b86f9ee057558677c03b676c4ce7785d5061d28cb27bcf,pending_top_up
candidate,08eb0034d33c7ee3e5e0da114e6941c1641d0e8eb21bbcf2e5a4b72c6b716e13,topping_up_by_card
candidate,0b0282a36b86b1d118fdd2929581a072b9e4abd678cf50a3f11ce4d9a6960c09,pending_top_up
candidate,0c6664af5864aff008fd6f9d39e50d1abc0407f496047b863115019790965b1d,topping_up_by_card
candidate,106802e39f7dd6cc0497df9ea9be457228ce1848cdd6e0553a49b5548369cc4d,top_up_failed
candidate,11a44e08405c1691ed6f7cc53d5da95aa1ee25b9fd496ac13bf8b76502ed8c71,pending_top_up
candidate,126dc47d3212068e5a065ee274b2f246b91ffbb543e28f850617e53c7367e236,pending_top_up
candidate,170d005a6127d6ea267d96adef69b7ef9d22893ebb62c2773649837988298aed,pending_top_up
candidate,1a16fa53676f22aead28b10b56fc4bd6dafc8671ce0e6c7a838c97220600421b,pending_top_up
candidate,1c4d09dd65d0ec034c4dbb468dfbf4542b6117a3d4d89727a94d9d2fc457c065,pending_top_up
candidate,1cf98a5b8c6fb7d5e26487b7a7a06b8958b5a78aadaef98bdb53a40d44af17a9,pending_top_up
candidate,1e299ee8e2588b422d9a65140fe071104707fa5fd6912dbf0829d0e98f7740e6,pending_top_up
candidate,27f640b195888fe41cccef3eb6879274a6c18de44f541849a0a20b7de8a57031,pending_top_up
candidate,2c2639695bd37ffa7b72f637e1899bf720fa1690af17c054d6755418ca4fb860,pending_top_up
candidate,2c6ff8e793b8bb802222170b82dc1f081f0c457b870ad4bc784dd256591612d4,pending_top_up
candidate,2c800a54cc998932bec780cf7a9fd98931b2bd930d78ac0c31af4c34bd47c2b9,pending_top_up
candidate,2cadb56fbe29e4a3c0cd71b8171457ff08c13484d377863e3b9e516756dd3774,pending_top_up
candidate,2e0366235b88500fe94b3e234a5380b20421f8ea86397934e41f8d3117c6d1c5,pending_top_up
candidate,30413285c56bc790412f6d55df179a20207bd9d87e51118c2e121daf33b4aad7,pending_top_up
candidate,3a6e75bf171061a633bcf872f4070ac7d6e443acd88a5773964d7f0de90255ea,pending_top_up
candidate,3acf932c631a81381cd3c939f6c417d6895675f7c4ecdd88c471be59fdab0dbe,pending_top_up
candidate,3bc183a57d155dc185ad9b3250aafb018a93a7c2d8ab259fc772ec9a10c599f0,pending_top_up
candidate,3c52cd36e8f508e55e6ae3094716571c5b536d4df904128b9ea18581254c8112,pending_top_up
candidate,3d29bd86cd9c1af843c2a4e9f42c5aee5f57d471af48885446b3c9b188b9f81d,pending_top_up
candidate,3dc9798c4c00ff9aa3842f898c8b90f1adaf57bbdc3b882bd0b5fbc142c76d2f,top_up_reverted
candidate,3ebec7e3a552eb6e54aa4fcba3b76c740e3b226c8189968a0a7b73e4b1c2215a,pending_top_up
candidate,3f8b6dddd47a27490f859cde9768a1020e62ef382609059dc678ebb1b418707b,pending_top_up
candidate,0303911333486916b1063adf77b9ce03b90c0158fb03df70473433bd0253140a,transfer_timing
candidate,0439fddc4dfbb48785317a548a08cb5b670530cfa50372cfd38de0d55b54974f,pending_transfer
candidate,045afae39af23bde5b9ec420e205128ed3defd0f620b4c4849ce4d0eb7f540fd,pending_transfer
candidate,07fb37a2f04cdc667b93467aa2781f848dea9af6b2a831e0e800ef217920d5ec,pending_transfer
candidate,0a6c62585f379f9c95544a6f6417caf22f06128ae4bbc703aa8680487d8d837a,transfer_not_received_by_recipient
candidate,0b4718974a2a90691e80d9ff4c32bc475b31ed31cf1b6fecd198c03a26663c8e,transfer_not_received_by_recipient
candidate,0d659ca0b154894ed58f6a3d8fa899de308871000ddbe3a9ac9b78beb1ffe2ec,pending_transfer
candidate,0f7be131a361afdb70348fb3e939e2166b30d6e39afffea9af53c504603ddc28,pending_transfer
candidate,11125f656451159d637e58a1a6abc1fc9936e7cba662c5120732b481fbf2e1de,pending_transfer
candidate,14295dc36c79c5e27d828154a1095303524e5704b06300c7044ce1f19556e59b,transfer_timing
candidate,143a59786a747330120c7920d485746d258e70a1afddb357d8446f7dd502c86c,pending_transfer
candidate,14d460b0098b525ab15c627dee0d303ae6b6bde62a4c4191f18fa27befd83ad7,pending_transfer
candidate,15abbf28dafa2c6ab8f51c60b4817dc630e4a6a7c0551a04b4d56a80bb86d3cf,pending_transfer
candidate,189a56bc3a13f8d5958b08543c2f49413d040695dcafe7351df0f6d0127115c8,pending_transfer
candidate,2103499b20a2e3bbb198b047a1ba7ba3bc8700e92107cc216a81d8f6e1c56da5,balance_not_updated_after_bank_transfer
candidate,21bc1096e19791a945acf00227461a8fb86aafed82a9bb99058b48f81758af85,pending_transfer
candidate,21d84eb75962eec80b5ea90bd2b6505a631a42b86d0066c0c6602b6aca17712b,pending_transfer
candidate,224ba941303b48e13569595f0c46213de53c20757f6ce2e3b637583252406b72,pending_transfer
candidate,224c6f215a775f5d4aee8debf080ea07e6fbbc05e4a8d1892d56d72b07e730d5,pending_transfer
candidate,23306833ea1d5e46e8ffdf240f0c3a269f1f69557f5680bd1b1a26f186b89bee,pending_transfer
candidate,244767f38d12e9c13ef554d70af5900a66af3af4f8853023f3b8a26544978aef,pending_transfer
candidate,25f2fb3a40207c389e9961a8f9ecd79812d934996b837f8a4ab40f8a2f0c6771,pending_transfer
candidate,2644542ec742802cb64283d3493901eee9cc5b79add011865dba6644e29662cf,pending_transfer
candidate,26b180190648652f9a2075e333d7f4c669b6c9d700c23b42903ebc9744a9e392,pending_card_payment
candidate,28f106392ab41572e3b5040644e9415bb40e7cc9166dce9025b1af8d7083ea35,pending_transfer
candidate,29cc098299a5a04d553b69ed3675c10e8e9307f47fb4b9509bd2f4670f16ad35,pending_card_payment
candidate,29fe33d70763621d9990020e33d261c6c5b039b08ac9a7151578e01c12ddc230,pending_transfer
candidate,2bddf723620a5c257ee8bf866144e50dc5e01bc11d934199b8301e7ab253e96f,pending_transfer
candidate,2ddc28a63b2c5fcc47031cd343a8f4e0fc4644969915838ff9bfb810982a5a25,pending_transfer
candidate,006de1e6cbea5c988a75a3a04de2acec31b00c4910448881fb60af876baf2253,pin_blocked
candidate,01f83b9878229e4c43d28b84d1a054bf683dd9493e968a7a4ea0d9857a294c0c,change_pin
candidate,021e42e614a894e7425aebb2b3ce29e1cf09270172847936c1b7ab4ff337f346,card_not_working
candidate,06341cc27b4b7a9e20e62b8d2a2354c2e9d8984e6814b709d4e1b329b6ec26de,pin_blocked
candidate,06862b0e6287389fe96a7a80f0f3800fc28ad920c6c4f4a36d25360a24553bb1,get_physical_card
candidate,07d6ffcfa4781b8eb86249d103d83499fb0514d187996bdbcdbf96a94b1b58fc,pin_blocked
candidate,08915db3d57766224e70706ad77b74556afbd97ce8fa89c2a747d01f19771daf,pin_blocked
candidate,0d0b15f2d18149f6200e0e188ff85ec9f580ce2481ece35402b583be5e922b11,pin_blocked
candidate,0fcc8e983dd9863af7bbc4812178d8cb0dad8c332423b47c4746aa6f03beff81,pin_blocked
candidate,13f21cecd46bb193ac0d1f57863c3277cfc0bf00e51092b2439c418a06090d4c,pin_blocked
candidate,1432b649160c051c066e42083c05c085bdb7820bfd1f2b35e4c26c40742a8fa6,pin_blocked
candidate,15c824e1dbad04b35216178b8127687c0ce34d4b0f845d39c69619484d57eae6,pin_blocked
candidate,1a8ea45859e506f7fad8dd0cb9f7d95e2f2905fa7daf32790d3f41b1cbe094ed,pin_blocked
candidate,1b932fdeb0a127759883722aac6056b83d4764ed1b9ee36a6ea9a1245c4ae504,pin_blocked
candidate,1c7e083ee7d21fd8d02ea256111a8428f5611addb115e9b45548091fb40be1d9,pin_blocked
candidate,1dacf5fd984acfcd79266312640586bcb7fe5b8c12338425c8bcb917cfcc70e7,pin_blocked
candidate,1f6cc70039d3b51710fac262be6752f6cfafa800fca92125c5b5544c30a49ff2,pin_blocked
candidate,1f87f5a6c091a2b1cfdc1a2e79a70b850ea470b6e4d32fdf743e88376e040033,pin_blocked
candidate,2382caec6e036143ecc9e8c83cc5ec787e0ba9cf0165c6e3bf3d1dd6d533b448,pin_blocked
candidate,23f5dbdaadb71a73c871a5c9040ebc707fcab81f6fe597d80462a660a1317825,pin_blocked
candidate,25ef78f89b4bac11a9d59d80f4a0c4f52a868e5a6c80ba5c8ee2ed94aa4bbeb1,pin_blocked
candidate,2875def29b54ef07f6e21c3806ab711b686ebaf26366fe2c99d23b5218a467b2,pin_blocked
candidate,01ef88e61197b7314b93ed289545198b68971a0dd85840b0de1941197a53a410,receiving_money
candidate,03a77f6f69aeed87ae8b9b1e06953cf9bb89f6643103932ba9332d23cdab0571,receiving_money
candidate,062db33f0cdbb2d0a0e53f103a2f2fb2c97fe8b39ac88ddca92e21263f16fed0,receiving_money
candidate,0ac1650dfc47d6077b550c12c2c5e3a546bff80839447271c4e9b9b9f99b9891,receiving_money
candidate,0d7337ee7c8cd519d25522832fe7f0075ea2fbfb8fbe467c9943b7132ad4b433,receiving_money
candidate,1094a772fd53921c11395a8d322bd16d1e639a5ebccea993e6ef41a7b4d885fd,receiving_money
candidate,11af80c2d645e58be0f7ca0fdb95aea85de1ee7a4acb79e1138e8fcb3a01a577,receiving_money
candidate,15a3f01fb0dc1162b5843c1416f536254876024f372488b4bd3ed7ee3a5b567f,receiving_money
candidate,1602ccca0604712b28ac858a30c6d53daf7bab17fd89a9ce2c8424bacd52ae35,receiving_money
candidate,19917f1a7d7ef5e1da56c92af1062fa3733a3b70289ee1780077384f3791e154,receiving_money
candidate,1f4420491c0fcc97030a2d5f4570f64d355be115b8b3a2273e4248e09daa2a99,receiving_money
candidate,219b546ad37391a7a63e695d0da71ff6c013eebf14d883a8e883bb3dee979ced,receiving_money
candidate,21b9a3b24bb3ae69ec71024429828e5efa872a0eba767f5a597c62dc4267ec1b,receiving_money
candidate,23e9262852bf52bd061acd543c42a9ef3ae8b74e11aa6518f98b2705574c44cd,receiving_money
candidate,251876137ca9c947fd2536f5da0ab192299a3b5d78c35df11fc9245f6e3e636b,transfer_into_account
candidate,293f9f150b338227f2222ede1276fe05e48c5273f6af915c894e0dacef1708ff,receiving_money
candidate,314d93b1c8f6d901e0bd1c74a88cd0020933b29b1a4cb3c02e78fab664db5483,receiving_money
candidate,31e25120b5d717e4533df824b507a343c04b306817c20ac498ca2f1aa2922956,receiving_money
candidate,335f31883bc7a9c34135656a92004f1ae4e2ef12554c7cba5508bff4ea9bb0bb,receiving_money
candidate,016d050cce14adc980371b3a70a0598cc6bb88716f862c093e8fba9464e5a486,request_refund
candidate,02a21dfb32cff627b522d31ae4cb97ad03bc9e2d8f7a35bf728e75004676b9d4,request_refund
candidate,032d974f0ed4f838941c708216a1f50cf271baeb61def586bf9d19289380981d,request_refund
candidate,058343673a77b3cf5e41f1303bb422be991d2c6c8e3bc74ae7349c76a8a58b2f,request_refund
candidate,05cd737facbdd39dd845cd49024355673045fd9d9ccfe795c91c8e4517ad1bc4,request_refund
candidate,05fcbc7e12febbe69618effef260a389fd85b8f3753a0ddca6f61ba4d23733b9,request_refund
candidate,06d16230c47304a7920ae637be83c3ffb007eb9ffcfc0ea2d000a553e28e6968,request_refund
candidate,0a1c358ba570fb4998ed9e667e4ad6f5c627a7841d4f27c13322214c32be5756,request_refund
candidate,0a23a0c0f205b86ef288ac1ef4993bcc1f53e92a198bb2e4464f1b65cd8ff23f,request_refund
candidate,0a74921cd81964d4d11168db2e908ed540a9f001dc32fc84402fd8d4d0025982,request_refund
candidate,0ae167c8c67022f4e71efdeb1b5d6f054fa548a3e031bc1252eeeb3980700d03,request_refund
candidate,0e33d30345b3c35fe1e8249a4555ccc925d1a673a4b034f9e87d9b4516de3dab,Refund_not_showing_up
candidate,0ed9420411c78b191f3caf9bb43db7dbe74daf98ca4b385e4d06ef266709304e,request_refund
candidate,1124283ffeb22bff9904598f24c83a44399a92124a4e342785c5250d293e81ad,request_refund
candidate,11732b4a54589ede6b43388f51762693f8860430c55a07bbffd2d2ba07c0dd29,request_refund
candidate,12788839fc1294024376144889ee098801ab0a9a4eec394583b721b7d6e88379,request_refund
candidate,13584c69b4c69e432621c100e22a554ece43778560492402f09e0e182653287b,request_refund
candidate,1375f412601e732d93a0e98df9b4b30c480e2e1da0f75a2cf963d4fac9640974,request_refund
candidate,141267e28fe1ac63258740715a05b8c94f5ae05dac8c0a397e47acb161159f05,request_refund
candidate,15af69defff9e84bcbd9976810fa805531f09331f5a57618b175d286f64330b1,request_refund
candidate,15b1926ab6bbd85b3b53bb88ca6d8aa8cec6e195ee574404a9a59c20c0411d39,request_refund
candidate,15c6ba98fcec53b93cbeabc8ee61779f1bc6b1eed90c353015a60519b56cc64f,request_refund
candidate,16b6ea1f5143f9f5f6dac30b6cfe06e784ad35d251691eaca9f40b956d875805,request_refund
candidate,19217cd115ae82728b247bda3a4829e289db4cf70b7fff183b4e0ad71f37e358,request_refund
candidate,1ac03936474478d8f6044f9ff7df3a87a7b98ef65b36a6512dec46fe36a8f25a,request_refund
candidate,1bdc0de241eb6f32f1e732899588161010b06adbf272ff051a38223840efd092,request_refund
candidate,1f80238a87a71a723de303e8dcfe05bf57fd3c838e050af62f2f47895ef58d9c,request_refund
candidate,26d24b0e67231645e87c9a17cc706b3b3b19a671a870e0107f73ae5c7e60585c,request_refund
candidate,2a32c402db74a48b103a2eeb161128d2b3ea51272889a1153a2ae2dc51333a7a,request_refund
candidate,2aeb7c58bd4b50fac32787732ca36a0ed4301f31655a9c4477b08c7a13abde32,request_refund
candidate,2d03f636a1fafd2fff093e0bf6d6c78d5e4bafeecff24d3774cb5a88c6275a6f,request_refund
candidate,2faa6206b790e6dc62fbbdf3f712df03cd81b578de56debc153fc4dbebdf9ed2,request_refund
candidate,3360bd5f24975b5ed318a3b185b06a39b86539060688620ddf394a86a05730ec,request_refund
candidate,007d5a6fe8a5e205889bd07dcf47c2eb308fd3996140795f671455b14286d076,reverted_card_payment?
candidate,06e2eb89ec66812929d7aaa66d76b6ca0b55e7708ed65fd38b9631b7117aebb9,reverted_card_payment?
candidate,08d9e5b1803924c10a921202174760fbebdd9fb910b3adcd01c38e250b503551,reverted_card_payment?
candidate,0c00f850ce6ea76f94fbe6b37cee189162b45eba3f31f00f1d7f85d89b634ffe,reverted_card_payment?
candidate,0d89aac7303931f4e78a98445e97771daa6c5cecbf85a324739d810b44be150c,reverted_card_payment?
candidate,0dcba226406722d3a0e6614f3288b6d59d662af8c517cef2fe9f171ca369fbc3,reverted_card_payment?
candidate,10f8b43f3e19f3d01790491b4344954c699934d38ec34916a20f2509406a9759,reverted_card_payment?
candidate,1162848167151fd80f67211217cb89a46612462bdd738f2cb6f8dab709a3a4e9,reverted_card_payment?
candidate,12d9df7b21f7ca019a6890215d77477500dba10a0c10cd0fa7ac5cad1417338b,reverted_card_payment?
candidate,13a39e6e5e75ae7fadfb0526b171948678ff3cd3a741284b0eb0330bc3d4c169,reverted_card_payment?
candidate,15b9ca518b18f9b7e9d0037195cd36d14bb96b5be0ddbfc85b5c800849bc5e40,reverted_card_payment?
candidate,1a680c9cbff984bcd208829771ddb4ba8cd27815fe816363caa36f5a261f806f,reverted_card_payment?
candidate,1b561ece7a6524e5b8439247c90a8f99b1a87764aa848a165f43abdc0d6dfb47,reverted_card_payment?
candidate,1cced73f1f68691dd3806dd250d670ddee2fe37436489c4d8ea0260c73eaabe0,reverted_card_payment?
candidate,1d4152b94534b6b4b09724eec96c35d7d9e9853b820958cbceaff3197ecd8962,reverted_card_payment?
candidate,1d497a302de5f3a30d0eae9f03994db997208dd7710332e4bab331b7873eea81,reverted_card_payment?
candidate,1e835151e6435da861cb6e1e52416e56d69ef9e8c36b09afdc4d476c949ca686,reverted_card_payment?
candidate,1f114130b85c3014ab465dff5b0c8f628b7f20b032bfa2514898aa830fd8539e,reverted_card_payment?
candidate,211ee6b98b2a5c6bd0875f1df85cc36941be5fec02dfe4735d479cb04e9040d8,reverted_card_payment?
candidate,218914af421544d2942815e809073246b0730244bf10d49b4e2611c6c99fd6f4,transfer_not_received_by_recipient
candidate,2340701f3933b16b847d5090c9473bd58cf08be4930e2a7db1113303a6cc5b58,reverted_card_payment?
candidate,259dbfb908f8be9a3f439c03c0a86bd0e39584a89609f9d316b8e77cc97b6f21,reverted_card_payment?
candidate,26092ae6e5bff82c434c2bc19a73dece38bad9d996722bf811125fba30cfaabf,reverted_card_payment?
candidate,263388cd04dcd027abe74f54143d9b9e4b97cbef4daeaad38dbd6f387f80f5f9,reverted_card_payment?
candidate,276104dacd03c91bee96ab8ef47131c381eda00b49cffefa21e133f02b2808bf,reverted_card_payment?
candidate,277fc589bd3c0e5e59483f938504aef566c1fca34cd55c119dc67794b02cc3f4,reverted_card_payment?
candidate,28d3c176eb0f2f35791e3f09005a8eaf9b4ac26f2e627858b27ef0a7415c92e6,reverted_card_payment?
candidate,29d1cc4dc712426456fcdc04620d3987b513d212eca45ff2d898f9e5f0705a7c,reverted_card_payment?
candidate,2bd50a56bb59f2cfbed6a5350a9160827ef4b284a6b6da3e2dcab7d0cce58843,reverted_card_payment?
candidate,2f1ab2141f1a356e8e653e19d482f2bd4c194caf1dcf42ea81a1da5bf9658270,reverted_card_payment?
candidate,314876d484f275caa51faff4444edc73fa91e1ec8d1c3eea9fa4dd09b60a7b99,reverted_card_payment?
candidate,31f16ca0a761ac87c93a8078af19a4a9d99adf4d97892cd4f2ce9754f75eaa55,reverted_card_payment?
candidate,00b3e35d33591acf280755b49cf68129dbc67eb32bc51add65f63debb130dfd8,top_up_failed
candidate,01842574da2ac48f131e627e9bdd021db146833f542c67342bb1b75f95a855ac,supported_cards_and_currencies
candidate,0378f56fbc5604b6ebf5563b0d48a8d2ad1ba2f3bd386c1bb0d2a6f11276975e,supported_cards_and_currencies
candidate,06c85a6e04893d0363620020d4011f7af9c77a774902760e19605511164f4b2c,supported_cards_and_currencies
candidate,0773bea4cef8815be25ac6971afd4784a2838931ea4366f84a3dbf36b6021f0c,fiat_currency_support
candidate,090130f1b1a864c8b4355f2ea80e0fae27cd87ed3b5602d160af8549b1cafbad,supported_cards_and_currencies
candidate,0ac8d68902a39f02d1a5e65521c53a1f29dc69113271b614388f2c03596defbe,supported_cards_and_currencies
candidate,0e89e280965200530f926fc0fd8cdb250e7cf671900708b8e668c9985a1dcd16,supported_cards_and_currencies
candidate,1002437cd0e822758ce9a2cde635ebea1cbeb7ce90a10555218376a0132d2c5c,supported_cards_and_currencies
candidate,1375ba6713279e195bedfbc5b3b486152e5cbf2cf7a347f2ab005de90ae5c90e,supported_cards_and_currencies
candidate,14f32d440513d55d330fe97c6582d4dbdfa561af579f1bcd20ddfad0196bac6e,supported_cards_and_currencies
candidate,16ced0ad9242ef9897f3fde9da0ce9e166a3ea3c3a83966fc39dc57782d1b529,supported_cards_and_currencies
candidate,1b42306c9e198bcc6590f5262f025fd3e563ad2724b876841c354bd31fc474dd,supported_cards_and_currencies
candidate,1e1230ccd004b7c69f040259a2597c0dc653448fbde69c7041e4e1c31ba0d14e,supported_cards_and_currencies
candidate,211e31e5a77d8b7dffde0077a3386a67e2cfe27e97f79874eea5820297555bd9,fiat_currency_support
candidate,22cd9505a8b4a25aae6a778f64d06ef35f734b518371f1177f06699d56e0a5b6,supported_cards_and_currencies
candidate,22ece2ff069c47c701dcb858734da7f2a6d7335c0f7200b31bd4aefc19d5b80b,supported_cards_and_currencies
candidate,23993925f2efdeec2ea9b26ac5855d5ab0f74c51347ca2361b3b5491cf7b5369,supported_cards_and_currencies
candidate,23a8e2eb8e7c25504b8d2716786708d10be0de728acf4fd7bb375fb85089a249,supported_cards_and_currencies
candidate,25b23cf38e60f99e84969507a5a31b4ac915a88630ce62c6ad6bd2c4fac7120a,fiat_currency_support
candidate,267a1819725b36cc7dc90348d7b3ae419527322f0c7c18d495ddfa1032d7c115,supported_cards_and_currencies
candidate,26fb3650417a4298ce8b09951390a8e2cada5b228fb82dfaed0a9953185f7c2a,supported_cards_and_currencies
candidate,297dd28aa74eb40c557c2eea247a3b0452fbaf05a5e7be691e529cd9004306c4,supported_cards_and_currencies
candidate,2e46e7a54e7ffcae505091050af2f85a032f6fab4646260b487c12281629476f,supported_cards_and_currencies
candidate,30c953b03921fb03b11db8fd034fdc34b38dc58798f83548c631e520d903cbc8,supported_cards_and_currencies
candidate,0055f05f3d2873e1a98c94ae54d73bc54aafba30e15cfc263cc92d61f1aa8db4,terminate_account
candidate,0791eeb56b8642dce1951e1dc9abdbe6c69074d92d6fb666c1d08e2018ea9fa4,terminate_account
candidate,0cc3bf72b14cd9eb9cb8d5e399a3f934471795e800e0b74f5b473781705ae8c5,terminate_account
candidate,0ef0314e48a57976aa2a689a2cdf040e6d402de9483d0e3300010b5e32ec4b3f,terminate_account
candidate,1076eb5fa1a2b642df55d0a9b170d584700f1dcefaa090431524ce17a141d1cd,terminate_account
candidate,13bd95d23989300778886cb51033db274a1d8f7d27fd70d4b8ba5397438ec3bf,terminate_account
candidate,17014823223f91d7c38deeac332bf47a698ccf10b0b482a983914c992a9dbb9d,terminate_account
candidate,177d52cd973e064a6552012bb6f612b7242686b24044c02ac552e07c5b111537,terminate_account
candidate,179e3602057ddeb7006f16c7ad91f3bfdea424881922e85f1018c9c8ece63f53,terminate_account
candidate,188e43401412926238781d512b616ee2c22c60368cf8e802e83aa73fe8c9121f,terminate_account
candidate,18e0f0c05e1ab3b44eed22b1d5f30913e69ad4c0e9c046efcf72ef3cea242d53,terminate_account
candidate,1d6e1bc22cc7657904b44f319eba71104f32b0fb8e44dcafd6cb915d1b371733,terminate_account
candidate,1f6c784827abf31232b167493d10716bda8327c819c684f3585ad1a5d8e12b4a,terminate_account
candidate,281a79c8219aadc5b4ce4b1373e4bdc5eec92da4c5d0220b7966b1a279034272,terminate_account
candidate,284d4034c8d945300cbc314f0d40fd66913de17b5f77ebb17bb60b75c7ca44ca,terminate_account
candidate,2db1611a8568ad17dc2b6c70e13c4f3df0913c3ddf6c0e82974ded186463a2a1,terminate_account
candidate,2efe6d968239acb50220dde28028b638a51b3dbe4c6c99b0b0b7918424539fe6,terminate_account
candidate,2fd7898c4521a66fe00644a39848836147482a3c26ff933480118e02c131286c,age_limit
candidate,3032ed2363bb932b3d1b8e9993caba07eb2fd1b7635013f1dec2b07b5a48499f,terminate_account
candidate,3190280777bc02bc540e99de16f24762c4f8f56743ee2aa3d00b51c8912587b2,terminate_account
candidate,32965323150e3d2ccc646b5a40185ce8415423a301bc7c910d2e8749771d4b03,terminate_account
candidate,06471501fcd192ccf5fc4abbedc14fb02fd0319863161c5c42d6db7294288aec,top_up_by_bank_transfer_charge
candidate,069076285782b2fe1f1758ee0dfaababeed07d3d8fb7b1d09e3b3f1652670dfa,top_up_by_bank_transfer_charge
candidate,08ffde5f508c14cc575557a2b919df4d0203501ffea3d68fe0353f9ecce4e5d2,top_up_by_bank_transfer_charge
candidate,0988839c811802a3a1d58920a4f8a78b6b8853c68705cbc2df3eb1a2d55f7a20,top_up_by_bank_transfer_charge
candidate,09df1d3119827de23afb9c64c147475785776973b582c4720c499f9c826eba32,top_up_by_bank_transfer_charge
candidate,0b86ad0e0fe98ae950e98f736c2885ca9a1cf67011b026c8af815d3aa8a10096,top_up_by_bank_transfer_charge
candidate,0e2ffedd8b2ac6896bacd33e61c266677b327b992279a14a9c20646be1a4716f,top_up_by_bank_transfer_charge
candidate,122b301ba42012b46fcf7645623e05bab76c28ae906abde5986f79ee5414838d,top_up_by_bank_transfer_charge
candidate,13779c2b365f6bbabb891dd07230e7f2a5331134afc9df4d6010957ff21e4a18,top_up_by_bank_transfer_charge
candidate,15c30f04a2719737c1ceb623519eae2fd631d51089277d185394d2d3870736f0,top_up_by_bank_transfer_charge
candidate,1c94957c96871cee520f674f855c51d5d618b75bc9fecc47c9aa370574ec042d,top_up_by_bank_transfer_charge
candidate,1da133efe34d8a63fef2162de555111277156dd7e792937737702566333b4323,top_up_by_bank_transfer_charge
candidate,1ef17127a9526f4a46393611ea738bd980d10f04b50ebd2a2724371a55fc5c5d,top_up_by_bank_transfer_charge
candidate,22c7970f4e0a71fd9d218f1ddf475af5615936bdde3c6f3b37e6052ffe5bcab9,card_payment_not_recognised
candidate,241f93ba1dabe4961483e05d5f9d7b5429f82b9659fc60f9a33d5c4fd7b84542,top_up_by_bank_transfer_charge
candidate,256bef53bdd821bc7ceff7a64c037a965176dd7125dafd4fc473bf54273ca77c,top_up_by_bank_transfer_charge
candidate,280ee88bc3f78043aa27895cc5baa10916380fa29c1b77490d3a374e384fc113,topping_up_by_card
candidate,2b2650eb43670c503acbb68898c2470267a175fa118adb5a88cda850333815f2,transfer_fee_charged
candidate,2dcf80b9d02441d8e75501efa479620391d656ed99a425c17ff064dce1d5936c,top_up_by_bank_transfer_charge
candidate,31546f90a0640eeb1eeeabd30ca5196f29861ba3502698777a5c1e8bd8976bea,top_up_by_bank_transfer_charge
candidate,31d1894d65431d5793ebc667d65b07b9bd9346454f8ea3cbf0860d429412c451,top_up_by_bank_transfer_charge
candidate,34cb16583bb3db68a255acc62cfdbdbb9fee201bc1f9f852caef9eebbbdad049,top_up_by_bank_transfer_charge
candidate,0493e562e0e81e32a9ca39b5fa9ceda5c0bf7cbcbd3c29c3937962eb49e6e9e6,top_up_by_card_charge
candidate,07ed81c3f5d4434021ef4c1feea5241c6b5ec0fbc52041a0f562de4049e15f86,top_up_by_bank_transfer_charge
candidate,0b44c07916291b898ff5b6ec29866e8dd2078294a2a56b4cc8ba82f5fe94f326,top_up_by_card_charge
candidate,0b5bff7830d807a781ae5bd472c2618b6142751cb95d2694d8f83b0876062753,top_up_by_card_charge
candidate,0c7a5e9cb57dcfa36054af44b728fbeb089edd8a0fdf2302e80d957a6bf924f8,top_up_by_card_charge
candidate,0e55572960d89b9e0661de91bdce905a99f98fd19e90358dee7f0d7e5ba1e5cd,top_up_by_card_charge
candidate,0e7f74993eaea33afabac806e363421d4d74be9804d32b8f3d4d5ccfcdd09287,top_up_by_bank_transfer_charge
candidate,104b13a20037842b7b6abca74b0889ceb984263961d856fa109c5d84b88816f0,top_up_by_card_charge
candidate,10e7e3a4b2efe80ca79e6dea2fcafa4498be610aa6ee02c05eeba42994b3df1f,top_up_by_card_charge
candidate,113f22571912b5f2ed79373bfbfddb8627cd7def84ca8b6ea8948804db11d5d8,verify_my_identity
candidate,17ae0547fd03f9d3b9df138103862424f49760371677458932684425ecf121bf,top_up_by_card_charge
candidate,17c30f9785977f275bab2e55825c423cfef44b4fce44e4d5485787514ca7f9d4,card_payment_fee_charged
candidate,19dac0e393b55e6459bbac1b160ca84c340f793f1823733fc2a67920d51010f2,top_up_by_card_charge
candidate,1a3f267351c0c8e30434d8a26ce3d798def55cd2dc6ef69c6d45d50d5a848863,top_up_by_card_charge
candidate,1af8e25deb90e6bf06f4f87b8c51dbe2d14ee9345a98ac44b302f77180652d0e,top_up_by_card_charge
candidate,1cc0b6317b3a2c4c3b737bc94cea2aa8ff97f957db2ffc9d3ab267fba6df009d,top_up_by_card_charge
candidate,1d692b04dd23b949d0bf6142caa16cbb6064d25174848b636a92bdcc13adbf56,top_up_by_card_charge
candidate,1f3181886f90af41b64583cc2468e328312f0b50dd06ede439580ef7dd76e370,top_up_by_card_charge
candidate,1f39c76cbe695f196914ac9df6cf73a1ede6bda85fab32108123b5d5893d1fdc,top_up_by_card_charge
candidate,205b83a38290543ec9a89fd3ca87eabcf78a47b2265afef261a9c9b1a3fa6f54,top_up_by_card_charge
candidate,228dad023d21a528af24e6d3e403ec1138b96e23b1f98fccfa4078d8ae18132e,top_up_by_card_charge
candidate,22da9fb9e2328b66536b74c601de475de6d46ee9b5cd866962dff0dd9e061f49,top_up_by_card_charge
candidate,02846cd0b400ea4285fe63d170c60c435b409e8d7a5824842b3c4bd722c2cb35,top_up_by_cash_or_cheque
candidate,03796b5283bf07ee5c5d375b615ce87d0575c84ae9dd27418d8c4b9efdbddce5,top_up_by_cash_or_cheque
candidate,04878a85b64bfc6155970e3c301580c011315a9624b0c57b2d9289443470c710,verify_my_identity
candidate,0b932edb680023b1db161c636347ec2d8be67ddf8bac0188f49e44d190aea707,top_up_by_cash_or_cheque
candidate,0c8cfed6b083104dab4a69db1acaec5ee6251584e99c6195add2cc6ac23f7a76,top_up_by_cash_or_cheque
candidate,0e3bce71017b09b3e73f6498efbc8ec4980e64e77ecfe8d56e058930f144baf8,top_up_by_cash_or_cheque
candidate,0e869ded1f344106e46d29a1e9d93e2bddbf5945d9086f35dfd3021a36384515,top_up_by_cash_or_cheque
candidate,149188e113b75846bfbfde881606e8906fe96aa9dca434dda2cadf51bb6ab079,top_up_by_cash_or_cheque
candidate,15c008f57bd7797a240e9f789d67fb21aba093b365de39e7edb4c5ca50d8efaf,top_up_by_cash_or_cheque
candidate,17af4277a1eb15e674963e2189463713adda7e0c824f3d4200b034817d8635eb,top_up_by_cash_or_cheque
candidate,17bc8d6733c1c48c3e711e0bc0d11e6fc0e5e6eccab4a3a87e54eef6b93ddff2,top_up_by_cash_or_cheque
candidate,18541a251c9cb02a33705ce6f5772227fdcb0b1c1b10ab58eb857f95aa4ae411,top_up_by_cash_or_cheque
candidate,1a69ca606ad62d35b08ce5c78580015f9f510d79221b49790ccf85de5195b91d,supported_cards_and_currencies
candidate,1b70951d9b42d38c3f49d935e4706bbeb5a6ef8a90f96b61554b687ebce49d24,top_up_by_cash_or_cheque
candidate,1ccd03c834ed74a6ae464266ccb2b5bde8f622fcf14ec09c95c6ccce47373cb7,supported_cards_and_currencies
candidate,222a326cc06dc976f500b36a1050b69a51e9a9f84f56f431107315904d4c9204,top_up_by_cash_or_cheque
candidate,251723d285a95a786c57f587662b29362cb6b44250b36a9358b651d8ad50eab8,top_up_by_cash_or_cheque
candidate,259da01eeb6ba717fca320737d2a0fec6339bbe327ab4c2d695ea8ef0eb01fb0,top_up_by_cash_or_cheque
candidate,2c77e2500764576af0d2c3a215aa5c655b65d1c653aba7cf47f6b3cef5dbb52d,top_up_by_cash_or_cheque
candidate,2e4e1203f145e97ba0c856c6163cddc987eade41d31c63cb21f637b2f14891e3,supported_cards_and_currencies
candidate,3313dd1929924e2f3a3b55c58ac753361334aa9b628e3afebe6d69aecef30277,top_up_by_cash_or_cheque
candidate,372654f51431875b369e03487b7842199d09767a409cce94088d262d7ca8660e,top_up_by_cash_or_cheque
candidate,006f6330ad1783d7f9e799fa561386ed6ba7c1f13c845f79c8b1cbccca61beb3,top_up_failed
candidate,00f19db4a5b2d6ed4c416c80c27cef3ba07ed7cfbb1c1f5336494b6969faef74,top_up_failed
candidate,02f7ef023a5aa802bff7b0a7acc74aeb813ae49f345cd01eb366dd6f8d2aa16c,top_up_failed
candidate,03136b71699400d76823d04db9ef40f590e4fcb96d82803d37e986c08c78987b,top_up_failed
candidate,03e173279d0704b7bb3b2e691c69e6580ac27d7591921dacb0810efa3fa81659,top_up_failed
candidate,06eedaee0dc78f8e532ce5c3394e45af3eab3c20d86369e931f3388055994705,declined_card_payment
candidate,0a0e051e4bf3bd0c45ee566106067a654e860ebb6d447e6df537a7ec9e238564,top_up_failed
candidate,0bbf334db9f213bd328ff6799c6bc77891120011b7ac50835f0f2154dbf772ce,top_up_failed
candidate,0dadb16677cfab5f3e9e0ffbeecddc8a77300db9c1d27acd9b0ff70eb21c6082,top_up_failed
candidate,0f4582c60e6aa84ef98046f650224313432b9104130f08227134dbd0a6c00343,top_up_by_card_charge
candidate,0f9a264c9c9ac1cabfa8419b26f8dad13ce46e6e769780d3f0cdccf05f9f98f8,top_up_reverted
candidate,174e862aa962adc2bd394a5ab1318b65c8cb8fe0b15cfc79a4c11040ab7de1fa,top_up_failed
candidate,18c7084495be8be387fb453f6ca2847135df9af5a87f66b2dfeb7bf6f0dd1114,top_up_failed
candidate,19ba15e7f92b0ad190a88dec1ab7e97a40254d717d1e97e30d00d157916f24f5,top_up_reverted
candidate,1c1297567f377c31045a6b48b072f21b769519be0c595a5590fa5f9ed0ab871d,top_up_failed
candidate,1e7be61cb18f02687c09863237be9cf88d856b8fae028281464d04919b34f38b,pending_top_up
candidate,24d5cdfa2261931db1aa239d1544bb44bec61f8b4f6e0f0d155f1be1cf44d259,top_up_failed
candidate,26b8c7f79b416882d08ba79623aef6fc76d93490f6506a4f8e6caef260f9e9c0,top_up_failed
candidate,2766bc4f526a536d76599b8e698ddf0d053721718e5b167e3a2f4432edc0e3d0,top_up_failed
candidate,28bbd168ea26a276c2a41eb10f6e39c22e251bc6d2dc8c2a4ed8ebb06c49182f,top_up_failed
candidate,2969efbfefa0f5e0185fc0ab80914b4026872d33d244468f9c6aadb70c6be485,top_up_failed
candidate,2a60866617a21bc72d5559190416fb24f89a16ca3f01b00bab1142eda11474f3,top_up_failed
candidate,2f13ff93a8ae7d90d966ed5e78bc1c18f54b864524bc536774a4ccbfd654bd54,top_up_failed
candidate,304c55941640bad2bb92bc077013b083f79af5dd07e1918a6655ffc9f3559c51,top_up_failed
candidate,3365f6275a922b3945b40f1aae25e026526717e36f93640f5edf1f553e16b52c,balance_not_updated_after_bank_transfer
candidate,3c332d5ba2734712f08b0fc9fc07ba028181e8b29c4d5f486ae4bb39f6c59c99,top_up_failed
candidate,3c6dbe5307f144e2ff093adc6b9e1c6005a3e58d98c48a81edd42bf5c7fc6a15,top_up_failed
candidate,3d01c970d5f9615916d588ec957746bd389fa7896bcc5913ebe93e26b422468e,top_up_failed
candidate,3deb61a58a8a2964a49a48c66b55bcc8caf323962ffae918875dab1ec9545c0e,top_up_failed
candidate,04531233194a6b2d6621eed962c64b652e89519188236b428f1cc52547ce8800,top_up_limits
candidate,07c5c9989fc2e409a7cf9d553bf6fd667294751bed17e9243aeec8dda055ab09,top_up_limits
candidate,07d059799e2554c7fb22de14c80ecb089185b8ad2af6d95e62cbf9319150837d,top_up_limits
candidate,082c19f8b34748dad500761ac4a01985145040349cc38547098745ddbfbb05a8,top_up_limits
candidate,087701887e3de4888ae4096ee6e39818d08fdb1f436410aaad2ba47c1641effc,top_up_limits
candidate,08d66a496c384ca4ea7c6342f558969d8ecfbe6a827328724d4a1652d1c81832,top_up_limits
candidate,0e9fc6a735d3a6abbdc8e0ef709cd4cb811a3fcee7751f45c3367388b4bfbeb5,top_up_limits
candidate,0f044b281bce0895c8e35a9fa86a7d854b76de707c27714caf1e0adb9a8c8dae,top_up_limits
candidate,0f4970ef16dd5a2029d0b37df8dc7f3b76dcdc355abf04abb5978f885e463c72,top_up_limits
candidate,16fe1b477d2ce6094ee073063841d7b586479660202912c5855a35708f3c23c1,top_up_limits
candidate,17ce6c651c46a3acfa02069c1a434c6a59e9384dfe3825448fb32e6884662139,top_up_limits
candidate,1b1bccc08b375fe8f73efc6705ee5e42b0940ad3d8cc9c321f4b46d68d404936,top_up_limits
candidate,1b2221d97f91f9344114ac396909403f3e16231618a2fd9c4e1237f8f45fae2e,top_up_limits
candidate,1d1b3df2f7fe449ad39cb3838f8e389b0c5ce241f89dbdef305f087e88b5613f,top_up_limits
candidate,2043e5336650cc703df98bea08d366beb129f10daec5527f59c87953008b54cd,top_up_limits
candidate,2967e5291af8f81a5af270a3ab7b51db869817231598c6a63adb54b67637c672,top_up_limits
candidate,2b0935cf7401e4ce74884fd39371833978535c4e0bac8131a49752370205cad0,top_up_limits
candidate,3409b07201eec32cadc35c402caca5279a6af203b85a39e32bbf7e754dc1614e,top_up_limits
candidate,36eb4bc8e706030e0afa7fb5c350dd912e6a71136fc1c9b47b88f82bf3a087eb,top_up_limits
candidate,00b1a1955c5c302a6333c095509eeeacce310ff88c776d2910801d400506ca67,top_up_reverted
candidate,01dc4e13321747688d548555be0f67aed9e32e2826a5a4703a73ee631e4713d8,top_up_reverted
candidate,02170690ce1a387bd65d3eafae5b03984331d333d9062eed4b35f6bf495a51c5,balance_not_updated_after_cheque_or_cash_deposit
candidate,053ff554bfc8f7f91da14383e54cb66e0622583681a8bfb23934fe246f18631f,top_up_reverted
candidate,062f875ba473f5bf7cc6d8b0168919183fca11cefbad9483f7fde33f6c5b31e6,top_up_reverted
candidate,09071d3284ce24e56510868d76ec17718dfecf6e1b3ae17887e5d83c52992466,top_up_reverted
candidate,113db53c1471c4bbb10a144b1bfa01ab4b01ce1ef09e9858af1afb7617fb8fda,top_up_reverted
candidate,11a86098ccf4d987398e27857ecbe724cd7b7cd80f2ab430691fa072f22dff23,top_up_reverted
candidate,12f1d9bf4253d4e758338772adf62b0287eea1e21c08a247435f78da520d1dd1,top_up_reverted
candidate,172714f322e5aff2296f52bac5c3124eee362ff049e81f803ead822e0a4b5b4f,top_up_reverted
candidate,17e37dc7fb5fc2103adfef82a56480e5bb394a53bc2e347f0e1e2c1b82d6d2fd,top_up_reverted
candidate,1e23fcbb65b65c4209411b304e7be3e4cdafe88f8868969e48b624a974f46991,top_up_reverted
candidate,2135553aa0957913716e24b956c822fbc41472e5d4fd2b3e9eb98e2beb161138,top_up_reverted
candidate,217a2dab450acd836b49184246f206d232b9173c65be3487bd0da69483a10c03,top_up_failed
candidate,26dcd1ed9b5103b181c71c48b6eceddedd67ee2b08371062663046945aee217c,top_up_reverted
candidate,26e65d6ba2b9df80d8a6dff80f0423ecaddb276bb265a98bc10b52d12b64af08,top_up_reverted
candidate,292c9424e1f0cef609d1e027c090159f3ec4258c8a2455069100f788a7dc3bad,top_up_reverted
candidate,2b10dfeea3349114b070196f3002ed7531e6f81172dc350038c0bdd3aae28cae,top_up_reverted
candidate,2b175cd9cc33ca5e864a041d794c064aba9fa38ff85e579c244e95ed14a8e7f0,top_up_reverted
candidate,2c03b0ad2bb7e5ddf8bec7363a9e8a0a4cc2e4034eff9340304d136e7ab6db9c,pending_top_up
candidate,2c5c06636391973c05d2bd0f06add31e2718d8389d54cd0bab863e27d6300ce7,top_up_failed
candidate,2d448b89feb50c260573201b09127f486ddb9166dbc4d114420d4e066d085257,top_up_failed
candidate,2e90c6c070438d14953e2cd7ab0f2b1b76f42c4287bc6f1462b93de1a2cd93e7,top_up_reverted
candidate,316a296780fbed4f0268b519a5bd5160bed0035f964dd7425b65e13786da1802,top_up_reverted
candidate,3235e811a9210248283a82ffd41b6e175d1fc4284e6e089fe7474a7544a3c433,top_up_reverted
candidate,34c60bf4819656daddfd3d298bcee230224ae4586af5cdfe4289bc31cd15a801,top_up_reverted
candidate,385e18ac112d9e0dc44276e68fb17c95fbcd4a40d98de35b1bf4d1e1520fbe31,top_up_reverted
candidate,399b1cdbf80d14dd94bd09ef345359c4f1c44de9b645b245d511e6fa37f6c88f,top_up_reverted
candidate,3a993f087161b69d1b03310d21bc278e99af53b8e84be5b1d86ae88f6c18c6c2,top_up_reverted
candidate,006f2248479f5e9bb4d7e34a1d3f4111fe770c8008e20b20f7ccedd5a00f52a5,topping_up_by_card
candidate,031c46958c45e6ed79b6704cc01c3f937645cddc0d1813d24a65c079fe08cdac,topping_up_by_card
candidate,057f4523a28bf1fbc046717816ff840ca615b91b40fbd32e2becdc2edc0bbdf1,topping_up_by_card
candidate,0648c8317797b9d2c3a32bd638a77bc9c70b1c66fafe4957cefe22bef2ad5503,supported_cards_and_currencies
candidate,06cfcc9ca36ba37ae46efa377badde41753a8270887d6c9787e1f034756a7edd,top_up_by_cash_or_cheque
candidate,071469c8e9c68948c68d29af83eb040686c0d7383a8fb27300cbfcc06e08c33c,topping_up_by_card
candidate,0b3ed7362ac5a2a8763d3136f469b9c29bff42155968e179f8c6ddc2c441b116,pending_top_up
candidate,0b6dd97c8ef27969e6268ec9e17dd226df38b779c04b09bc4a6b5a7bb26a4893,topping_up_by_card
candidate,0c94edc65b39a6e7c99bcc96dd66c919ce9af4ba2e561aa2958fbd34c20f5152,supported_cards_and_currencies
candidate,0f55bb57b70a32032a37ce45dce25c4badf1dda6f2d772d03f8e2f60a00ba786,topping_up_by_card
candidate,186219f7eb6cfd344832e168df62bfa8620c947cc8f9c88eead6e055324c051e,topping_up_by_card
candidate,1a611cbfcab4fa102cedb153e962713244c6892db6df19d7e5e5db6a6d417401,top_up_by_card_charge
candidate,22db5f1cccdfb7706cf46a0ffc8429df05b21d5feedbc107c52258c43a1f3dbc,topping_up_by_card
candidate,242d6d222ee7cbacc7917441a5415ec4a4172bb371c73289cf093ee2b6240f7c,activate_my_card
candidate,2e2a0946f3d472a395c834260c0dc4c77731309fb0ecc7acbf049b73bec34b15,topping_up_by_card
candidate,30188a34a5b188d93ab49744e4634b2d17c0ced0af2928d3392b5b19719be7dd,pending_top_up
candidate,32d27d14014eb3c7c97e13d01bfca9dbe81b5132fbeb23b85fbd3680fa84e015,topping_up_by_card
candidate,34b59745d8f6c3a0650c7cf65225cbd6efb7b6a82b46928cc20ba167bd52c909,topping_up_by_card
candidate,3676c65c4fd3c9bb3a0d057663aec4c6c35abc2ba9d50308272781644b284853,card_linking
candidate,36f25f2d4f5bb137559dd936d18673549a6693e5042e02031e038081036104d2,top_up_failed
candidate,0012fb15df28ef4484a3e17802bb81041b8e862d00caffbe8d492d270b5f1c7a,transaction_charged_twice
candidate,0237e2bb9d49d9f633e2671fd836426951a9dad8904e9128c9d7dc8fbf95398e,transaction_charged_twice
candidate,036572e58cb253343ce67abfd043a4490ce3aeb585b693de95dcbec3e1ff7881,transaction_charged_twice
candidate,05199f4ca3a3515a06f87d9b2aa5f400916cb5ca7bfd05b2494ed962e3d97e03,transaction_charged_twice
candidate,05ba57e9b7964c07cd092504bd5fa02d38213a9fc2c143e339110ab333ae2204,transaction_charged_twice
candidate,067d377ddce4e9240e1921e466e5e05b11b5fb74df2c5afbf8c7990f4061fc3b,transaction_charged_twice
candidate,06c7b4a50e6b4727e9b7f465b167c5ec7328add424f1ce5b764f4d4b9e89c590,compromised_card
candidate,06e4614e3cc9ee4b01e13a06d832c8c5bf907a2b297f962064ac6594df391303,transaction_charged_twice
candidate,08d86491cc853e5af485991a16e66fa9dce8b823f430d190136ffb0922a15820,transaction_charged_twice
candidate,08e831922aea0ad359568c98ae45c9165b1d469146544af6d4288cbe9569d9b0,transaction_charged_twice
candidate,0a360bd9cfea391d5f874a28a48ac2c9df2600a521315b34f000a996bea240f9,transaction_charged_twice
candidate,0a8bc7a48062d6aea792431f4594412b7d160f752f433f65204dec85088f6b4f,transaction_charged_twice
candidate,0c1108740e549a8ac9c9bddd51c13cc36e49afc5e70bedb24164b2bbaa81d0a2,transaction_charged_twice
candidate,0d8ecf1fa45cea5adaf904fcdb8eb799320b05f1a09b87b0d8c8e3833b869ae6,transaction_charged_twice
candidate,11c7c5838aca83a743e7c31f1253a7e5392d41ab0cb30f7cd465287c9f0357b8,transaction_charged_twice
candidate,13eaafacd26061f142780510bd29071e1bbf378b7b4124e250d78223c49f2c72,transaction_charged_twice
candidate,140cf900b7dc73ad1adf674cb256c52684d6df962ff492d7c8420b25521e6a6c,transaction_charged_twice
candidate,14e80e9c4ab7eed263515de16f67325edc10740d008eed595cfbc98930bb9417,transaction_charged_twice
candidate,150d3d1d9da14282c17f5c9aa4f6adc46392acf5edab950648e8a56e0f304327,reverted_card_payment?
candidate,15b74c82d2a2bfe3da9ccb90e06e99d45a891932936fb8e385f210e80b7f983f,transaction_charged_twice
candidate,172d84643993c0ae0cbecd96419638ab17fc622cd9046b452d370c5c4fe23dee,transaction_charged_twice
candidate,185bfe85fe71712358ae35459dac92632bf61d54f4d330aad6c6b417741b955d,transaction_charged_twice
candidate,19704952bfdbba1ed5744000f1416d297159eed60c2397a4baed98627f26e15f,transaction_charged_twice
candidate,1b96003b9cf8abeedb5fed4cbed68f0b859c390630b769da7feced4e888346b3,transaction_charged_twice
candidate,1bba5eb080edb4138b9757c46758c0df9a955671e4a8282beb4cfa6c8d4fcf67,transaction_charged_twice
candidate,1c157fa36c270adfe3c2890f1096ed323b85f345b37f70e00b7b8ebe2b9fc4bf,transaction_charged_twice
candidate,1c259816947cf213f238e7f1e64cec22a2ee7bf5cc10b1312bf978f4dcfbf5a1,transaction_charged_twice
candidate,202d6cdd9ddf95a3505e6ef1530f67365990f873a7f516896f0b9c7739cb46e4,cancel_transfer
candidate,22bf3329002f4404f9f497e70453a5af85176e3ea08e47b88ad8529cb470445b,transaction_charged_twice
candidate,22fefca7076cedd428be726318f2cb3cafe449d0aa84ccd4ddc8a91247da2298,transaction_charged_twice
candidate,24051145e474eda2928640c48ede1938c40711efdb763088b0676989096e9dde,transaction_charged_twice
candidate,24dc3942babe2005a86388a39d079a3b25b8f6c3ef3c5781c11f227a6fca4f3c,transaction_charged_twice
candidate,24fb5e0804099dcdc0ae4a3a0f66f03c75aa10d968f035eca58c879a1b2851fb,extra_charge_on_statement
candidate,25c6737f5e237c38e2d4514c1645a1c4d8bc36de7a87030ca43f0fcecf78a905,extra_charge_on_statement
candidate,26386d9100e9b07d4f4d90d52d012e3829c2b9547b56ac6b4306382f0cb6d6ee,transaction_charged_twice
candidate,02bd7da96718543aac8d1f380856022f690dc6fbe7c42d8476f525c53544a33a,transfer_fee_charged
candidate,06d2bc05983159eceb93e6d74f75e90af535e9b77b0d75daa596d13a245f7f84,card_payment_fee_charged
candidate,071f44c41955220f92a97db51b527181adc942018061f876aa19ab10f5c27924,transfer_fee_charged
candidate,078c94afa130d29a85e16774ffd51ae1380f4b8ee2d5480908fdcc99a956aba0,card_payment_fee_charged
candidate,09077954e4ef6faa608a7df877559355376d3fd8a8ccf7f4f5dc60a09cd553e6,transfer_fee_charged
candidate,0ac1c221ffe47cb11c34e06f256bf579e8956e0a634fa7503df935b41a692209,transfer_fee_charged
candidate,0bfb10684e2c1442ff3ee5282af87992b10b7fed7d350b531794809c8024a673,transfer_fee_charged
candidate,0def4610a2af130f60c545c899c4a8c6a3a2317722656915d964ab013eb3be7c,transfer_fee_charged
candidate,0ff6f4097c6229bdd8ccaa5a49667c14875031cd6ffa04049c75aaf5eef0e406,transfer_fee_charged
candidate,10ba7f3a389e0611ced078267b9c6bc7fdf445214872bafa0c13918ee274f100,transfer_fee_charged
candidate,12328b9d4beeb12f8f5cf0f92e24b6483898b8cf5f7bedd4a37a4e2400307964,transfer_fee_charged
candidate,192b91e49393e501c0b4407d3d03306932a5f06e6def800a77880f93e3a0e025,transfer_fee_charged
candidate,1aa70a31010aaf5d85581e1551a85095b0a3b21f7d8d4a94e4513129b0c00c7e,transfer_fee_charged
candidate,1b2e8749a13abaac5e37c8365497a66ac75e5ac9751caac27d08cacc30c99013,transfer_fee_charged
candidate,1c72e0ad6b2db762625c082ae9b29e206ea7e11c4e4a65af4d04e9961e982bde,transfer_fee_charged
candidate,1c749db69d9d355f97dc5d88ad998cb7d5fb908df8de24ece4a8935a80d2b4ee,transfer_fee_charged
candidate,1c787dabb85604427e2bd17dd0656f942e3e552de1bd8c480a98b82e7488fb14,transfer_fee_charged
candidate,1f544ad3c9333fb2a862107d2a3396c3833293cecc28d418b1146ac9e0e14b59,transfer_fee_charged
candidate,23e9021eb02f69d2f0259ec0959a0957d44904eede8f743781fe7633ca500837,transfer_fee_charged
candidate,244ad10d1232c7fa47e8db60d6109cf1e63de0321cb9b5aca01e0df6f7463616,transfer_fee_charged
candidate,249251dde3239af1d895860f3f07bec8e4006648656405bfa2fd971d23e90a21,transfer_fee_charged
candidate,261c8022993a058acfc148ebe1df38ea3c25033b9b20668bfbb255415fd540ea,transfer_fee_charged
candidate,276c6a8cf30da0f0fe72cdf7e030c8057c20b98c612c7dd290e4dca109f5a58e,transfer_fee_charged
candidate,2aabfab8447ad752190cf104e60d4bb9f8e5b43a0a3fc27b32cfc00004fd9556,transfer_fee_charged
candidate,2ec666a45d188f4ffa9f1264ef5ff39903ef16fd929dd3c98e5f74022ca7e7a1,request_refund
candidate,2ff5193d34f8ff6708948829792b54ab55f2cd88cc94e6b2ced047402d4746a2,transfer_fee_charged
candidate,309c78717934dbf460d50f1b146f263a6e43b8c7da8c94280d64af7b5ad9a317,transfer_timing
candidate,3146b79c04df6d502ed7225580aa3115d47bade636bffc6486edab7c96f408ed,transfer_fee_charged
candidate,340f690efde049cb06a22970d0255c61788b0225e5a48272b2a1675dd5caf979,transfer_fee_charged
candidate,342feba605d17d0d246df07ceccb586f6fdeca8e12178ce9f6e4143def52fee6,transfer_fee_charged
candidate,368dc3ded0badaabfc429abf27400aa57ed4fb4900f6ea341df7707c4ef1c362,transfer_fee_charged
candidate,381741390f261d2281fa0185b1c0de5681c7c28bbc586946743f643a46f02397,top_up_by_bank_transfer_charge
candidate,3bd4382cc5bd999ec98355e5a964ac42d085bc6ece54def631f684e5f085cec4,transfer_fee_charged
candidate,3f4d430cadee28dba83f3779c4ff1e4b9da474e65e2a22f1923079bb08d492a2,card_payment_fee_charged
candidate,0435178e6aea622c6c591b7e402fd94149162c4f58ceb2318a47593a6ef206f9,transfer_into_account
candidate,046a4c90cc1ad32f1a1cb1d550f11608506f446868042f1e529b947f2f272fae,transfer_into_account
candidate,07db172ccf08e480582afe1b4b220663ea8bfba07c5450a612675383efc26c5b,balance_not_updated_after_bank_transfer
candidate,080f8ae9a337428f222aeaad39a24857ce25ab778493141324928b104f413409,transfer_into_account
candidate,084b41645a061fe809a5bd678aa7ececfcf16130ae3e07c5823f5e89f8c6548a,top_up_by_cash_or_cheque
candidate,0c09789428694fad02a33fee87bd7715486d524e553e7a34e3627a714202622a,transfer_into_account
candidate,0c3b1cec885f3a4386b2d9119183da2b882b952de6fe5e839ab048f73fa6d53e,beneficiary_not_allowed
candidate,0d540a3df9d14971516b75a86618862d118f5ccfdf7eb38f974c1de769fc6bba,supported_cards_and_currencies
candidate,0f5337a05e79decf104085ebd1830573b3a1967a9d0424efd04b9d31fdb550a0,transfer_into_account
candidate,0ff65d0caf77bf945f8c8e373cad40853b20141c95cdef1c9f0bc6e7dff9235a,transfer_into_account
candidate,17b7f9e23ead14a01d576510851e50afef35527ca18a947e71773152e41552c2,transfer_into_account
candidate,18d395cf0e626f82a294bb2b6305b6a69899d1edc7587362527ae17f7976a18f,verify_source_of_funds
candidate,1a6797ac527723da24e88795fd0bb484d03131013c926494e345eae6363d6740,transfer_into_account
candidate,1e996d3d76fbe70f9c902ebe6d5b2268cd0cbded92870e02e65cfee6a1bdfcd6,transfer_into_account
candidate,1f5c7d81e15ca66769c6a13aa2280ea9000060d0df0fee94ebdabdf61e59bb36,transfer_into_account
candidate,2633b0987f59786a6d3af87451a66d306793a1616b749f9ff39cf4685b4e94a6,transfer_into_account
candidate,26968e3b27e98cd3a386f03e99dcdb82f40fabc54adb1b24ff56531269cb9640,transfer_into_account
candidate,2b0bc0c92fa359ae360e5307a4900c82ae802a850432f4ee10c5e6bc039d15a7,transfer_into_account
candidate,2c4d922e0bad796ae4616be985e862c844e30522be85c86018b81ddc86dd6c65,top_up_by_bank_transfer_charge
candidate,2c90d3f2ca6905dad7bd854ce96dabcb96098241a47356b87e6c6be38d2c6ced,transfer_into_account
candidate,3013b92d9d879fe6a350f171979673d329a72d73bf7ce86244f7988ad6c993f5,transfer_into_account
candidate,32373cd2fff302ccd605aed0bc8a4417f4797a2bd431332a44971523b6a93182,transfer_into_account
candidate,00bbecd790ff455704e7b2a7d0f9a72bd6c3f61fe500e664e39edc0e8370caca,transfer_not_received_by_recipient
candidate,037c9624168889312d5ae690175355dca49b910dd9db3e4c8282da6032a1c255,transfer_not_received_by_recipient
candidate,061ba6e0feb013e6356540606b67b53cfab4ee2d0e9e41416f4af5eea47756a8,transfer_not_received_by_recipient
candidate,077927ecf8117b6d73ddc268252cf6f151ff1990babe5c09437ff932c1e2dcc5,transfer_not_received_by_recipient
candidate,0aa90dc994c2fc61756fa439891012655cdbee66cb272619951b1a89ff6e2b4a,transfer_not_received_by_recipient
candidate,0c1f4db49697b75b8ca30f0eef9975dd865804e596b1852f4f78ba6cad5f0902,balance_not_updated_after_bank_transfer
candidate,0c6c2fbfc58d1ead059cf93c08d13ae976c24f9181f20350debf2cc4bd2e7c90,transfer_not_received_by_recipient
candidate,11a8880667dace2c40af81728dd4dc83e8715eaf26c55ed815c77ef896ba347d,transfer_not_received_by_recipient
candidate,128e5052b82d6dd063f2f2a6cab0e1707ef2866f44ad165551a2a7975ca8d2d0,transfer_timing
candidate,1323cd0a5ad6ec2097fd9d305407e564635418e6114742681a0a70747906dc98,balance_not_updated_after_bank_transfer
candidate,14efb261170072eedc0c8856b859bccd1245df25c2d2a01cdd535113889673d9,transfer_timing
candidate,150b02cfb3bd5515d044146c42ac53b79ac90f04a8f9c1c217afc865adbb319b,transfer_not_received_by_recipient
candidate,16d9c02a9e61d82ba67bc5f66cedb8ea5403d2f49438721c51e174c95e745dbb,transfer_not_received_by_recipient
candidate,1734d13ff03761dc329f2c84d50bc27946466fc80b66640789ed6eef8bda66e4,lost_or_stolen_phone
candidate,17be8ecd0d67dd154cb6c8e3d731062bee08066b2b4bc4958aa327c29e7b2656,transfer_not_received_by_recipient
candidate,18383a189cd512d9b7db6b89c7ea0852dd7aeb0af50b9e7293f92a15c304f6ac,transfer_not_received_by_recipient
candidate,19659fe6861b679d3154973ca65ee986e073e7155cb8247e1131c09bf30ab888,transfer_not_received_by_recipient
candidate,1b1cdefc949d6d6a97fe6c983a8c7bfebf96c635f73910889c74dd4a1dedac2f,transfer_not_received_by_recipient
candidate,1c04dbb501fe90fd242c6bd748fe9d1ad29f2aece35f24f17b0a9ca4a3c85fd0,transfer_not_received_by_recipient
candidate,1c4e52eb6a3bc59efe228c9c031a364857a5d8bd9199799ed3431407d0151afc,transfer_not_received_by_recipient
candidate,1caf366ce255d12aee5d4ec4592744d1300c4dfaa941036832b56acfe74a1795,transfer_not_received_by_recipient
candidate,1d56f6f65160971202cc454c3a7e56740f774e4167f91c3da65fdc8177a2f514,transfer_not_received_by_recipient
candidate,1e3b5e5bc88a4a93cc0fea2addd981e1a6821838472a2dc14d7040492f124396,transfer_not_received_by_recipient
candidate,1fbb380704a62ee1643a797dc6dc348195779f607159b467a1a5eb4273c20b21,transfer_not_received_by_recipient
candidate,223188b5cb5f7dba80e70385bfabb424ae8fb398e7e92405a53d74a57493b18c,transfer_not_received_by_recipient
candidate,2ac9fe479b605bf5f9b768d55ca7abf0058b5ee9772c235d401b3807c6178c5f,direct_debit_payment_not_recognised
candidate,2bff953854d60bf38e637cbab51e0b51a939311d461804f28ed177c83a1980a9,transfer_not_received_by_recipient
candidate,2c2f3ede356ae00808619b9ba7ce65c24c28dcdc2e78446c96fa5c8201cc43f8,balance_not_updated_after_cheque_or_cash_deposit
candidate,2dc485c5b5f117863a192a7abad10c57407f900319a3d16d812c32cefe84d723,transfer_not_received_by_recipient
candidate,2e30d15b1e29bfcea1ebbb6dcfe2990ccca9654253d129b50a5746f12997f3ee,transfer_not_received_by_recipient
candidate,2e31850f2052ea885181064c2c61dcfcea0352cd74731ccee6693f65664f3663,transfer_not_received_by_recipient
candidate,2ed2b9f1e4ff771905e2679ac255bcd44585b792d332527e05f71fbe6342fae5,transfer_not_received_by_recipient
candidate,301a191aa8e4ee7a98e809104f9014611a5c9af9f55e1152e12d133a34cdcfaa,balance_not_updated_after_bank_transfer
candidate,3062339680961a65f612c58d749f45ff681b23276f3e38f898e76d86b67ddb50,transfer_not_received_by_recipient
candidate,00c4359d57a689423bf02cef75a68d3d158d3742820a14c3002d9070066dbcd8,transfer_timing
candidate,01505d457e11489998cbb4df88643c3ddaaf8084e40fce641cd09b5ecfc0aa94,pending_transfer
candidate,01fc1363a729ce59abcebe18a943029f37e0eac9e06e86a5815522e97d791eb7,transfer_timing
candidate,033f0e032e4a37e5623c043b04ff66e57dd7cfa3009b6e684aa64ff2d0fdf825,pending_transfer
candidate,04eaa55410d03497f6a2d8545efd8a64668b8bd6405ff25445f88e974ecff6fd,transfer_timing
candidate,0514b7b78f9ce2aac08cce43777f968c60e5a537ffaae2bcba91b9c0af8d67a0,transfer_timing
candidate,056a135468dc37d40bfa84163c2417b315c72dffe58bd278a9aa2b76f0b37424,transfer_timing
candidate,05f081eb5d2241539e86a591098dcec6e6357e4462168e365d414f78299071d3,transfer_timing
candidate,06c490bd9f706e894bef43af80988254e593057dc1d4f61853b8088e095b5537,transfer_timing
candidate,0a28b7b1b7c0acb3ce70cb71114d6884db32646c9802b75b0ca0dcf3b968c8bf,transfer_timing
candidate,10489dc6dd587a38c89477b81ca65288c58ce1bfa8bbb640f06782ea4891dccf,transfer_timing
candidate,1349b1958e52ff85db9c8f41a17b7ab9b1cfbd00734840f15b8e600314153e51,transfer_timing
candidate,13925ba1ab5b3172dfe35da881855682cc7c6aa83163c6aafbc43de4cb863292,transfer_timing
candidate,142b27e1f7dd2b0c1c323e5e237725edf5363dfaf8d8dc075715df10c9103cf7,transfer_timing
candidate,1d7179be64beb93bf508d681e4a0718a4c70397a347de10c7640b9445fa3f9a8,transfer_timing
candidate,1d9387e74be5ec6f1f2088819e708448d9fd1a87e00b36558ec295004badfa30,transfer_timing
candidate,1f0c29b01086767adf42900a7d2ff97f0bfbb86eabf340f1e8e20bbcb4f4080f,balance_not_updated_after_bank_transfer
candidate,206ff85b59168e6bc2314bc0168382d24c4a0ea3acd28ce52ad17f13dd6f20bf,pending_transfer
candidate,22a0e950016278576a375dfaf57ca5d0fb0046fa849718a8c7bb6a1bf31d2bd3,transfer_timing
candidate,22c8a7464a0bc2189071ffc4db906985b7418adec13153323ce5dcd8b9db7707,transfer_timing
candidate,22f0ed0e7c5443892c25ed30dbd43d60d83a75f0cd941877e2bf9e8a8fd46b76,transfer_timing
candidate,23a4c7d8c26448a1563616437f4b611fdb0419a5203cccedbf9e3f26f00268fe,transfer_timing
candidate,26684ea5001ee9a0d6c6a62b8c0eccf8b9f8728b86b123d01bc496cb369f8acd,transfer_timing
candidate,2ad476336cb61120042020f4dc0fe0818481ae3ffbd6b0935c832ae0b7d17690,transfer_timing
candidate,2b9aec275cd83a85f81cea99c667b773610f63d8b0d5b9594457c5bf24581606,card_delivery_estimate
candidate,04778d49fbf94f1e59cb552678a6033dd723863ba6063769056f8dacead2d643,unable_to_verify_identity
candidate,04ab8a100cbe505eff39b6649ebd84c26031d81807e925ff1e0a607fd72da082,why_verify_identity
candidate,0ab74620f8b3d824c844c9b1984f3495898d2af9d256d399296a1e0c98ff50a5,unable_to_verify_identity
candidate,0b51f16b54cebd822894f21b3ec6d0c6ef0fb37ee835018e12093991f17fee37,unable_to_verify_identity
candidate,0dab1fcc614d0b35afaa2561272e6201877997ac0f174e7d1c0006ca2df6610f,why_verify_identity
candidate,0eb7f363403d3cf55ca30aa8ad5e214e1a821efc85054eb9ab35a70349b454b1,unable_to_verify_identity
candidate,126eca166314834b2816f05a387ac50ca59ff5615b67ce1a7d2f2cacca225d31,unable_to_verify_identity
candidate,147aaf6f853404080b8c39261afaa25e6b098f4b9e68ee0259be95fbf7e37b44,why_verify_identity
candidate,173a835bb33b53f4ddffd15837d4c937ee3e8c6cc8eb0a26d027f13358b2277b,unable_to_verify_identity
candidate,1df99cb8d97b42c2208fac2d9c6c5e4fec0927a0b709f7006d201d6ad38920ad,unable_to_verify_identity
candidate,1e3f330c74dc54883c6d795d14c8b85795b9fa09652287135bb072eddfd2cb88,unable_to_verify_identity
candidate,1f26fa6b62d0ab5647854f5c5dcae92769032859aa7bc07c2ac1374b74fac78f,unable_to_verify_identity
candidate,226776fcefe9b4aa71fc129ec2eb46d2496d3979f4a154174f0bfc6fe93da5a1,unable_to_verify_identity
candidate,22d239af9eab0fbacb0ea34ec1934e20a5e363d382960ca46bc677c674125acd,unable_to_verify_identity
candidate,25fdeaabcfc476afa5fc3ca3cdc45067aa1fe4d7a882013bbcf2fb2dcd930b7d,unable_to_verify_identity
candidate,29b3fa84fcfd5dd5b1cae89273a6c5ccd4f168594c4d344a49207a71a2dfdd1e,unable_to_verify_identity
candidate,2d990b4d3862cca822a8bbf2b61802c861f1ad8b0faa04c86ca3463f47ef29ea,why_verify_identity
candidate,302de4e6d20cd5a3341fb482f075ad45518b79c2c304e944f5698a67d2247f75,unable_to_verify_identity
candidate,308ad6f7172cbc52cfbb41ab84fc0e846263e7ad9aa51e7e3a10410888a7478c,unable_to_verify_identity
candidate,35c2c0b01f68928ef41239451ac6e86076363725a9a3b3633523d02466eca253,verify_my_identity
candidate,013b6d7fe9f787e10905e35e25bb34b4da50e9e8a4a61d7495a1bab4b4733e6a,verify_my_identity
candidate,01d76e09154b8afa4d7645b3267741269cf5291ee742f69eb41bed9e343f1419,verify_my_identity
candidate,03317de10e6810859f0929195af7f8b0016f993787547d8d12070f5e0180e5a0,verify_my_identity
candidate,035a053abb2b8c1e63883daca61098590157f20e752b2017804404e529e99e04,verify_my_identity
candidate,09ab366ada9731b6e122b7678cd59bb8dfe4d8cc9aed38f180d3ee7693a544b2,verify_my_identity
candidate,0a59d07660ecfbed87080d2f16bc8a6b0e6b4c9882d2d3692dfb4515962afb64,verify_my_identity
candidate,0c0e20ad409bb2ca516985976152941c44b73318934e77cdb3177c65b9065898,verify_my_identity
candidate,14eaf8b569451d0df6fd28951bbb0560d1acdaf29f668170c460e7e612ffff52,verify_my_identity
candidate,174f588e91803316369a6c4fc0a542f73573e1c078ca457ebc950dee389b7fa2,verify_my_identity
candidate,18336f14baf8683bd249a78f26edfb10cd00529ca9c0159f85fc96832dcc0930,unable_to_verify_identity
candidate,232d6a859c783abed9a9db5f57ec21ec258468278f368216dcbde3cd6be56680,verify_my_identity
candidate,28234fb8fc810db5eec69436bad48a6c7272f336d1cb8a2bdbb7f74ab1a089b6,verify_my_identity
candidate,2925d7d48fb41ee94939fcdb94aa311c20fe3ed5bfbc5b58479fc3714f57f9a9,verify_my_identity
candidate,2993f42d57cfa38ab99a82fb1c7bcb3ca9b2cc98ca6e649de36b3c72f59ad37a,verify_my_identity
candidate,2b8c7eea5d2f4d9ee1ade10a78cfa7fbc2de07f2b7677898547821619fc41478,why_verify_identity
candidate,2cacaefae9e78cf81c1211c01779aca75b7d7a8741f4b56e12f52605614f17cf,verify_my_identity
candidate,2fd321e6b83f935b5eb8a7a561675364266cb29afa18679da9adb22b856b0101,verify_my_identity
candidate,362f291662bdb3c02e69b77f156c088f64041389641df615f243a610adefbe86,why_verify_identity
candidate,3942608a8de1322d2c3a4ad7f755f26c9b2163869be08c15d4e75ac4e33a2125,verify_my_identity
candidate,3b3cb5af89207094b2c6ef75cb07c6f25faab4264b4c9748189498746b79538d,verify_my_identity
candidate,0130ed748cbfa7f33abb9b80acec4ab9e72bd5a7b8dbb66951354c944833c523,verify_source_of_funds
candidate,0255c2814dd2d73bc08ea7e166c3adabb95ab8e3a29ee9f71cba6d8019d9609e,verify_source_of_funds
candidate,032ac548a4a6f090f6558b0c1f7ef9222078865d701ad6f559b7dd85209dd225,verify_source_of_funds
candidate,042a67074031d46d69573ae61f66a5a2a12d3f5b945885a55fad332828d7947c,verify_source_of_funds
candidate,047bc8faf8e4d835f5fc4fe8bf1b6c1ac320c8e3cff9378e8ac8694dca0be15f,verify_source_of_funds
candidate,05eb3eaa08855d6cdaa623f6d8e1fd628502f6b457b658e0ed0bd206913bf765,verify_source_of_funds
candidate,064ba23ad887ae858434be6f2de38d21726304002aed824cd78d8343c5850e63,verify_source_of_funds
candidate,06bd0a5bb3013e1e906daf628f87672a7bcbf7f543ca45b33991ad2205489f3d,verify_source_of_funds
candidate,07fdcacd193487d18a11ad4271c5219fcb42d8c66ac0c73c2c07d03aafb99540,why_verify_identity
candidate,0c431115ca24cb68c768a01067591ac00e8083d30b684bbe4ac6e867fe1627ab,verify_source_of_funds
candidate,0de60907b2601de98322012eb3d71cc42fe1bf08de5cec36591795217d36986b,verify_source_of_funds
candidate,0e1c55cd185e46969569905543176a4ceee6997143c6381a6e4eee5d45956841,verify_my_identity
candidate,0ed9b29c54811b267279a0bf8825bfc9782204b3d6304d8a53d4fa8d1b9f4274,verify_source_of_funds
candidate,119c49e1e15b75b947b1dcbf69a030803f41ca93b3aab4b6b9c15e00912f8e6e,verify_source_of_funds
candidate,11f25661010e2a0535021a69171dad4d67724f747e48087c14b81dd037471da0,verify_source_of_funds
candidate,155797f92461b240317b997257d8340807b54a4fab604b336e340ab76c8088e0,verify_source_of_funds
candidate,15fc2f7f052fe8148e0ef07791efc8b5751c96421901d9a8e4644f8df2c89e35,verify_source_of_funds
candidate,17cac1ef86eed09841fb9948f1ebb041db87dd418e64df0ad36556e5c08ec793,verify_source_of_funds
candidate,19342d378d973b124563a7627ee9614d520d154294375f68550863b8c5ba98b0,verify_source_of_funds
candidate,1bd4503b84fddb1138784c679d4c967826ed1c82b8eb63f6f04f9c813c37e04d,verify_source_of_funds
candidate,1dc84d897d7cf8cb2413c384eacebfaeebaf2cb920beae8bc7ef736110b7c6a3,verify_source_of_funds
candidate,250e1d474e3c3669414d4bb67232b5ab65f86f8b4e62dcf7cef6e5f0aad93700,verify_source_of_funds
candidate,009e6d564b5b53e65f6b08b4962ccba166bc5b2246db80a32387228d931a6855,verify_top_up
candidate,01b532b4af280b11483901d565a326bfddba6d56993db33c9bd4d678a8e0fee8,verify_top_up
candidate,050361ea426b0f6b0112e67ab478d8fd6a90eb6f29c5f13b3d3ead5a14b0bc5a,verify_top_up
candidate,057cf734e4103531cf92e9a472744a2d9f575ecba420fd32f96e7130ff5c48cb,top_up_failed
candidate,066e395b1dccd59f358f9e26f66ede1d89a13172fbf3dcbb36708809947beb73,verify_top_up
candidate,0940de4e481c2b1684be8fc7ae36913f477d30a3bb60f979514a0c459fbfe26a,verify_top_up
candidate,0984e8c8bca2665290aac7c3f2cf669883b3f2590b222d1affdb38454f0f1726,verify_top_up
candidate,0bd99ea440b8f6485127c061387c2b1d880b477168d9f34ebc170407eca331d0,verify_top_up
candidate,1281640724cc8f2eb9b174e01088624957d33add636e35eaaf49d4eb83cce5c5,verify_top_up
candidate,12b1130f421aab0eb6ab8c0e9c4de1ea910ac1fcb3d000e098067dfd28236ae5,verify_top_up
candidate,190bc7eda681b42e3ad95cb1d2784834e4eb7df4cd908a711f8d191c6b223909,top_up_failed
candidate,19fa6c0efa5cac048e5475929c99fc4654d13b15c4152a53d49371d9953e8806,pending_top_up
candidate,1b0f9d82a215e9af80a12aa80269701893ce1b322bf35b46032d6710b7756e6c,verify_top_up
candidate,1b2fdc340feb9f5fde139ae3401e009eeea265bf47253259aac6061b3869aa63,verify_top_up
candidate,1e2603f931e1bbcae302a655b0cfc69657c34226d65c89fc202f5a6cc9fabff5,verify_top_up
candidate,1e76d12ab0c2169c96b1fb34160c92e17d1384ecefed05c41455a663c093e271,verify_top_up
candidate,21370ba8a20f116a3711374f94fa790b8b2097ce4f353b069c3dff525beac32d,verify_top_up
candidate,254b9b3b549c34b851a25591e782f4961d71a359f96bd55e25c43259f987574e,verify_top_up
candidate,2685e76328b966597f94ee75253048c6332730134e738444077d649dde980946,verify_top_up
candidate,27de5f79caeb28d452cdd9419108cf2ad70861eab6a7a582e8936e5eba037bd3,verify_top_up
candidate,2a2cdf98b9dc6eedb57136a74dff7178219cafda3a5a850981883e2f91facac2,verify_top_up
candidate,2d4b842e04cdc5e1f59adbf8759004fadbebb5c8176a1ea1f3fc0d3ae9292c7c,verify_top_up
candidate,33b520d628ad1a53df11636cbe59ea0cf207f29f488de63c0fd6b5618234f850,pending_top_up
candidate,35b2e4e9de3a5a047d4bb992dcec5853930dc5dd0cf218f36b7380b67c3e5081,verify_top_up
candidate,37105141bf00357dc49da767fab8fe98e7c6d0fd7284d41b72107f3272ad0343,verify_top_up
candidate,01b7c2cca44e42a3c5bae63aa065e19293ed7454c869a50b62f99ae6e491c6ae,virtual_card_not_working
candidate,099af86e62bc1bbc90d119b78c4cb4777b7235a576662a472699dcc4e521131a,getting_virtual_card
candidate,0a529aa22d5c7b197771c796233e4bd5081e93db19fc935ca09e519c8d89e2ca,virtual_card_not_working
candidate,0d2ae080b8203f559ac76ceac364d3da346c0fe8cc47c6d95b51b9ed9bfcde4d,get_disposable_virtual_card
candidate,0dfb2f0ec1bd031eb7e87ee5b6ae7623334e8f7842ff0ae23ec3f5fd71657cf2,virtual_card_not_working
candidate,19970c91c9cc443b66a9a27c7d810cf01f6874d9815760eac33121e123cad2f4,virtual_card_not_working
candidate,1bb301f39aca652c919cbdab71a4147dd0238ad4b7ab838136b7d1ced97d24dd,getting_virtual_card
candidate,1e6dd0fd827acf1ced11bee4829d6732230e20f4bfe405e037736e1bdb70fa53,getting_virtual_card
candidate,0049c3a19cfa12f09d226718c0d03519c339ac664129a9408c022a83b6e6bb19,visa_or_mastercard
candidate,0169336732066169fcdf729c8f5179a90889681bf50bdffbef4adaf74fe06dc0,visa_or_mastercard
candidate,01e234af9a021372d0acc7906d06630c017a269b0d80c42603b6f7463a65bce6,visa_or_mastercard
candidate,095726ac63bc0e649b427b4e3fae8f32bc58e20ba27ce3f2d1d73ef81ddd3e3e,visa_or_mastercard
candidate,09ff81011f0891c3dc33c1f58714b472302d7415d595d3df2ceeb9dc4becb493,visa_or_mastercard
candidate,0a6f42bd8d23390fa43a30ee641d7b6ed2f8f86eb7606a42c4e6421b7328667c,visa_or_mastercard
candidate,0db5905c972da6fb1906c9a50916082472579295296fdb66b1824831a7275dbd,visa_or_mastercard
candidate,0dc8a4ab19cf49d4118abda9930bcc370e0c762a6a8e4e9103feac87c0e6cbf2,visa_or_mastercard
candidate,0f9e0d199c69070e7446c31c064bc1a003207b4a9bbec91f63081fbca6d5ebb5,visa_or_mastercard
candidate,11d740a3b285f808ad440211e7941f35c8253ce9f8bd972cc147c47bf7c44664,visa_or_mastercard
candidate,130010394590b9d325cf5c8a6b28709e1d61cf79e19a13c721037d1687621526,supported_cards_and_currencies
candidate,141af9184e0ff0476cb916e56b255908babfda18fbe2400ee29c07b7d3181e46,visa_or_mastercard
candidate,15ce177b966b697fdc6fab1530cdc427f186e82ab36812206f80f21c14fd5864,visa_or_mastercard
candidate,175b91343b21902b9c1b165cff6689bb32947370e6e1b7f24cf04b6786f6f10c,visa_or_mastercard
candidate,18d0b84de994527ac61aaa11e47039eb3d59f8cf0fa408fd6ddcf3f17afe7b3e,why_verify_identity
candidate,1a1b7659a2725e8e9aded7a05a38b8fa4016d67592a904ad56b9ebd934edca0e,visa_or_mastercard
candidate,1b5c24361652281ac5fb2b7174224f034a2c8a5f4d496cc2978c61a21ef9a06d,visa_or_mastercard
candidate,2286cffb18bc6ca35086fc432633e5eb2403c4a58732c20cbbf8ec059ba355dd,visa_or_mastercard
candidate,253fe81d8148d8c276abdf9e7be569b7c27f05ee467afbfa31845c79a326d679,visa_or_mastercard
candidate,25801c7563fc08ddc962d5694f297f30cb3f45f62958ad1566b48f4af8a5fbd3,visa_or_mastercard
candidate,261695deca9b0475d6a45f2cb1b3593e035d5a060171791787ed7d8c3ae95d67,visa_or_mastercard
candidate,2999972cd962985c3e937ce4ffc2bc73e48f344d4dd9ce6705a3878494477e52,visa_or_mastercard
candidate,29ac33a3d77cb9dd2b76992012137d97183b825b6541c1e0a8ba9864b818fe99,visa_or_mastercard
candidate,2a08d6739014ff2e5f0ea48c0f3517546dbcbca141ca868bf325e894292657c0,visa_or_mastercard
candidate,2a17f64b0e1622271df008d24a4efe231e4d840442485804be19e46b8fad2cec,visa_or_mastercard
candidate,2b8258e988d90fa1d366ebade75b7f2ea5f3422edd9ff877de04a6f46a915ad4,visa_or_mastercard
candidate,2c4693b5699f6d63435cd15f7315bd25fb2142edfad651bf3b30e61b2004ddfa,visa_or_mastercard
candidate,0023d07146d84c052027ca7ef2f2e3da77ccc8eefd8c04c136a6f5a5838bbe1e,why_verify_identity
candidate,022ae20e1f6d1f831f15cfeebbb86f2946073f7568ef4c53d258069c19446a9c,why_verify_identity
candidate,02a6519e779c10cee8119de1c03dbe07b0c3cffaac8d0c309c53e0f86c08583f,why_verify_identity
candidate,04ac62ede4436be14959fc877dc1d77dbe3bb06705418df5ecc661f19c9678cc,why_verify_identity
candidate,04b8a6510dfd4f81863d50c7a24402a641040a8e55d7ad3fcd263388e7b6dbf4,unable_to_verify_identity
candidate,087ad670fefce061f38be245ddfd1b16c84a84d0fdf695e30468b34e60f2029a,why_verify_identity
candidate,0a3a89fc9583db0f276ddead229fce331c0ce095a56b2ca17b71d14a3a57e198,why_verify_identity
candidate,0c3154c0e8abc78b25de218cc80f8e5d60c267684a2f03dafa4d6144a5d6edfb,why_verify_identity
candidate,0d4ed5fafab0cb4493d20828e301b9b173f9eb0b0d2200286e6582da1805e7f6,why_verify_identity
candidate,0de8791799bdd7cbb5c44ba4852dc7eed551f866013fba8c02aa472e5a3313a0,why_verify_identity
candidate,0e154943a001a260b8c367bfa17c3e2b1dd6d6d70f1f693a0cd3ee154d1e751f,why_verify_identity
candidate,0fe12ea8e24001e978c583e074b1f91199c7fd312ae3ee9b40e32c98e03c10f2,why_verify_identity
candidate,10ff79233576d1a8c96fd8ab9e13431541c55354b099b8a3a8e4d9ea3030d10f,why_verify_identity
candidate,123b14d6fc608398b0d627efdc26649a838f44b91086db98123d09f30d845460,why_verify_identity
candidate,16e227759bca2a47023b400bb0b579071e474ba94328cba0da15da4ec1aa87b1,why_verify_identity
candidate,1a6840e21d336e48b1df074d65fe9e828cea72592a8333c05da16dc6b9e560e7,request_refund
candidate,1ad1f5dd99bd48d117fe155ea3edeb73a6e62c64e287e149d0405564efbfc44a,why_verify_identity
candidate,1ef1ebb971cd5476219fd494adac61d1a7829d54bd7da597d446f915582f7c50,why_verify_identity
candidate,2078e0982e096204c1e2c2c9f8ccd59add888cde075ba5f3983ccc794a7e886d,why_verify_identity
candidate,22169cf67f6c407d34a56a66d2281550470ac244208971ee400d0997a8908b55,why_verify_identity
candidate,222f7094b35d8857cf43eace888cbdb69e407a1c7fbe83de4fd823944a060e9d,why_verify_identity
candidate,27e08de05881a510e6950357993a9e8bc49229a77d4cfdaa558966ee39cb9a7b,why_verify_identity
candidate,283b78a4113f3769b3daad8e7352efd4d760ca7f489c062359332deb784762a5,unable_to_verify_identity
candidate,2c8b86e1d141d447388d277bf35cf6cafabbed84300760bbd4c234c4b3e46c82,why_verify_identity
candidate,005bc163e3dddc8752251463e5aff411562d62c2806ac1816372357f9a6d52c6,cancel_transfer
candidate,01e54d77bad8b62fb226eac5f0bb34d8a588fbbf69a7db1e3d5f28c3068deb57,declined_cash_withdrawal
candidate,0381f9e4668f08cf017908645933ad5068db195d3cad9a630c8a1369f2070f5d,wrong_amount_of_cash_received
candidate,04518a1c2a2b98f3ce89c3aca561140158c7e0e76a044f72e34ec7c2bb19b594,wrong_amount_of_cash_received
candidate,066b358ea15ab12416a008b4d8da648a328564f05b4e2596e6ee395d73d5450d,wrong_amount_of_cash_received
candidate,07c2e7640e62fc11bb0a0e4d736d19446ee978aa8aba99d5069e6d91260c9ba5,wrong_amount_of_cash_received
candidate,095456e13192b723ea3e1624d73f76005c412353572fb6bfb3e64d3ee8e322ae,wrong_amount_of_cash_received
candidate,0ad9dc511a1497fba75fce93dfb9efb522bcb52bb44f5217bc28211bca7a5ed1,wrong_amount_of_cash_received
candidate,0c5860c8ad402ccd915e1fb53745970543d99308eb736909c8cfc38b8daeb9cd,wrong_amount_of_cash_received
candidate,0eced8c76c625a7fe240b7a8184ad7087319b031dc1b65898a38564c65631dea,wrong_amount_of_cash_received
candidate,0f20d264b6ad531d1dfc687eed12cb49abcd82d6b9e60168e92da92e720e6ff6,wrong_amount_of_cash_received
candidate,10783260c83fb26d36adaa16a5222bf70442a43a7e44e0aee495a79079529b12,wrong_amount_of_cash_received
candidate,10a1cbbf7c9c99909a8cf6d341c35ae0855d7d0211ed64da3e3e6802c18cea31,declined_cash_withdrawal
candidate,11a28158b4804a9c54a349f6df14a8883a4dc76fb2ae466e4141e18488992981,wrong_amount_of_cash_received
candidate,166b6e2a7892bebffcd40fca148b1e65c1eea76886b8fab4e316c1e79ccc02bf,wrong_amount_of_cash_received
candidate,173221237ba94913e8fd2c453d943c86eda00be407a14d95efbc33d737f2583e,wrong_amount_of_cash_received
candidate,1939c03eec2f10d715fe1476fff6e1504a07d123465e4141af909edf2dde0505,declined_cash_withdrawal
candidate,1bb097546e7e359628f4c04cdf38eb596ab385ac5d5a43b170ca68809f388adc,wrong_amount_of_cash_received
candidate,1cb0fb93f235d009c33c4faa0935ebe828aeae9c483d85f0c69ad83b2bfab023,wrong_amount_of_cash_received
candidate,1cb3f92bc6b14ac29f68abd8fa2d52ced0305fb8b1fdae5622de0fef71344a86,wrong_amount_of_cash_received
candidate,1d35b8fb0a1a7e5a028dce19e3bff4901e19bc50553afa5a30743c937d239a7f,wrong_amount_of_cash_received
candidate,1fafc1e2167918f460ce3ef9571142128771c25f23ab25aa6341e61b4dddbf5a,wrong_amount_of_cash_received
candidate,20a8b7b484b4c3dea7cc8da0a288bc4984914f13ee337cc76add91720d5078bf,wrong_amount_of_cash_received
candidate,2285ba022e96a14c5efa53f52f913ca6d1061ea24668fc80e47cf9232d717868,wrong_amount_of_cash_received
candidate,23bb77f58971fd6d99780ff5953f1a1ccd71c1c25e364cb6499690ee337dfb1b,wrong_amount_of_cash_received
candidate,257675f1a3d8f9986bc440c4e3b35b4d1fe426193ba97b7e1256120fbd7b65d1,wrong_amount_of_cash_received
candidate,27c2b650ec9b75c2aaf072c5f07412123d336441e89e991711e8ec024a790227,wrong_amount_of_cash_received
candidate,27df69cb212f1d20ee1e930ad152d381da3207da5d47d44a120f19cdf425db5c,wrong_amount_of_cash_received
candidate,2b8d68a51aca174bd768dbc5f6b0d89bd243ff91c1ae58f88935d57ac24a1696,wrong_amount_of_cash_received
candidate,2d12af2b903de5b24fc03b78e4818d9d393205facf020283b629d672f17da672,wrong_amount_of_cash_received
candidate,2d9a7cbad81a30d47a498898e2fba18c443196b5d76cd50324e8a457d059d7ce,wrong_amount_of_cash_received
candidate,2df9171b753821d338b2836a311ec17cabbf5645e7ce4555cbe9bc16dc91c65c,wrong_amount_of_cash_received
candidate,2f8fbfba26c1d04dae65539f422cc1401c613c7b9dfb7c0ab6f3f320e4858ff8,wrong_amount_of_cash_received
candidate,30fba8aded9a09a6d9b45571944f6fcb755021c865f09b7317555eb76824d76d,wrong_amount_of_cash_received
candidate,31615f30022c13ea2c144f35dac1a340b0cee9e832a506e9153066c2fc6a12a1,wrong_amount_of_cash_received
candidate,324514e6b947a86d70213fd14bd5dee3b13f929b2b34a3329016eb4db1cd36da,wrong_amount_of_cash_received
candidate,00c4c527659c793d1e5aa1fd6e2951a3110f14c8ee2e68f6827a94fab162df39,wrong_exchange_rate_for_cash_withdrawal
candidate,03b9dfdaf67f6e8d2ed12b01a95aebd41c55656a84d18532e59110b5b91a8fcc,wrong_exchange_rate_for_cash_withdrawal
candidate,05674977e9dbad4aa06ea35d301417548d45f417bd2548f061d096c2a6619257,wrong_exchange_rate_for_cash_withdrawal
candidate,0780b843318666b29ae6ad0c6cb17b4dc2c95f8f0c61db9eea690f180b69dd02,wrong_exchange_rate_for_cash_withdrawal
candidate,0aade77c0d0b9a790d4cec3853464f9a3a1bf6787fdb454bb1198486f652e85e,wrong_exchange_rate_for_cash_withdrawal
candidate,0c17441af4fdb83c062366a1014c48f5e88d4eef9a9cef140448d0458ed156e0,wrong_exchange_rate_for_cash_withdrawal
candidate,0def1ee079c81060f1c1d1698f3b602c38d997969f9e2b187e59b2680231beae,wrong_exchange_rate_for_cash_withdrawal
candidate,106ece10f9bd51507726877e172b9d7a8c5bec1f92e35178c077f427ed42d823,request_refund
candidate,10ad9a33aa8f9ba865d31126aaf1a7fef1a5d11e87d3b4fbb2d281b568911886,wrong_amount_of_cash_received
candidate,11482aa0e4e8df21b2f6f0120ecce24e019110ce27d1fe5093703bb7a4c305bb,declined_cash_withdrawal
candidate,11953d1ba6de4198b2ddf7ecdfd8010206a561fad895db1ee28c64eaa2adeb0e,wrong_exchange_rate_for_cash_withdrawal
candidate,11f6eda34c45edbb86ec4a107a4c94c88d65aadc9ba6311d726da4e7da703292,wrong_exchange_rate_for_cash_withdrawal
candidate,167254887a64c196d5367a504efabebdbf75c0530883a1bd751ff0ec8c9e9ddc,wrong_exchange_rate_for_cash_withdrawal
candidate,1799f051da517be546efd2b58657d39dc7bd72ef2f1d950e77b875e500713f8f,wrong_exchange_rate_for_cash_withdrawal
candidate,17deecd32f61d88a156202e8fac802cdf640cde84131ee9e2c8717e382b59eff,cash_withdrawal_charge
candidate,18f219b8146f324e0502374bc3f1ff895017978176fa4433e810d9a349d8ffc3,wrong_exchange_rate_for_cash_withdrawal
candidate,1ad99ec524d08c3ebc4c013141bd8b9123ad5dc786cefb66a2ba7c605f23ec32,wrong_exchange_rate_for_cash_withdrawal
candidate,1c8f455a0d63c09f0762a8af131fb8b39c13a75ec6b25a25d9f6cca8857474c0,wrong_exchange_rate_for_cash_withdrawal
candidate,1e9c8fa67e802c287184ffde128eb77b860bec0485399d453859a3763e9b6240,wrong_exchange_rate_for_cash_withdrawal
candidate,1f41786918864b60920e87aa199f4eac5327f8a432012b88a7d78f57cdfd775f,wrong_exchange_rate_for_cash_withdrawal
candidate,1f63151c71c3f2f98b625be369fc51a005d91c90e7225d7bb16f1d714fdb747e,exchange_rate
candidate,219e18148f3fc1aa678d7b3267a610fb50cecec6dbfaa8b435bc080cf10187e5,wrong_exchange_rate_for_cash_withdrawal
candidate,21b5d4152939b59a32af9d7f8921fa38de22e944367bb2bc804aff4845f167d8,wrong_exchange_rate_for_cash_withdrawal
candidate,22f57222513cb6cddd4e8e296fb367045a62e421da032717bb8f3a82792529bc,wrong_exchange_rate_for_cash_withdrawal
candidate,2368baa0f9bf1c369a578979ca8e60bdd3c94b0c9f4d641beae663bdaa6a5cc0,cash_withdrawal_charge
candidate,26a32bddc74cd2311aaa8339d0a60b7b02d77d7465551d128bc2b19edbbdfb3f,wrong_exchange_rate_for_cash_withdrawal
candidate,26f0f043e7344189cbfc70188115c7ea088b427bc5ee705fe56d51dac7f76b30,wrong_exchange_rate_for_cash_withdrawal
candidate,27222dfb5b3115426a601f21fec230e9ee127163236dd60eced8febcebbc2331,wrong_exchange_rate_for_cash_withdrawal
candidate,2857623395f194dc7aac906044a0056365603fd20e6dd7750f2ac32ebc1cf97b,wrong_exchange_rate_for_cash_withdrawal
candidate,289a1d8ccb96d9053552dc694e2f918a20426c82b47a147fa6aa201c9c62b2db,wrong_exchange_rate_for_cash_withdrawal
candidate,28c95eff68202d488b56410be4400feb73ae2856d43f7cb3bfd48f5069a0ef53,wrong_exchange_rate_for_cash_withdrawal
candidate,301923f56c1b410484e0b8563badbf68fdd607daf1a21a97b7c5ab1089371684,wrong_exchange_rate_for_cash_withdrawal
